loan_date,loan_type,credit_type,risk_level,product,platform,media,loan_utilization_bucket,loan_order_cnt,loan_customer_cnt,loan_amt_sum,credit_limit_sum,fpd0_numerator,fpd0_denominator,fpd0_amt_numerator,fpd0_amt_denominator,fpd10_numerator,fpd10_denominator,fpd10_amt_numerator,fpd10_amt_denominator
2026-08-26,01_棣栫瑪鏀炬,01_棣栨鎺堜俊,RG4,CL_05,Android,Facebook,02_100%鍙婁互涓?11,11,4400000.0,4400000.0,0,0,0.0,0.0,0,0,0.0,0.0
2026-07-19,01_棣栫瑪鏀炬,02_闈為娆℃巿淇?RG2,CL_05,Android,Tiktok,02_100%鍙婁互涓?1,1,1200000.0,1200000.0,0,1,0.0,1200000.0,0,1,0.0,1200000.0
2026-08-18,01_棣栫瑪鏀炬,01_棣栨鎺堜俊,RG5,CL_05,Android,Tiktok,02_100%鍙婁互涓?1,1,300000.0,300000.0,0,1,0.0,300000.0,0,0,0.0,0.0
2026-08-07,01_棣栫瑪鏀炬,01_棣栨鎺堜俊,RG3,CL_05,iOS,Organic,02_100%鍙婁互涓?3,3,3400000.0,3200000.0,2,3,2400000.0,3400000.0,2,3,2400000.0,3400000.0
2026-07-29,01_棣栫瑪鏀炬,01_棣栨鎺堜俊,RG1,CL_01,iOS,Organic,02_100%鍙婁互涓?5,5,1.39E7,1.33E7,0,5,0.0,1.39E7,0,5,0.0,1.39E7
2026-08-13,01_棣栫瑪鏀炬,01_棣栨鎺堜俊,RG0,CL_01,iOS,Organic,02_100%鍙婁互涓?1,1,4000000.0,4000000.0,1,1,4000000.0,4000000.0,0,1,0.0,4000000.0
2026-08-06,01_棣栫瑪鏀炬,01_棣栨鎺堜俊,RG3,CL_05,iOS,ASA,02_100%鍙婁互涓?2,2,2000000.0,2000000.0,0,2,0.0,2000000.0,0,2,0.0,2000000.0
2026-08-04,01_棣栫瑪鏀炬,01_棣栨鎺堜俊,RG1,CL_01,iOS,Organic,02_100%鍙婁互涓?1,1,2500000.0,2500000.0,0,1,0.0,2500000.0,0,1,0.0,2500000.0
2026-08-10,01_棣栫瑪鏀炬,02_闈為娆℃巿淇?RG1,CL_01,iOS,Organic,02_100%鍙婁互涓?1,1,2500000.0,2500000.0,1,1,2500000.0,2500000.0,0,1,0.0,2500000.0
2026-08-11,01_棣栫瑪鏀炬,01_棣栨鎺堜俊,RG0,CL_06,iOS,Tiktok,02_100%鍙婁互涓?1,1,6000000.0,6000000.0,0,1,0.0,6000000.0,0,1,0.0,6000000.0
2026-07-29,01_棣栫瑪鏀炬,02_闈為娆℃巿淇?RG3,CL_05,Android,Google,02_100%鍙婁互涓?1,1,800000.0,800000.0,0,1,0.0,800000.0,0,1,0.0,800000.0
2026-07-14,01_棣栫瑪鏀炬,01_棣栨鎺堜俊,RG5,CL_04,Android,Facebook,02_100%鍙婁互涓?4,4,1400000.0,1400000.0,1,4,300000.0,1400000.0,0,4,0.0,1400000.0
2026-08-18,01_棣栫瑪鏀炬,01_棣栨鎺堜俊,RG3,CL_05,iOS,Facebook,02_100%鍙婁互涓?4,4,3600000.0,3600000.0,1,4,800000.0,3600000.0,0,0,0.0,0.0
2026-07-20,01_棣栫瑪鏀炬,02_闈為娆℃巿淇?RG4,CL_05,Android,Tiktok,02_100%鍙婁互涓?1,1,400000.0,400000.0,0,1,0.0,400000.0,0,1,0.0,400000.0
2026-07-17,01_棣栫瑪鏀炬,01_棣栨鎺堜俊,RG5,CL_05,iOS,Facebook,02_100%鍙婁互涓?4,4,1800000.0,1400000.0,2,4,1000000.0,1800000.0,2,4,1000000.0,1800000.0
2026-07-19,01_棣栫瑪鏀炬,01_棣栨鎺堜俊,RG1,CL_01,iOS,Organic,02_100%鍙婁互涓?3,3,9300000.0,8300000.0,0,3,0.0,9300000.0,0,3,0.0,9300000.0
2026-07-18,01_棣栫瑪鏀炬,02_闈為娆℃巿淇?RG3,CL_05,Android,Organic,02_100%鍙婁互涓?1,1,600000.0,600000.0,1,1,600000.0,600000.0,1,1,600000.0,600000.0
2026-07-20,01_棣栫瑪鏀炬,02_闈為娆℃巿淇?RG5,CL_05,iOS,Organic,01_100%浠ヤ笅,1,1,300000.0,400000.0,1,1,300000.0,300000.0,0,1,0.0,300000.0
2026-07-15,01_棣栫瑪鏀炬,01_棣栨鎺堜俊,RG3,CL_04,Android,Facebook,02_100%鍙婁互涓?2,2,1500000.0,1400000.0,1,2,600000.0,1500000.0,1,2,600000.0,1500000.0
2026-07-29,01_棣栫瑪鏀炬,01_棣栨鎺堜俊,RG4,CL_05,Android,ASA,02_100%鍙婁互涓?1,1,800000.0,800000.0,1,1,800000.0,800000.0,1,1,800000.0,800000.0
2026-08-23,01_棣栫瑪鏀炬,01_棣栨鎺堜俊,RG5,CL_05,iOS,Google,02_100%鍙婁互涓?2,2,1000000.0,800000.0,1,2,400000.0,1000000.0,0,0,0.0,0.0
2026-07-26,01_棣栫瑪鏀炬,01_棣栨鎺堜俊,RG2,CL_05,iOS,Facebook,02_100%鍙婁互涓?1,1,1800000.0,1200000.0,0,1,0.0,1800000.0,0,1,0.0,1800000.0
2026-08-10,01_棣栫瑪鏀炬,01_棣栨鎺堜俊,RG4,CL_05,Android,Facebook,02_100%鍙婁互涓?19,19,1.06E7,1.02E7,12,19,7200000.0,1.06E7,10,19,5600000.0,1.06E7
2026-08-17,01_棣栫瑪鏀炬,02_闈為娆℃巿淇?RG1,CL_01,Android,Google,02_100%鍙婁互涓?1,1,1500000.0,1500000.0,0,1,0.0,1500000.0,0,0,0.0,0.0
2026-08-06,01_棣栫瑪鏀炬,01_棣栨鎺堜俊,RG7,CL_03,Android,Facebook,02_100%鍙婁互涓?1,1,300000.0,300000.0,0,1,0.0,300000.0,0,1,0.0,300000.0
2026-07-26,01_棣栫瑪鏀炬,01_棣栨鎺堜俊,RG5,CL_05,Android,Facebook,02_100%鍙婁互涓?11,11,3600000.0,3600000.0,7,11,2300000.0,3600000.0,5,11,1700000.0,3600000.0
2026-08-13,01_棣栫瑪鏀炬,01_棣栨鎺堜俊,RG2,CL_07,Android,Organic,02_100%鍙婁互涓?2,2,3000000.0,2400000.0,0,2,0.0,3000000.0,0,2,0.0,3000000.0
2026-08-14,01_棣栫瑪鏀炬,02_闈為娆℃巿淇?RG3,CL_05,Android,Organic,02_100%鍙婁互涓?1,1,800000.0,800000.0,1,1,800000.0,800000.0,0,0,0.0,0.0
2026-08-20,01_棣栫瑪鏀炬,02_闈為娆℃巿淇?RG5,CL_05,Android,Google,02_100%鍙婁互涓?1,1,400000.0,400000.0,0,1,0.0,400000.0,0,0,0.0,0.0
2026-08-12,01_棣栫瑪鏀炬,02_闈為娆℃巿淇?RG5,CL_05,iOS,Organic,01_100%浠ヤ笅,1,1,300000.0,400000.0,0,1,0.0,300000.0,0,1,0.0,300000.0
2026-08-03,01_棣栫瑪鏀炬,02_闈為娆℃巿淇?RG7,CL_05,Android,Facebook,02_100%鍙婁互涓?2,2,600000.0,600000.0,2,2,600000.0,600000.0,2,2,600000.0,600000.0
2026-07-23,01_棣栫瑪鏀炬,01_棣栨鎺堜俊,RG4,CL_05,Android,Tiktok,02_100%鍙婁互涓?4,4,1800000.0,1800000.0,2,4,1000000.0,1800000.0,2,4,1000000.0,1800000.0
2026-09-04,01_棣栫瑪鏀炬,01_棣栨鎺堜俊,RG1,CL_01,iOS,Organic,02_100%鍙婁互涓?2,2,7800000.0,6600000.0,0,0,0.0,0.0,0,0,0.0,0.0
2026-08-11,01_棣栫瑪鏀炬,01_棣栨鎺堜俊,RG1,CL_01,Android,Organic,02_100%鍙婁互涓?1,1,1500000.0,1500000.0,1,1,1500000.0,1500000.0,1,1,1500000.0,1500000.0
2026-08-01,01_棣栫瑪鏀炬,01_棣栨鎺堜俊,RG5,CL_05,Android,Tiktok,02_100%鍙婁互涓?5,5,1700000.0,1700000.0,2,5,700000.0,1700000.0,2,5,700000.0,1700000.0
2026-08-08,01_棣栫瑪鏀炬,01_棣栨鎺堜俊,RG3,CL_03,iOS,Organic,02_100%鍙婁互涓?1,1,800000.0,800000.0,0,1,0.0,800000.0,0,1,0.0,800000.0
2026-07-10,01_棣栫瑪鏀炬,01_棣栨鎺堜俊,RG3,CL_03,Android,Facebook,02_100%鍙婁互涓?3,3,2000000.0,2000000.0,2,3,1400000.0,2000000.0,2,3,1400000.0,2000000.0
2026-08-18,01_棣栫瑪鏀炬,01_棣栨鎺堜俊,RG2,CL_07,Android,Organic,02_100%鍙婁互涓?1,1,1200000.0,1200000.0,0,1,0.0,1200000.0,0,0,0.0,0.0
2026-08-08,01_棣栫瑪鏀炬,02_闈為娆℃巿淇?RG4,CL_05,Android,Google,02_100%鍙婁互涓?5,5,2800000.0,2800000.0,2,5,1200000.0,2800000.0,2,5,1200000.0,2800000.0
2026-07-27,01_棣栫瑪鏀炬,01_棣栨鎺堜俊,RG2,CL_05,iOS,Organic,02_100%鍙婁互涓?2,2,2400000.0,2400000.0,1,2,1200000.0,2400000.0,1,2,1200000.0,2400000.0
2026-08-14,01_棣栫瑪鏀炬,02_闈為娆℃巿淇?RG1,CL_01,Android,Facebook,02_100%鍙婁互涓?1,1,1500000.0,1500000.0,0,1,0.0,1500000.0,0,0,0.0,0.0
2026-07-30,01_棣栫瑪鏀炬,01_棣栨鎺堜俊,RG5,CL_03,Android,Facebook,02_100%鍙婁互涓?1,1,400000.0,400000.0,0,1,0.0,400000.0,0,1,0.0,400000.0
2026-07-15,01_棣栫瑪鏀炬,01_棣栨鎺堜俊,RG4,CL_04,Android,Facebook,02_100%鍙婁互涓?3,3,1200000.0,1200000.0,1,3,400000.0,1200000.0,1,3,400000.0,1200000.0
2026-08-30,01_棣栫瑪鏀炬,01_棣栨鎺堜俊,RG3,CL_05,Android,Tiktok,02_100%鍙婁互涓?5,5,3900000.0,3600000.0,0,0,0.0,0.0,0,0,0.0,0.0
2026-09-05,01_棣栫瑪鏀炬,02_闈為娆℃巿淇?RG2,CL_07,Android,ASA,02_100%鍙婁互涓?1,1,1500000.0,1500000.0,0,0,0.0,0.0,0,0,0.0,0.0
2026-07-21,01_棣栫瑪鏀炬,01_棣栨鎺堜俊,RG4,CL_05,Android,Google,02_100%鍙婁互涓?6,6,3000000.0,3000000.0,2,6,1000000.0,3000000.0,2,6,1000000.0,3000000.0
2026-07-18,01_棣栫瑪鏀炬,01_棣栨鎺堜俊,RG2,CL_05,Android,Facebook,02_100%鍙婁互涓?3,3,3600000.0,3600000.0,0,3,0.0,3600000.0,0,3,0.0,3600000.0
2026-08-03,01_棣栫瑪鏀炬,02_闈為娆℃巿淇?RG5,CL_05,iOS,ASA,02_100%鍙婁互涓?1,1,400000.0,400000.0,0,1,0.0,400000.0,0,1,0.0,400000.0
2026-09-07,01_棣栫瑪鏀炬,01_棣栨鎺堜俊,RG1,CL_01,Android,Facebook,02_100%鍙婁互涓?5,5,9000000.0,8500000.0,0,0,0.0,0.0,0,0,0.0,0.0
2026-07-20,01_棣栫瑪鏀炬,02_闈為娆℃巿淇?RG2,CL_05,Android,Facebook,02_100%鍙婁互涓?1,1,1200000.0,1200000.0,0,1,0.0,1200000.0,0,1,0.0,1200000.0
2026-07-12,01_棣栫瑪鏀炬,02_闈為娆℃巿淇?RG4,CL_04,Android,Facebook,02_100%鍙婁互涓?1,1,600000.0,600000.0,1,1,600000.0,600000.0,1,1,600000.0,600000.0
2026-08-07,01_棣栫瑪鏀炬,02_闈為娆℃巿淇?RG5,CL_05,Android,Facebook,02_100%鍙婁互涓?5,5,2000000.0,2000000.0,3,5,1200000.0,2000000.0,1,5,400000.0,2000000.0
2026-08-05,01_棣栫瑪鏀炬,01_棣栨鎺堜俊,RG1,CL_01,Android,Facebook,02_100%鍙婁互涓?3,3,4000000.0,4000000.0,0,3,0.0,4000000.0,0,3,0.0,4000000.0
2026-08-31,01_棣栫瑪鏀炬,01_棣栨鎺堜俊,RG7,CL_05,Android,Facebook,02_100%鍙婁互涓?1,1,300000.0,300000.0,0,0,0.0,0.0,0,0,0.0,0.0
2026-08-11,01_棣栫瑪鏀炬,01_棣栨鎺堜俊,RG5,CL_05,iOS,Tiktok,02_100%鍙婁互涓?3,3,1200000.0,1000000.0,2,3,900000.0,1200000.0,1,3,600000.0,1200000.0
2026-07-31,01_棣栫瑪鏀炬,01_棣栨鎺堜俊,RG4,CL_05,Android,Organic,02_100%鍙婁互涓?2,2,1000000.0,1000000.0,1,2,600000.0,1000000.0,1,2,600000.0,1000000.0
2026-08-11,01_棣栫瑪鏀炬,02_闈為娆℃巿淇?RG5,CL_05,iOS,Organic,02_100%鍙婁互涓?7,7,2700000.0,2500000.0,5,7,2100000.0,2700000.0,3,7,1200000.0,2700000.0
2026-07-10,01_棣栫瑪鏀炬,02_闈為娆℃巿淇?RG5,CL_03,iOS,Organic,02_100%鍙婁互涓?1,1,300000.0,300000.0,1,1,300000.0,300000.0,1,1,300000.0,300000.0
2026-08-29,01_棣栫瑪鏀炬,01_棣栨鎺堜俊,RG5,CL_05,iOS,Organic,02_100%鍙婁互涓?2,2,900000.0,700000.0,0,0,0.0,0.0,0,0,0.0,0.0
2026-09-06,01_棣栫瑪鏀炬,01_棣栨鎺堜俊,RG0,CL_06,iOS,Tiktok,02_100%鍙婁互涓?1,1,6000000.0,6000000.0,0,0,0.0,0.0,0,0,0.0,0.0
2026-08-21,01_棣栫瑪鏀炬,01_棣栨鎺堜俊,RG1,CL_01,Android,Organic,02_100%鍙婁互涓?1,1,1500000.0,1500000.0,0,1,0.0,1500000.0,0,0,0.0,0.0
2026-08-05,01_棣栫瑪鏀炬,01_棣栨鎺堜俊,RG4,CL_05,Android,Google,01_100%浠ヤ笅,2,2,600000.0,1000000.0,0,2,0.0,600000.0,0,2,0.0,600000.0
2026-07-28,01_棣栫瑪鏀炬,01_棣栨鎺堜俊,RG2,CL_03,Android,Facebook,01_100%浠ヤ笅,1,1,500000.0,800000.0,0,1,0.0,500000.0,0,1,0.0,500000.0
2026-08-20,01_棣栫瑪鏀炬,01_棣栨鎺堜俊,RG5,CL_05,iOS,ASA,00_棰濆害缂哄け,1,1,400000.0,0.0,0,1,0.0,400000.0,0,0,0.0,0.0
2026-07-12,01_棣栫瑪鏀炬,02_闈為娆℃巿淇?RG3,CL_04,Android,Facebook,02_100%鍙婁互涓?2,2,1400000.0,1400000.0,1,2,600000.0,1400000.0,1,2,600000.0,1400000.0
2026-07-20,01_棣栫瑪鏀炬,01_棣栨鎺堜俊,RG4,CL_05,Android,Google,01_100%浠ヤ笅,2,2,600000.0,1200000.0,0,2,0.0,600000.0,0,2,0.0,600000.0
2026-09-02,01_棣栫瑪鏀炬,02_闈為娆℃巿淇?RG2,CL_07,Android,Tiktok,01_100%浠ヤ笅,1,1,1000000.0,1200000.0,0,0,0.0,0.0,0,0,0.0,0.0
2026-07-30,01_棣栫瑪鏀炬,01_棣栨鎺堜俊,RG3,CL_05,iOS,ASA,02_100%鍙婁互涓?4,4,4400000.0,4400000.0,0,4,0.0,4400000.0,0,4,0.0,4400000.0
2026-07-15,01_棣栫瑪鏀炬,01_棣栨鎺堜俊,RG5,CL_04,Android,Organic,02_100%鍙婁互涓?1,1,400000.0,400000.0,0,1,0.0,400000.0,0,1,0.0,400000.0
2026-09-05,01_棣栫瑪鏀炬,01_棣栨鎺堜俊,RG2,CL_07,Android,Facebook,02_100%鍙婁互涓?2,2,2700000.0,2700000.0,0,0,0.0,0.0,0,0,0.0,0.0
2026-08-28,01_棣栫瑪鏀炬,02_闈為娆℃巿淇?RG5,CL_05,iOS,Facebook,02_100%鍙婁互涓?1,1,300000.0,300000.0,0,0,0.0,0.0,0,0,0.0,0.0
2026-07-25,01_棣栫瑪鏀炬,02_闈為娆℃巿淇?RG5,CL_05,iOS,Facebook,02_100%鍙婁互涓?2,2,800000.0,800000.0,1,2,400000.0,800000.0,1,2,400000.0,800000.0
2026-08-22,01_棣栫瑪鏀炬,01_棣栨鎺堜俊,RG5,CL_05,iOS,ASA,02_100%鍙婁互涓?2,2,700000.0,700000.0,0,2,0.0,700000.0,0,0,0.0,0.0
2026-08-17,01_棣栫瑪鏀炬,01_棣栨鎺堜俊,RG5,CL_05,iOS,Facebook,02_100%鍙婁互涓?5,5,1900000.0,1700000.0,2,5,800000.0,1900000.0,0,0,0.0,0.0
2026-07-15,01_棣栫瑪鏀炬,02_闈為娆℃巿淇?RG5,CL_03,iOS,Organic,02_100%鍙婁互涓?4,4,1400000.0,1200000.0,3,4,900000.0,1400000.0,1,4,300000.0,1400000.0
2026-07-16,01_棣栫瑪鏀炬,01_棣栨鎺堜俊,RG5,CL_04,iOS,Facebook,02_100%鍙婁互涓?1,1,400000.0,400000.0,0,1,0.0,400000.0,0,1,0.0,400000.0
2026-07-12,01_棣栫瑪鏀炬,01_棣栨鎺堜俊,RG3,CL_03,iOS,Facebook,02_100%鍙婁互涓?1,1,800000.0,800000.0,0,1,0.0,800000.0,0,1,0.0,800000.0
2026-08-05,01_棣栫瑪鏀炬,01_棣栨鎺堜俊,RG4,CL_05,Android,Organic,02_100%鍙婁互涓?5,5,2400000.0,2400000.0,4,5,2000000.0,2400000.0,2,5,1000000.0,2400000.0
2026-08-30,01_棣栫瑪鏀炬,01_棣栨鎺堜俊,RG2,CL_07,Android,Facebook,02_100%鍙婁互涓?1,1,1200000.0,1200000.0,0,0,0.0,0.0,0,0,0.0,0.0
2026-08-05,01_棣栫瑪鏀炬,01_棣栨鎺堜俊,RG5,CL_05,Android,Google,02_100%鍙婁互涓?28,28,9900000.0,9900000.0,12,28,4200000.0,9900000.0,12,28,4200000.0,9900000.0
2026-07-13,01_棣栫瑪鏀炬,01_棣栨鎺堜俊,RG5,CL_03,iOS,Facebook,02_100%鍙婁互涓?1,1,300000.0,300000.0,1,1,300000.0,300000.0,1,1,300000.0,300000.0
2026-08-10,01_棣栫瑪鏀炬,01_棣栨鎺堜俊,RG1,CL_01,iOS,Tiktok,02_100%鍙婁互涓?1,1,2500000.0,2500000.0,0,1,0.0,2500000.0,0,1,0.0,2500000.0
2026-08-20,01_棣栫瑪鏀炬,01_棣栨鎺堜俊,RG1,CL_01,iOS,Google,02_100%鍙婁互涓?1,1,2500000.0,2500000.0,1,1,2500000.0,2500000.0,0,0,0.0,0.0
2026-07-20,01_棣栫瑪鏀炬,01_棣栨鎺堜俊,RG3,CL_05,Android,Google,01_100%浠ヤ笅,1,1,500000.0,600000.0,1,1,500000.0,500000.0,0,1,0.0,500000.0
2026-07-23,01_棣栫瑪鏀炬,02_闈為娆℃巿淇?RG7,CL_05,Android,Facebook,02_100%鍙婁互涓?3,3,900000.0,900000.0,1,3,300000.0,900000.0,1,3,300000.0,900000.0
2026-08-31,01_棣栫瑪鏀炬,02_闈為娆℃巿淇?RG5,CL_05,iOS,Facebook,02_100%鍙婁互涓?1,1,300000.0,300000.0,0,0,0.0,0.0,0,0,0.0,0.0
2026-08-23,01_棣栫瑪鏀炬,01_棣栨鎺堜俊,RG2,CL_07,Android,Facebook,02_100%鍙婁互涓?2,2,2400000.0,2400000.0,0,2,0.0,2400000.0,0,0,0.0,0.0
2026-07-19,01_棣栫瑪鏀炬,02_闈為娆℃巿淇?RG6,CL_05,Android,Organic,02_100%鍙婁互涓?3,3,900000.0,900000.0,3,3,900000.0,900000.0,1,3,300000.0,900000.0
2026-08-21,01_棣栫瑪鏀炬,01_棣栨鎺堜俊,RG3,CL_05,Android,Google,02_100%鍙婁互涓?28,28,1.94E7,1.92E7,12,27,8300000.0,1.86E7,0,0,0.0,0.0
2026-07-31,01_棣栫瑪鏀炬,01_棣栨鎺堜俊,RG5,CL_05,iOS,ASA,02_100%鍙婁互涓?3,3,900000.0,900000.0,1,3,300000.0,900000.0,0,3,0.0,900000.0
2026-08-18,01_棣栫瑪鏀炬,01_棣栨鎺堜俊,RG2,CL_05,Android,Organic,02_100%鍙婁互涓?4,4,4600000.0,4600000.0,1,4,1200000.0,4600000.0,0,0,0.0,0.0
2026-08-18,01_棣栫瑪鏀炬,01_棣栨鎺堜俊,RG1,CL_01,iOS,Organic,02_100%鍙婁互涓?3,3,8100000.0,7500000.0,2,3,5600000.0,8100000.0,0,0,0.0,0.0
2026-07-23,01_棣栫瑪鏀炬,02_闈為娆℃巿淇?RG6,CL_05,Android,Facebook,02_100%鍙婁互涓?4,4,1300000.0,1300000.0,3,4,1000000.0,1300000.0,3,4,1000000.0,1300000.0
2026-07-21,01_棣栫瑪鏀炬,02_闈為娆℃巿淇?RG5,CL_05,iOS,Organic,02_100%鍙婁互涓?4,4,1300000.0,1300000.0,1,4,400000.0,1300000.0,0,4,0.0,1300000.0
2026-07-30,01_棣栫瑪鏀炬,01_棣栨鎺堜俊,RG1,CL_01,Android,Organic,02_100%鍙婁互涓?1,1,1000000.0,1000000.0,1,1,1000000.0,1000000.0,0,1,0.0,1000000.0
2026-08-29,01_棣栫瑪鏀炬,01_棣栨鎺堜俊,RG4,CL_05,Android,Tiktok,01_100%浠ヤ笅,1,1,300000.0,600000.0,0,0,0.0,0.0,0,0,0.0,0.0
2026-08-01,01_棣栫瑪鏀炬,01_棣栨鎺堜俊,RG6,CL_05,Android,Tiktok,02_100%鍙婁互涓?1,1,300000.0,300000.0,0,1,0.0,300000.0,0,1,0.0,300000.0
2026-08-18,01_棣栫瑪鏀炬,01_棣栨鎺堜俊,RG0,CL_01,iOS,Organic,02_100%鍙婁互涓?1,1,4000000.0,4000000.0,0,1,0.0,4000000.0,0,0,0.0,0.0
2026-08-02,01_棣栫瑪鏀炬,02_闈為娆℃巿淇?RG6,CL_05,Android,Facebook,02_100%鍙婁互涓?1,1,300000.0,300000.0,1,1,300000.0,300000.0,1,1,300000.0,300000.0
2026-08-03,01_棣栫瑪鏀炬,02_闈為娆℃巿淇?RG5,CL_05,Android,Google,02_100%鍙婁互涓?5,5,1800000.0,1800000.0,3,5,1000000.0,1800000.0,3,5,1000000.0,1800000.0
2026-07-29,01_棣栫瑪鏀炬,02_闈為娆℃巿淇?RG5,CL_05,Android,Organic,02_100%鍙婁互涓?2,2,700000.0,700000.0,0,2,0.0,700000.0,0,2,0.0,700000.0
2026-07-22,01_棣栫瑪鏀炬,01_棣栨鎺堜俊,RG4,CL_05,Android,Tiktok,01_100%浠ヤ笅,1,1,500000.0,600000.0,0,1,0.0,500000.0,0,1,0.0,500000.0
2026-08-10,01_棣栫瑪鏀炬,01_棣栨鎺堜俊,RG4,CL_05,Android,Google,02_100%鍙婁互涓?24,24,1.2E7,1.2E7,13,24,6600000.0,1.2E7,13,24,6600000.0,1.2E7
2026-08-06,01_棣栫瑪鏀炬,02_闈為娆℃巿淇?RG5,CL_05,iOS,Organic,02_100%鍙婁互涓?12,12,4200000.0,4000000.0,7,12,2500000.0,4200000.0,6,12,2200000.0,4200000.0
2026-08-12,01_棣栫瑪鏀炬,01_棣栨鎺堜俊,RG5,CL_05,Android,Facebook,02_100%鍙婁互涓?9,9,3200000.0,3200000.0,4,9,1400000.0,3200000.0,3,9,1000000.0,3200000.0
2026-08-04,01_棣栫瑪鏀炬,01_棣栨鎺堜俊,RG6,CL_05,Android,Tiktok,02_100%鍙婁互涓?1,1,300000.0,300000.0,1,1,300000.0,300000.0,1,1,300000.0,300000.0
2026-08-12,01_棣栫瑪鏀炬,01_棣栨鎺堜俊,RG1,CL_01,Android,Google,02_100%鍙婁互涓?1,1,1500000.0,1500000.0,0,1,0.0,1500000.0,0,1,0.0,1500000.0
2026-08-23,01_棣栫瑪鏀炬,02_闈為娆℃巿淇?RG4,CL_05,Android,Organic,02_100%鍙婁互涓?1,1,500000.0,500000.0,0,1,0.0,500000.0,0,0,0.0,0.0
2026-08-18,01_棣栫瑪鏀炬,01_棣栨鎺堜俊,RG7,CL_05,Android,Tiktok,02_100%鍙婁互涓?1,1,300000.0,300000.0,1,1,300000.0,300000.0,0,0,0.0,0.0
2026-08-19,01_棣栫瑪鏀炬,01_棣栨鎺堜俊,RG2,CL_07,Android,Organic,02_100%鍙婁互涓?1,1,1800000.0,1200000.0,1,1,1800000.0,1800000.0,0,0,0.0,0.0
2026-08-31,01_棣栫瑪鏀炬,02_闈為娆℃巿淇?RG2,CL_07,Android,Facebook,02_100%鍙婁互涓?1,1,1800000.0,1200000.0,0,0,0.0,0.0,0,0,0.0,0.0
2026-08-21,01_棣栫瑪鏀炬,01_棣栨鎺堜俊,RG2,CL_07,iOS,Organic,02_100%鍙婁互涓?3,3,5200000.0,4800000.0,1,3,1800000.0,5200000.0,0,0,0.0,0.0
2026-08-20,01_棣栫瑪鏀炬,02_闈為娆℃巿淇?RG4,CL_05,iOS,Tiktok,02_100%鍙婁互涓?1,1,600000.0,600000.0,1,1,600000.0,600000.0,0,0,0.0,0.0
2026-07-11,01_棣栫瑪鏀炬,02_闈為娆℃巿淇?RG7,CL_03,Android,绌哄€?02_100%鍙婁互涓?1,1,300000.0,300000.0,0,1,0.0,300000.0,0,1,0.0,300000.0
2026-07-25,01_棣栫瑪鏀炬,01_棣栨鎺堜俊,RG6,CL_05,Android,Google,02_100%鍙婁互涓?2,2,600000.0,600000.0,2,2,600000.0,600000.0,2,2,600000.0,600000.0
2026-08-10,01_棣栫瑪鏀炬,02_闈為娆℃巿淇?RG5,CL_05,iOS,Organic,02_100%鍙婁互涓?5,5,1900000.0,1900000.0,3,5,1100000.0,1900000.0,3,5,1100000.0,1900000.0
2026-07-28,01_棣栫瑪鏀炬,02_闈為娆℃巿淇?RG6,CL_05,Android,Google,02_100%鍙婁互涓?1,1,300000.0,300000.0,1,1,300000.0,300000.0,1,1,300000.0,300000.0
2026-08-13,01_棣栫瑪鏀炬,01_棣栨鎺堜俊,RG4,CL_05,Android,ASA,02_100%鍙婁互涓?1,1,1200000.0,800000.0,1,1,1200000.0,1200000.0,1,1,1200000.0,1200000.0
2026-08-20,01_棣栫瑪鏀炬,01_棣栨鎺堜俊,RG4,CL_05,Android,Tiktok,02_100%鍙婁互涓?3,3,1200000.0,1200000.0,1,3,500000.0,1200000.0,0,0,0.0,0.0
2026-07-14,01_棣栫瑪鏀炬,01_棣栨鎺堜俊,RG4,CL_05,Android,Facebook,02_100%鍙婁互涓?1,1,400000.0,400000.0,1,1,400000.0,400000.0,0,1,0.0,400000.0
2026-07-23,01_棣栫瑪鏀炬,01_棣栨鎺堜俊,RG1,CL_01,iOS,Facebook,02_100%鍙婁互涓?4,4,1.1E7,1.1E7,2,4,5500000.0,1.1E7,2,4,5500000.0,1.1E7
2026-07-17,01_棣栫瑪鏀炬,01_棣栨鎺堜俊,RG4,CL_05,Android,Tiktok,02_100%鍙婁互涓?4,4,2200000.0,2200000.0,2,4,1200000.0,2200000.0,1,4,600000.0,2200000.0
2026-08-02,01_棣栫瑪鏀炬,01_棣栨鎺堜俊,RG3,CL_05,Android,Tiktok,02_100%鍙婁互涓?3,3,2000000.0,2000000.0,3,3,2000000.0,2000000.0,2,2,1400000.0,1400000.0
2026-09-06,01_棣栫瑪鏀炬,01_棣栨鎺堜俊,RG1,CL_01,Android,Facebook,01_100%浠ヤ笅,1,1,1000000.0,2000000.0,0,0,0.0,0.0,0,0,0.0,0.0
2026-07-30,01_棣栫瑪鏀炬,02_闈為娆℃巿淇?RG5,CL_05,iOS,Organic,02_100%鍙婁互涓?2,2,600000.0,600000.0,1,2,300000.0,600000.0,1,2,300000.0,600000.0
2026-08-12,01_棣栫瑪鏀炬,01_棣栨鎺堜俊,RG2,CL_05,iOS,Facebook,02_100%鍙婁互涓?3,3,4800000.0,4200000.0,1,3,1500000.0,4800000.0,1,3,1500000.0,4800000.0
2026-07-18,01_棣栫瑪鏀炬,01_棣栨鎺堜俊,RG4,CL_05,iOS,Organic,02_100%鍙婁互涓?5,5,3600000.0,3600000.0,3,5,2200000.0,3600000.0,3,5,2200000.0,3600000.0
2026-07-25,01_棣栫瑪鏀炬,01_棣栨鎺堜俊,RG3,CL_05,Android,Organic,02_100%鍙婁互涓?8,8,5000000.0,5000000.0,6,8,3800000.0,5000000.0,6,8,3800000.0,5000000.0
2026-07-12,01_棣栫瑪鏀炬,02_闈為娆℃巿淇?RG7,CL_03,Android,Organic,02_100%鍙婁互涓?1,1,300000.0,300000.0,1,1,300000.0,300000.0,1,1,300000.0,300000.0
2026-08-15,01_棣栫瑪鏀炬,01_棣栨鎺堜俊,RG4,CL_05,Android,Organic,02_100%鍙婁互涓?2,2,1200000.0,1200000.0,1,2,600000.0,1200000.0,0,0,0.0,0.0
2026-08-01,01_棣栫瑪鏀炬,02_闈為娆℃巿淇?RG3,CL_05,Android,Facebook,02_100%鍙婁互涓?1,1,800000.0,800000.0,0,1,0.0,800000.0,0,1,0.0,800000.0
2026-08-05,01_棣栫瑪鏀炬,01_棣栨鎺堜俊,RG5,CL_05,Android,Facebook,02_100%鍙婁互涓?6,6,2200000.0,2200000.0,2,6,700000.0,2200000.0,0,6,0.0,2200000.0
2026-07-25,01_棣栫瑪鏀炬,02_闈為娆℃巿淇?RG4,CL_05,Android,Tiktok,02_100%鍙婁互涓?2,2,800000.0,800000.0,2,2,800000.0,800000.0,1,2,400000.0,800000.0
2026-08-29,01_棣栫瑪鏀炬,01_棣栨鎺堜俊,RG3,CL_05,Android,Tiktok,01_100%浠ヤ笅,2,2,900000.0,1600000.0,0,0,0.0,0.0,0,0,0.0,0.0
2026-07-27,01_棣栫瑪鏀炬,01_棣栨鎺堜俊,RG5,CL_05,Android,Organic,02_100%鍙婁互涓?9,9,3100000.0,3100000.0,3,9,1000000.0,3100000.0,3,9,1000000.0,3100000.0
2026-08-04,01_棣栫瑪鏀炬,01_棣栨鎺堜俊,RG2,CL_07,Android,Google,01_100%浠ヤ笅,1,1,1000000.0,1200000.0,1,1,1000000.0,1000000.0,0,1,0.0,1000000.0
2026-07-31,01_棣栫瑪鏀炬,02_闈為娆℃巿淇?RG4,CL_05,Android,Tiktok,02_100%鍙婁互涓?1,1,400000.0,400000.0,1,1,400000.0,400000.0,1,1,400000.0,400000.0
2026-07-18,01_棣栫瑪鏀炬,02_闈為娆℃巿淇?RG4,CL_04,Android,Facebook,02_100%鍙婁互涓?1,1,400000.0,400000.0,0,1,0.0,400000.0,0,1,0.0,400000.0
2026-08-05,01_棣栫瑪鏀炬,01_棣栨鎺堜俊,RG2,CL_07,iOS,Facebook,02_100%鍙婁互涓?2,2,3900000.0,3500000.0,1,2,1900000.0,3900000.0,1,2,1900000.0,3900000.0
2026-08-09,01_棣栫瑪鏀炬,01_棣栨鎺堜俊,RG4,CL_05,Android,Google,01_100%浠ヤ笅,1,1,500000.0,600000.0,1,1,500000.0,500000.0,0,1,0.0,500000.0
2026-09-01,01_棣栫瑪鏀炬,01_棣栨鎺堜俊,RG1,CL_01,iOS,Tiktok,02_100%鍙婁互涓?2,2,5600000.0,5000000.0,0,0,0.0,0.0,0,0,0.0,0.0
2026-08-06,01_棣栫瑪鏀炬,01_棣栨鎺堜俊,RG4,CL_05,Android,Google,02_100%鍙婁互涓?24,24,1.24E7,1.24E7,13,24,6400000.0,1.24E7,12,24,6000000.0,1.24E7
2026-08-04,01_棣栫瑪鏀炬,01_棣栨鎺堜俊,RG2,CL_01,iOS,Organic,02_100%鍙婁互涓?1,1,2000000.0,2000000.0,0,1,0.0,2000000.0,0,1,0.0,2000000.0
2026-08-26,01_棣栫瑪鏀炬,01_棣栨鎺堜俊,RG3,CL_05,iOS,ASA,02_100%鍙婁互涓?1,1,1000000.0,800000.0,0,0,0.0,0.0,0,0,0.0,0.0
2026-08-22,01_棣栫瑪鏀炬,01_棣栨鎺堜俊,RG4,CL_05,iOS,Tiktok,02_100%鍙婁互涓?1,1,600000.0,600000.0,1,1,600000.0,600000.0,0,0,0.0,0.0
2026-08-28,01_棣栫瑪鏀炬,02_闈為娆℃巿淇?RG3,CL_05,iOS,Organic,02_100%鍙婁互涓?2,2,2000000.0,1600000.0,0,0,0.0,0.0,0,0,0.0,0.0
2026-08-07,01_棣栫瑪鏀炬,02_闈為娆℃巿淇?RG6,CL_05,Android,Google,02_100%鍙婁互涓?1,1,300000.0,300000.0,0,1,0.0,300000.0,0,1,0.0,300000.0
2026-08-22,01_棣栫瑪鏀炬,01_棣栨鎺堜俊,RG3,CL_05,Android,鍏朵粬,02_100%鍙婁互涓?1,1,600000.0,600000.0,1,1,600000.0,600000.0,0,0,0.0,0.0
2026-08-23,01_棣栫瑪鏀炬,02_闈為娆℃巿淇?RG5,CL_05,iOS,ASA,02_100%鍙婁互涓?1,1,300000.0,300000.0,1,1,300000.0,300000.0,0,0,0.0,0.0
2026-08-23,01_棣栫瑪鏀炬,01_棣栨鎺堜俊,RG1,CL_01,iOS,Facebook,02_100%鍙婁互涓?1,1,2500000.0,2500000.0,0,1,0.0,2500000.0,0,0,0.0,0.0
2026-08-07,01_棣栫瑪鏀炬,01_棣栨鎺堜俊,RG4,CL_05,iOS,Organic,02_100%鍙婁互涓?3,3,2400000.0,2200000.0,2,3,1800000.0,2400000.0,1,3,1000000.0,2400000.0
2026-08-13,01_棣栫瑪鏀炬,01_棣栨鎺堜俊,RG2,CL_03,Android,Google,02_100%鍙婁互涓?1,1,400000.0,400000.0,1,1,400000.0,400000.0,1,1,400000.0,400000.0
2026-08-02,01_棣栫瑪鏀炬,02_闈為娆℃巿淇?RG5,CL_05,Android,Facebook,02_100%鍙婁互涓?7,7,2400000.0,2400000.0,5,7,1600000.0,2400000.0,3,7,1000000.0,2400000.0
2026-08-11,01_棣栫瑪鏀炬,02_闈為娆℃巿淇?RG2,CL_05,Android,Organic,02_100%鍙婁互涓?1,1,1000000.0,1000000.0,0,1,0.0,1000000.0,0,1,0.0,1000000.0
2026-08-17,01_棣栫瑪鏀炬,01_棣栨鎺堜俊,RG2,CL_05,iOS,ASA,02_100%鍙婁互涓?1,1,1200000.0,1200000.0,0,1,0.0,1200000.0,0,0,0.0,0.0
2026-08-02,01_棣栫瑪鏀炬,01_棣栨鎺堜俊,RG2,CL_07,Android,Google,02_100%鍙婁互涓?3,3,3600000.0,3600000.0,2,3,2400000.0,3600000.0,2,3,2400000.0,3600000.0
2026-07-21,01_棣栫瑪鏀炬,01_棣栨鎺堜俊,RG2,CL_05,Android,Tiktok,02_100%鍙婁互涓?1,1,1000000.0,1000000.0,0,1,0.0,1000000.0,0,1,0.0,1000000.0
2026-08-15,01_棣栫瑪鏀炬,01_棣栨鎺堜俊,RG5,CL_05,Android,Facebook,02_100%鍙婁互涓?12,12,4400000.0,4400000.0,9,12,3300000.0,4400000.0,0,0,0.0,0.0
2026-07-24,01_棣栫瑪鏀炬,02_闈為娆℃巿淇?RG4,CL_05,Android,Tiktok,01_100%浠ヤ笅,1,1,300000.0,600000.0,0,1,0.0,300000.0,0,1,0.0,300000.0
2026-08-14,01_棣栫瑪鏀炬,01_棣栨鎺堜俊,RG2,CL_07,Android,Organic,01_100%浠ヤ笅,1,1,600000.0,1200000.0,0,1,0.0,600000.0,0,0,0.0,0.0
2026-08-23,01_棣栫瑪鏀炬,01_棣栨鎺堜俊,RG0,CL_01,iOS,Facebook,02_100%鍙婁互涓?1,1,4800000.0,4800000.0,0,1,0.0,4800000.0,0,0,0.0,0.0
2026-08-14,01_棣栫瑪鏀炬,01_棣栨鎺堜俊,RG2,CL_05,Android,Facebook,02_100%鍙婁互涓?3,3,4000000.0,3400000.0,0,3,0.0,4000000.0,0,0,0.0,0.0
2026-08-17,01_棣栫瑪鏀炬,02_闈為娆℃巿淇?RG7,CL_05,Android,Facebook,02_100%鍙婁互涓?1,1,300000.0,300000.0,1,1,300000.0,300000.0,0,0,0.0,0.0
2026-08-03,01_棣栫瑪鏀炬,01_棣栨鎺堜俊,RG2,CL_07,Android,Google,02_100%鍙婁互涓?3,3,3600000.0,3600000.0,2,3,2400000.0,3600000.0,2,3,2400000.0,3600000.0
2026-07-10,01_棣栫瑪鏀炬,02_闈為娆℃巿淇?RG5,CL_04,iOS,Organic,02_100%鍙婁互涓?1,1,300000.0,300000.0,1,1,300000.0,300000.0,1,1,300000.0,300000.0
2026-08-25,01_棣栫瑪鏀炬,01_棣栨鎺堜俊,RG2,CL_05,iOS,Facebook,02_100%鍙婁互涓?1,1,1500000.0,1500000.0,0,0,0.0,0.0,0,0,0.0,0.0
2026-07-27,01_棣栫瑪鏀炬,01_棣栨鎺堜俊,RG4,CL_05,Android,Facebook,02_100%鍙婁互涓?13,13,6800000.0,6800000.0,8,13,4200000.0,6800000.0,8,13,4200000.0,6800000.0
2026-08-03,01_棣栫瑪鏀炬,02_闈為娆℃巿淇?RG3,CL_05,Android,Organic,02_100%鍙婁互涓?1,1,800000.0,800000.0,1,1,800000.0,800000.0,1,1,800000.0,800000.0
2026-08-02,01_棣栫瑪鏀炬,01_棣栨鎺堜俊,RG3,CL_05,iOS,Organic,02_100%鍙婁互涓?3,3,3000000.0,2800000.0,1,3,800000.0,3000000.0,0,3,0.0,3000000.0
2026-09-07,01_棣栫瑪鏀炬,01_棣栨鎺堜俊,RG3,CL_05,Android,Organic,02_100%鍙婁互涓?1,1,800000.0,800000.0,0,0,0.0,0.0,0,0,0.0,0.0
2026-08-30,01_棣栫瑪鏀炬,01_棣栨鎺堜俊,RG4,CL_05,Android,Tiktok,02_100%鍙婁互涓?4,4,2200000.0,2200000.0,0,0,0.0,0.0,0,0,0.0,0.0
2026-07-19,01_棣栫瑪鏀炬,02_闈為娆℃巿淇?RG5,CL_05,Android,鍏朵粬,02_100%鍙婁互涓?1,1,400000.0,400000.0,1,1,400000.0,400000.0,1,1,400000.0,400000.0
2026-07-30,01_棣栫瑪鏀炬,01_棣栨鎺堜俊,RG2,CL_07,Android,Tiktok,02_100%鍙婁互涓?2,2,2400000.0,2400000.0,0,2,0.0,2400000.0,0,2,0.0,2400000.0
2026-09-07,01_棣栫瑪鏀炬,02_闈為娆℃巿淇?RG3,CL_05,Android,Tiktok,02_100%鍙婁互涓?1,1,600000.0,600000.0,0,0,0.0,0.0,0,0,0.0,0.0
2026-08-14,01_棣栫瑪鏀炬,01_棣栨鎺堜俊,RG2,CL_07,Android,Google,02_100%鍙婁互涓?7,7,8700000.0,8400000.0,1,7,1200000.0,8700000.0,0,0,0.0,0.0
2026-07-29,01_棣栫瑪鏀炬,02_闈為娆℃巿淇?RG4,CL_05,Android,Facebook,02_100%鍙婁互涓?3,3,1600000.0,1600000.0,2,3,1000000.0,1600000.0,2,3,1000000.0,1600000.0
2026-09-05,01_棣栫瑪鏀炬,02_闈為娆℃巿淇?RG4,CL_05,Android,Google,01_100%浠ヤ笅,1,1,500000.0,600000.0,0,0,0.0,0.0,0,0,0.0,0.0
2026-08-07,01_棣栫瑪鏀炬,02_闈為娆℃巿淇?RG2,CL_07,iOS,Facebook,02_100%鍙婁互涓?1,1,1800000.0,1800000.0,1,1,1800000.0,1800000.0,0,1,0.0,1800000.0
2026-08-10,01_棣栫瑪鏀炬,01_棣栨鎺堜俊,RG2,CL_05,iOS,Organic,02_100%鍙婁互涓?2,2,2400000.0,2400000.0,2,2,2400000.0,2400000.0,1,2,1200000.0,2400000.0
2026-08-01,01_棣栫瑪鏀炬,01_棣栨鎺堜俊,RG2,CL_07,iOS,Tiktok,02_100%鍙婁互涓?2,2,3000000.0,3000000.0,1,2,1500000.0,3000000.0,1,2,1500000.0,3000000.0
2026-08-09,01_棣栫瑪鏀炬,01_棣栨鎺堜俊,RG1,CL_01,Android,Google,02_100%鍙婁互涓?2,2,3000000.0,3000000.0,0,2,0.0,3000000.0,0,2,0.0,3000000.0
2026-09-04,01_棣栫瑪鏀炬,02_闈為娆℃巿淇?RG4,CL_05,Android,Google,02_100%鍙婁互涓?2,2,1100000.0,1100000.0,0,0,0.0,0.0,0,0,0.0,0.0
2026-08-17,01_棣栫瑪鏀炬,02_闈為娆℃巿淇?RG4,CL_05,Android,Organic,02_100%鍙婁互涓?1,1,600000.0,600000.0,1,1,600000.0,600000.0,0,0,0.0,0.0
2026-08-09,01_棣栫瑪鏀炬,01_棣栨鎺堜俊,RG1,CL_01,Android,Facebook,02_100%鍙婁互涓?1,1,2000000.0,1500000.0,0,1,0.0,2000000.0,0,1,0.0,2000000.0
2026-09-04,01_棣栫瑪鏀炬,02_闈為娆℃巿淇?RG3,CL_05,Android,Facebook,02_100%鍙婁互涓?2,2,1500000.0,1400000.0,0,0,0.0,0.0,0,0,0.0,0.0
2026-07-17,01_棣栫瑪鏀炬,02_闈為娆℃巿淇?RG6,CL_05,Android,Google,02_100%鍙婁互涓?1,1,300000.0,300000.0,1,1,300000.0,300000.0,1,1,300000.0,300000.0
2026-08-24,01_棣栫瑪鏀炬,02_闈為娆℃巿淇?RG3,CL_05,Android,Google,02_100%鍙婁互涓?1,1,600000.0,600000.0,0,0,0.0,0.0,0,0,0.0,0.0
2026-07-20,01_棣栫瑪鏀炬,01_棣栨鎺堜俊,RG5,CL_05,Android,Facebook,02_100%鍙婁互涓?11,11,4300000.0,4300000.0,6,11,2400000.0,4300000.0,6,11,2400000.0,4300000.0
2026-07-17,01_棣栫瑪鏀炬,01_棣栨鎺堜俊,RG2,CL_05,Android,Organic,01_100%浠ヤ笅,1,1,1000000.0,1200000.0,1,1,1000000.0,1000000.0,1,1,1000000.0,1000000.0
2026-08-31,01_棣栫瑪鏀炬,01_棣栨鎺堜俊,RG1,CL_01,Android,Google,02_100%鍙婁互涓?5,5,8000000.0,7500000.0,0,0,0.0,0.0,0,0,0.0,0.0
2026-07-29,01_棣栫瑪鏀炬,01_棣栨鎺堜俊,RG2,CL_03,Android,Facebook,02_100%鍙婁互涓?1,1,400000.0,400000.0,0,1,0.0,400000.0,0,1,0.0,400000.0
2026-08-08,01_棣栫瑪鏀炬,01_棣栨鎺堜俊,RG3,CL_05,iOS,Organic,01_100%浠ヤ笅,1,1,1000000.0,1200000.0,0,1,0.0,1000000.0,0,1,0.0,1000000.0
2026-07-13,01_棣栫瑪鏀炬,01_棣栨鎺堜俊,RG3,CL_05,iOS,Facebook,02_100%鍙婁互涓?1,1,800000.0,800000.0,1,1,800000.0,800000.0,1,1,800000.0,800000.0
2026-08-09,01_棣栫瑪鏀炬,01_棣栨鎺堜俊,RG5,CL_05,Android,Google,02_100%鍙婁互涓?21,21,7800000.0,7800000.0,11,21,4100000.0,7800000.0,7,21,2600000.0,7800000.0
2026-08-20,01_棣栫瑪鏀炬,01_棣栨鎺堜俊,RG2,CL_07,Android,Facebook,02_100%鍙婁互涓?3,3,3600000.0,3600000.0,2,3,2400000.0,3600000.0,0,0,0.0,0.0
2026-08-04,01_棣栫瑪鏀炬,02_闈為娆℃巿淇?RG4,CL_05,Android,Google,02_100%鍙婁互涓?4,4,2000000.0,2000000.0,2,4,800000.0,2000000.0,2,4,800000.0,2000000.0
2026-07-21,01_棣栫瑪鏀炬,01_棣栨鎺堜俊,RG3,CL_05,Android,Google,02_100%鍙婁互涓?4,4,2800000.0,2800000.0,3,4,2200000.0,2800000.0,2,4,1400000.0,2800000.0
2026-07-17,01_棣栫瑪鏀炬,01_棣栨鎺堜俊,RG2,CL_05,Android,Facebook,02_100%鍙婁互涓?5,5,5400000.0,5400000.0,1,5,1000000.0,5400000.0,1,5,1000000.0,5400000.0
2026-08-13,01_棣栫瑪鏀炬,02_闈為娆℃巿淇?RG5,CL_05,Android,Organic,02_100%鍙婁互涓?1,1,300000.0,300000.0,0,1,0.0,300000.0,0,1,0.0,300000.0
2026-07-12,01_棣栫瑪鏀炬,02_闈為娆℃巿淇?RG5,CL_04,Android,Organic,02_100%鍙婁互涓?1,1,300000.0,300000.0,1,1,300000.0,300000.0,1,1,300000.0,300000.0
2026-08-22,01_棣栫瑪鏀炬,01_棣栨鎺堜俊,RG1,CL_01,Android,Google,02_100%鍙婁互涓?2,2,3000000.0,3000000.0,0,2,0.0,3000000.0,0,0,0.0,0.0
2026-07-20,01_棣栫瑪鏀炬,01_棣栨鎺堜俊,RG3,CL_05,Android,Organic,02_100%鍙婁互涓?8,8,6300000.0,6300000.0,4,8,2800000.0,6300000.0,4,8,2800000.0,6300000.0
2026-07-13,01_棣栫瑪鏀炬,01_棣栨鎺堜俊,RG1,CL_01,iOS,Organic,02_100%鍙婁互涓?3,3,7500000.0,7500000.0,2,3,5000000.0,7500000.0,0,3,0.0,7500000.0
2026-08-19,01_棣栫瑪鏀炬,01_棣栨鎺堜俊,RG1,CL_01,Android,Tiktok,02_100%鍙婁互涓?4,4,6500000.0,6000000.0,0,4,0.0,6500000.0,0,0,0.0,0.0
2026-07-13,01_棣栫瑪鏀炬,01_棣栨鎺堜俊,RG4,CL_03,Android,Tiktok,02_100%鍙婁互涓?3,3,1600000.0,1600000.0,2,3,1200000.0,1600000.0,0,3,0.0,1600000.0
2026-07-23,01_棣栫瑪鏀炬,01_棣栨鎺堜俊,RG2,CL_01,Android,Tiktok,02_100%鍙婁互涓?1,1,1500000.0,1500000.0,0,1,0.0,1500000.0,0,1,0.0,1500000.0
2026-08-09,01_棣栫瑪鏀炬,01_棣栨鎺堜俊,RG3,CL_05,Android,Google,02_100%鍙婁互涓?9,9,6400000.0,6400000.0,3,9,2000000.0,6400000.0,3,9,2000000.0,6400000.0
2026-07-13,01_棣栫瑪鏀炬,01_棣栨鎺堜俊,RG3,CL_05,iOS,Organic,02_100%鍙婁互涓?1,1,800000.0,800000.0,0,1,0.0,800000.0,0,1,0.0,800000.0
2026-07-20,01_棣栫瑪鏀炬,01_棣栨鎺堜俊,RG4,CL_05,Android,Facebook,02_100%鍙婁互涓?12,12,6000000.0,6000000.0,5,12,2400000.0,6000000.0,3,12,1400000.0,6000000.0
2026-07-20,01_棣栫瑪鏀炬,01_棣栨鎺堜俊,RG3,CL_05,Android,Google,02_100%鍙婁互涓?2,2,1600000.0,1600000.0,0,2,0.0,1600000.0,0,2,0.0,1600000.0
2026-08-18,01_棣栫瑪鏀炬,01_棣栨鎺堜俊,RG2,CL_05,Android,Facebook,02_100%鍙婁互涓?4,4,4400000.0,4400000.0,1,4,1000000.0,4400000.0,0,0,0.0,0.0
2026-08-30,01_棣栫瑪鏀炬,01_棣栨鎺堜俊,RG3,CL_05,Android,Tiktok,01_100%浠ヤ笅,1,1,300000.0,600000.0,0,0,0.0,0.0,0,0,0.0,0.0
2026-07-10,01_棣栫瑪鏀炬,02_闈為娆℃巿淇?RG6,CL_05,Android,Tiktok,02_100%鍙婁互涓?1,1,300000.0,300000.0,0,1,0.0,300000.0,0,1,0.0,300000.0
2026-07-21,01_棣栫瑪鏀炬,01_棣栨鎺堜俊,RG6,CL_05,Android,Facebook,02_100%鍙婁互涓?7,7,2100000.0,2100000.0,3,7,900000.0,2100000.0,3,7,900000.0,2100000.0
2026-08-23,01_棣栫瑪鏀炬,01_棣栨鎺堜俊,RG3,CL_05,iOS,Organic,01_100%浠ヤ笅,2,2,1500000.0,2400000.0,1,1,500000.0,500000.0,0,0,0.0,0.0
2026-08-22,01_棣栫瑪鏀炬,01_棣栨鎺堜俊,RG2,CL_05,Android,Tiktok,02_100%鍙婁互涓?1,1,1200000.0,1200000.0,0,1,0.0,1200000.0,0,0,0.0,0.0
2026-08-16,01_棣栫瑪鏀炬,01_棣栨鎺堜俊,RG6,CL_05,Android,Facebook,02_100%鍙婁互涓?2,2,600000.0,600000.0,2,2,600000.0,600000.0,0,0,0.0,0.0
2026-08-15,01_棣栫瑪鏀炬,01_棣栨鎺堜俊,RG2,CL_05,iOS,Organic,02_100%鍙婁互涓?3,3,4200000.0,4200000.0,2,3,3000000.0,4200000.0,0,0,0.0,0.0
2026-08-18,01_棣栫瑪鏀炬,01_棣栨鎺堜俊,RG3,CL_05,iOS,Organic,02_100%鍙婁互涓?10,10,1.11E7,1.09E7,3,10,3600000.0,1.11E7,0,0,0.0,0.0
2026-08-03,01_棣栫瑪鏀炬,01_棣栨鎺堜俊,RG5,CL_05,Android,Tiktok,02_100%鍙婁互涓?5,5,1800000.0,1800000.0,4,5,1400000.0,1800000.0,3,5,1100000.0,1800000.0
2026-07-25,01_棣栫瑪鏀炬,01_棣栨鎺堜俊,RG2,CL_05,iOS,Organic,02_100%鍙婁互涓?2,2,2700000.0,2700000.0,1,2,1500000.0,2700000.0,1,2,1500000.0,2700000.0
2026-08-12,01_棣栫瑪鏀炬,01_棣栨鎺堜俊,RG5,CL_05,iOS,Tiktok,02_100%鍙婁互涓?5,5,1600000.0,1600000.0,2,5,700000.0,1600000.0,2,5,700000.0,1600000.0
2026-08-31,01_棣栫瑪鏀炬,01_棣栨鎺堜俊,RG4,CL_05,Android,Facebook,02_100%鍙婁互涓?3,3,900000.0,900000.0,0,0,0.0,0.0,0,0,0.0,0.0
2026-08-02,01_棣栫瑪鏀炬,02_闈為娆℃巿淇?RG7,CL_05,Android,Organic,02_100%鍙婁互涓?2,2,600000.0,600000.0,1,2,300000.0,600000.0,1,2,300000.0,600000.0
2026-08-17,01_棣栫瑪鏀炬,01_棣栨鎺堜俊,RG4,CL_05,iOS,Facebook,02_100%鍙婁互涓?2,2,1600000.0,1600000.0,0,2,0.0,1600000.0,0,0,0.0,0.0
2026-07-14,01_棣栫瑪鏀炬,01_棣栨鎺堜俊,RG7,CL_05,Android,Facebook,02_100%鍙婁互涓?2,2,600000.0,600000.0,1,2,300000.0,600000.0,0,2,0.0,600000.0
2026-08-22,01_棣栫瑪鏀炬,02_闈為娆℃巿淇?RG2,CL_07,iOS,Tiktok,02_100%鍙婁互涓?1,1,1800000.0,1800000.0,0,1,0.0,1800000.0,0,0,0.0,0.0
2026-07-11,01_棣栫瑪鏀炬,01_棣栨鎺堜俊,RG6,CL_05,Android,Facebook,02_100%鍙婁互涓?1,1,300000.0,300000.0,1,1,300000.0,300000.0,0,1,0.0,300000.0
2026-08-23,01_棣栫瑪鏀炬,01_棣栨鎺堜俊,RG5,CL_05,Android,Tiktok,02_100%鍙婁互涓?1,1,400000.0,400000.0,0,1,0.0,400000.0,0,0,0.0,0.0
2026-07-15,01_棣栫瑪鏀炬,01_棣栨鎺堜俊,RG4,CL_03,Android,Organic,02_100%鍙婁互涓?2,2,800000.0,800000.0,1,2,400000.0,800000.0,1,2,400000.0,800000.0
2026-07-24,01_棣栫瑪鏀炬,01_棣栨鎺堜俊,RG4,CL_05,Android,Google,01_100%浠ヤ笅,2,2,600000.0,1000000.0,2,2,600000.0,600000.0,2,2,600000.0,600000.0
2026-08-11,01_棣栫瑪鏀炬,01_棣栨鎺堜俊,RG1,CL_01,Android,Google,02_100%鍙婁互涓?2,2,3000000.0,3000000.0,0,2,0.0,3000000.0,0,2,0.0,3000000.0
2026-07-28,01_棣栫瑪鏀炬,01_棣栨鎺堜俊,RG3,CL_03,iOS,Organic,02_100%鍙婁互涓?1,1,1200000.0,800000.0,0,1,0.0,1200000.0,0,1,0.0,1200000.0
2026-07-26,01_棣栫瑪鏀炬,01_棣栨鎺堜俊,RG2,CL_05,iOS,Organic,02_100%鍙婁互涓?2,2,2700000.0,2700000.0,0,2,0.0,2700000.0,0,2,0.0,2700000.0
2026-08-24,01_棣栫瑪鏀炬,01_棣栨鎺堜俊,RG3,CL_05,iOS,Organic,02_100%鍙婁互涓?7,7,8500000.0,8300000.0,0,0,0.0,0.0,0,0,0.0,0.0
2026-07-25,01_棣栫瑪鏀炬,01_棣栨鎺堜俊,RG4,CL_05,Android,Google,02_100%鍙婁互涓?14,14,7200000.0,7200000.0,6,14,2600000.0,7200000.0,4,14,1800000.0,7200000.0
2026-07-22,01_棣栫瑪鏀炬,01_棣栨鎺堜俊,RG2,CL_05,Android,Google,02_100%鍙婁互涓?1,1,1000000.0,1000000.0,0,1,0.0,1000000.0,0,1,0.0,1000000.0
2026-08-29,01_棣栫瑪鏀炬,01_棣栨鎺堜俊,RG3,CL_05,Android,Tiktok,02_100%鍙婁互涓?7,7,5200000.0,5000000.0,0,0,0.0,0.0,0,0,0.0,0.0
2026-07-19,01_棣栫瑪鏀炬,01_棣栨鎺堜俊,RG2,CL_05,Android,Google,02_100%鍙婁互涓?2,2,2400000.0,2400000.0,0,2,0.0,2400000.0,0,2,0.0,2400000.0
2026-08-20,01_棣栫瑪鏀炬,02_闈為娆℃巿淇?RG3,CL_05,Android,Google,02_100%鍙婁互涓?1,1,600000.0,600000.0,0,1,0.0,600000.0,0,0,0.0,0.0
2026-08-25,01_棣栫瑪鏀炬,01_棣栨鎺堜俊,RG4,CL_05,Android,Facebook,02_100%鍙婁互涓?9,9,4000000.0,4000000.0,0,0,0.0,0.0,0,0,0.0,0.0
2026-08-22,01_棣栫瑪鏀炬,02_闈為娆℃巿淇?RG3,CL_05,iOS,Organic,01_100%浠ヤ笅,1,1,800000.0,1200000.0,0,1,0.0,800000.0,0,0,0.0,0.0
2026-07-16,01_棣栫瑪鏀炬,01_棣栨鎺堜俊,RG5,CL_03,iOS,Organic,02_100%鍙婁互涓?5,5,1800000.0,1800000.0,3,5,1100000.0,1800000.0,3,5,1100000.0,1800000.0
2026-08-01,01_棣栫瑪鏀炬,02_闈為娆℃巿淇?RG4,CL_05,Android,Organic,02_100%鍙婁互涓?2,2,1000000.0,1000000.0,1,2,600000.0,1000000.0,0,2,0.0,1000000.0
2026-07-15,01_棣栫瑪鏀炬,01_棣栨鎺堜俊,RG5,CL_04,iOS,ASA,02_100%鍙婁互涓?1,1,600000.0,400000.0,0,1,0.0,600000.0,0,1,0.0,600000.0
2026-07-14,01_棣栫瑪鏀炬,01_棣栨鎺堜俊,RG5,CL_05,iOS,ASA,02_100%鍙婁互涓?1,1,400000.0,400000.0,0,1,0.0,400000.0,0,1,0.0,400000.0
2026-07-18,01_棣栫瑪鏀炬,02_闈為娆℃巿淇?RG4,CL_05,Android,Google,02_100%鍙婁互涓?1,1,600000.0,600000.0,0,1,0.0,600000.0,0,1,0.0,600000.0
2026-08-18,01_棣栫瑪鏀炬,01_棣栨鎺堜俊,RG5,CL_05,iOS,Facebook,02_100%鍙婁互涓?6,6,2400000.0,2200000.0,4,6,1500000.0,2400000.0,0,0,0.0,0.0
2026-09-06,01_棣栫瑪鏀炬,01_棣栨鎺堜俊,RG2,CL_05,iOS,Facebook,02_100%鍙婁互涓?1,1,1200000.0,1200000.0,0,0,0.0,0.0,0,0,0.0,0.0
2026-08-22,01_棣栫瑪鏀炬,01_棣栨鎺堜俊,RG1,CL_01,Android,Organic,02_100%鍙婁互涓?1,1,2500000.0,1500000.0,0,1,0.0,2500000.0,0,0,0.0,0.0
2026-07-17,01_棣栫瑪鏀炬,01_棣栨鎺堜俊,RG2,CL_03,Android,Facebook,02_100%鍙婁互涓?1,1,400000.0,400000.0,0,1,0.0,400000.0,0,1,0.0,400000.0
2026-08-04,01_棣栫瑪鏀炬,02_闈為娆℃巿淇?RG3,CL_05,Android,Facebook,01_100%浠ヤ笅,1,1,500000.0,800000.0,0,1,0.0,500000.0,0,1,0.0,500000.0
2026-07-17,01_棣栫瑪鏀炬,01_棣栨鎺堜俊,RG2,CL_04,Android,Facebook,02_100%鍙婁互涓?1,1,1200000.0,1200000.0,0,1,0.0,1200000.0,0,1,0.0,1200000.0
2026-07-30,01_棣栫瑪鏀炬,01_棣栨鎺堜俊,RG3,CL_05,iOS,Tiktok,02_100%鍙婁互涓?2,2,2400000.0,2400000.0,1,2,1200000.0,2400000.0,0,2,0.0,2400000.0
2026-08-14,01_棣栫瑪鏀炬,01_棣栨鎺堜俊,RG7,CL_05,Android,Tiktok,02_100%鍙婁互涓?2,2,600000.0,600000.0,1,2,300000.0,600000.0,0,0,0.0,0.0
2026-08-10,01_棣栫瑪鏀炬,01_棣栨鎺堜俊,RG3,CL_05,Android,Google,01_100%浠ヤ笅,1,1,500000.0,800000.0,0,1,0.0,500000.0,0,1,0.0,500000.0
2026-07-28,01_棣栫瑪鏀炬,01_棣栨鎺堜俊,RG2,CL_03,Android,Facebook,02_100%鍙婁互涓?1,1,400000.0,400000.0,0,1,0.0,400000.0,0,1,0.0,400000.0
2026-07-19,01_棣栫瑪鏀炬,01_棣栨鎺堜俊,RG3,CL_05,Android,Tiktok,02_100%鍙婁互涓?3,3,2200000.0,2200000.0,1,3,800000.0,2200000.0,0,3,0.0,2200000.0
2026-07-31,01_棣栫瑪鏀炬,01_棣栨鎺堜俊,RG2,CL_01,iOS,Tiktok,02_100%鍙婁互涓?1,1,2000000.0,2000000.0,0,1,0.0,2000000.0,0,1,0.0,2000000.0
2026-09-01,01_棣栫瑪鏀炬,01_棣栨鎺堜俊,RG2,CL_07,iOS,Facebook,02_100%鍙婁互涓?1,1,2000000.0,2000000.0,0,0,0.0,0.0,0,0,0.0,0.0
2026-08-13,01_棣栫瑪鏀炬,01_棣栨鎺堜俊,RG3,CL_05,iOS,Facebook,01_100%浠ヤ笅,1,1,300000.0,1200000.0,0,1,0.0,300000.0,0,1,0.0,300000.0
2026-08-20,01_棣栫瑪鏀炬,02_闈為娆℃巿淇?RG1,CL_01,iOS,Tiktok,02_100%鍙婁互涓?1,1,2500000.0,2500000.0,0,1,0.0,2500000.0,0,0,0.0,0.0
2026-08-13,01_棣栫瑪鏀炬,01_棣栨鎺堜俊,RG4,CL_05,iOS,Organic,02_100%鍙婁互涓?5,5,4000000.0,3400000.0,0,5,0.0,4000000.0,0,5,0.0,4000000.0
2026-08-20,01_棣栫瑪鏀炬,02_闈為娆℃巿淇?RG5,CL_05,Android,Organic,02_100%鍙婁互涓?1,1,500000.0,300000.0,0,0,0.0,0.0,0,0,0.0,0.0
2026-08-07,01_棣栫瑪鏀炬,01_棣栨鎺堜俊,RG2,CL_03,Android,Facebook,02_100%鍙婁互涓?1,1,400000.0,400000.0,0,1,0.0,400000.0,0,1,0.0,400000.0
2026-08-10,01_棣栫瑪鏀炬,01_棣栨鎺堜俊,RG7,CL_05,Android,Google,02_100%鍙婁互涓?1,1,300000.0,300000.0,0,1,0.0,300000.0,0,1,0.0,300000.0
2026-08-11,01_棣栫瑪鏀炬,02_闈為娆℃巿淇?RG4,CL_05,Android,Tiktok,02_100%鍙婁互涓?1,1,400000.0,400000.0,1,1,400000.0,400000.0,1,1,400000.0,400000.0
2026-09-03,01_棣栫瑪鏀炬,01_棣栨鎺堜俊,RG3,CL_05,Android,Tiktok,02_100%鍙婁互涓?5,5,3800000.0,3600000.0,0,0,0.0,0.0,0,0,0.0,0.0
2026-07-30,01_棣栫瑪鏀炬,01_棣栨鎺堜俊,RG5,CL_03,Android,Organic,02_100%鍙婁互涓?1,1,400000.0,400000.0,0,1,0.0,400000.0,0,1,0.0,400000.0
2026-07-11,01_棣栫瑪鏀炬,01_棣栨鎺堜俊,RG3,CL_04,Android,Facebook,02_100%鍙婁互涓?3,3,2400000.0,2400000.0,0,3,0.0,2400000.0,0,3,0.0,2400000.0
2026-07-29,01_棣栫瑪鏀炬,01_棣栨鎺堜俊,RG4,CL_05,Android,Tiktok,02_100%鍙婁互涓?3,3,1400000.0,1400000.0,1,3,600000.0,1400000.0,0,3,0.0,1400000.0
2026-07-21,01_棣栫瑪鏀炬,01_棣栨鎺堜俊,RG3,CL_05,Android,Google,01_100%浠ヤ笅,1,1,700000.0,800000.0,1,1,700000.0,700000.0,0,1,0.0,700000.0
2026-08-17,01_棣栫瑪鏀炬,01_棣栨鎺堜俊,RG1,CL_01,iOS,Organic,02_100%鍙婁互涓?1,1,2500000.0,2500000.0,1,1,2500000.0,2500000.0,0,0,0.0,0.0
2026-08-04,01_棣栫瑪鏀炬,02_闈為娆℃巿淇?RG5,CL_05,Android,Facebook,02_100%鍙婁互涓?4,4,1500000.0,1500000.0,3,4,1100000.0,1500000.0,1,4,400000.0,1500000.0
2026-08-17,01_棣栫瑪鏀炬,01_棣栨鎺堜俊,RG0,CL_06,iOS,Organic,02_100%鍙婁互涓?1,1,6000000.0,6000000.0,0,1,0.0,6000000.0,0,0,0.0,0.0
2026-07-13,01_棣栫瑪鏀炬,01_棣栨鎺堜俊,RG1,CL_01,iOS,Facebook,02_100%鍙婁互涓?2,2,6600000.0,6600000.0,0,2,0.0,6600000.0,0,2,0.0,6600000.0
2026-07-29,01_棣栫瑪鏀炬,01_棣栨鎺堜俊,RG2,CL_07,Android,Google,02_100%鍙婁互涓?1,1,1200000.0,1200000.0,1,1,1200000.0,1200000.0,0,1,0.0,1200000.0
2026-08-02,01_棣栫瑪鏀炬,01_棣栨鎺堜俊,RG3,CL_03,iOS,Organic,02_100%鍙婁互涓?3,3,3200000.0,2800000.0,2,3,1600000.0,3200000.0,2,3,1600000.0,3200000.0
2026-08-12,01_棣栫瑪鏀炬,01_棣栨鎺堜俊,RG4,CL_05,iOS,ASA,02_100%鍙婁互涓?1,1,800000.0,800000.0,0,1,0.0,800000.0,0,1,0.0,800000.0
2026-07-24,01_棣栫瑪鏀炬,01_棣栨鎺堜俊,RG4,CL_05,Android,Facebook,01_100%浠ヤ笅,1,1,300000.0,600000.0,1,1,300000.0,300000.0,0,1,0.0,300000.0
2026-07-16,01_棣栫瑪鏀炬,01_棣栨鎺堜俊,RG1,CL_01,iOS,Facebook,02_100%鍙婁互涓?1,1,3000000.0,3000000.0,0,1,0.0,3000000.0,0,1,0.0,3000000.0
2026-07-29,01_棣栫瑪鏀炬,01_棣栨鎺堜俊,RG1,CL_01,iOS,Facebook,02_100%鍙婁互涓?5,5,1.33E7,1.33E7,1,5,2500000.0,1.33E7,1,5,2500000.0,1.33E7
2026-08-31,01_棣栫瑪鏀炬,02_闈為娆℃巿淇?RG2,CL_05,Android,Organic,02_100%鍙婁互涓?2,2,2200000.0,2000000.0,0,0,0.0,0.0,0,0,0.0,0.0
2026-08-23,01_棣栫瑪鏀炬,02_闈為娆℃巿淇?RG5,CL_05,iOS,Tiktok,02_100%鍙婁互涓?1,1,300000.0,300000.0,0,1,0.0,300000.0,0,0,0.0,0.0
2026-07-11,01_棣栫瑪鏀炬,02_闈為娆℃巿淇?RG5,CL_03,iOS,Organic,02_100%鍙婁互涓?3,3,1200000.0,1200000.0,2,3,800000.0,1200000.0,2,3,800000.0,1200000.0
2026-07-27,01_棣栫瑪鏀炬,01_棣栨鎺堜俊,RG3,CL_05,Android,Facebook,01_100%浠ヤ笅,1,1,400000.0,600000.0,0,1,0.0,400000.0,0,1,0.0,400000.0
2026-08-13,01_棣栫瑪鏀炬,01_棣栨鎺堜俊,RG2,CL_07,Android,Facebook,02_100%鍙婁互涓?2,2,2400000.0,2400000.0,0,2,0.0,2400000.0,0,2,0.0,2400000.0
2026-07-15,01_棣栫瑪鏀炬,01_棣栨鎺堜俊,RG5,CL_03,iOS,ASA,02_100%鍙婁互涓?1,1,300000.0,300000.0,1,1,300000.0,300000.0,1,1,300000.0,300000.0
2026-08-16,01_棣栫瑪鏀炬,02_闈為娆℃巿淇?RG2,CL_05,Android,Facebook,02_100%鍙婁互涓?1,1,1000000.0,1000000.0,1,1,1000000.0,1000000.0,0,0,0.0,0.0
2026-08-04,01_棣栫瑪鏀炬,01_棣栨鎺堜俊,RG2,CL_07,Android,Google,02_100%鍙婁互涓?7,7,8400000.0,8400000.0,1,7,1200000.0,8400000.0,1,7,1200000.0,8400000.0
2026-09-01,01_棣栫瑪鏀炬,02_闈為娆℃巿淇?RG5,CL_05,iOS,Facebook,02_100%鍙婁互涓?1,1,400000.0,400000.0,0,0,0.0,0.0,0,0,0.0,0.0
2026-07-26,01_棣栫瑪鏀炬,01_棣栨鎺堜俊,RG4,CL_05,iOS,ASA,02_100%鍙婁互涓?1,1,800000.0,800000.0,0,1,0.0,800000.0,0,1,0.0,800000.0
2026-08-24,01_棣栫瑪鏀炬,01_棣栨鎺堜俊,RG2,CL_05,Android,Google,02_100%鍙婁互涓?1,1,1200000.0,1200000.0,0,0,0.0,0.0,0,0,0.0,0.0
2026-07-25,01_棣栫瑪鏀炬,01_棣栨鎺堜俊,RG3,CL_05,iOS,ASA,02_100%鍙婁互涓?1,1,1400000.0,1200000.0,1,1,1400000.0,1400000.0,0,1,0.0,1400000.0
2026-08-07,01_棣栫瑪鏀炬,01_棣栨鎺堜俊,RG1,CL_01,iOS,Organic,02_100%鍙婁互涓?8,8,2.18E7,2.13E7,3,8,7500000.0,2.18E7,0,8,0.0,2.18E7
2026-08-04,01_棣栫瑪鏀炬,01_棣栨鎺堜俊,RG2,CL_05,Android,Google,02_100%鍙婁互涓?2,2,2200000.0,2200000.0,0,2,0.0,2200000.0,0,2,0.0,2200000.0
2026-08-13,01_棣栫瑪鏀炬,01_棣栨鎺堜俊,RG2,CL_01,iOS,Facebook,02_100%鍙婁互涓?1,1,2000000.0,2000000.0,0,1,0.0,2000000.0,0,1,0.0,2000000.0
2026-07-12,01_棣栫瑪鏀炬,01_棣栨鎺堜俊,RG5,CL_04,iOS,Facebook,02_100%鍙婁互涓?3,3,1200000.0,1000000.0,2,3,600000.0,1200000.0,2,3,600000.0,1200000.0
2026-08-03,01_棣栫瑪鏀炬,02_闈為娆℃巿淇?RG3,CL_05,Android,Facebook,02_100%鍙婁互涓?3,3,1800000.0,1800000.0,2,3,1200000.0,1800000.0,2,3,1200000.0,1800000.0
2026-07-18,01_棣栫瑪鏀炬,01_棣栨鎺堜俊,RG5,CL_03,iOS,Facebook,02_100%鍙婁互涓?2,2,1000000.0,600000.0,1,2,500000.0,1000000.0,0,2,0.0,1000000.0
2026-07-29,01_棣栫瑪鏀炬,01_棣栨鎺堜俊,RG2,CL_05,Android,Facebook,02_100%鍙婁互涓?4,4,4800000.0,4400000.0,1,4,1000000.0,4800000.0,0,4,0.0,4800000.0
2026-09-05,01_棣栫瑪鏀炬,02_闈為娆℃巿淇?RG4,CL_05,Android,Google,02_100%鍙婁互涓?1,1,400000.0,400000.0,0,0,0.0,0.0,0,0,0.0,0.0
2026-07-31,01_棣栫瑪鏀炬,01_棣栨鎺堜俊,RG3,CL_05,Android,Google,02_100%鍙婁互涓?11,11,7200000.0,7200000.0,4,11,2800000.0,7200000.0,3,11,2000000.0,7200000.0
2026-07-12,01_棣栫瑪鏀炬,01_棣栨鎺堜俊,RG3,CL_04,iOS,Organic,02_100%鍙婁互涓?3,3,3400000.0,3200000.0,2,3,2600000.0,3400000.0,0,3,0.0,3400000.0
2026-09-03,01_棣栫瑪鏀炬,01_棣栨鎺堜俊,RG2,CL_07,Android,Facebook,02_100%鍙婁互涓?1,1,1200000.0,1200000.0,0,0,0.0,0.0,0,0,0.0,0.0
2026-08-05,01_棣栫瑪鏀炬,01_棣栨鎺堜俊,RG1,CL_01,iOS,Tiktok,02_100%鍙婁互涓?1,1,2500000.0,2500000.0,0,1,0.0,2500000.0,0,1,0.0,2500000.0
2026-08-20,01_棣栫瑪鏀炬,01_棣栨鎺堜俊,RG5,CL_05,iOS,Organic,02_100%鍙婁互涓?10,10,4100000.0,3300000.0,5,10,2100000.0,4100000.0,0,0,0.0,0.0
2026-08-06,01_棣栫瑪鏀炬,01_棣栨鎺堜俊,RG2,CL_05,iOS,Facebook,02_100%鍙婁互涓?1,1,1800000.0,1200000.0,0,1,0.0,1800000.0,0,1,0.0,1800000.0
2026-08-09,01_棣栫瑪鏀炬,01_棣栨鎺堜俊,RG4,CL_05,Android,Organic,01_100%浠ヤ笅,1,1,500000.0,600000.0,0,1,0.0,500000.0,0,1,0.0,500000.0
2026-08-01,01_棣栫瑪鏀炬,02_闈為娆℃巿淇?RG5,CL_05,Android,Google,02_100%鍙婁互涓?1,1,300000.0,300000.0,1,1,300000.0,300000.0,1,1,300000.0,300000.0
2026-09-04,01_棣栫瑪鏀炬,02_闈為娆℃巿淇?RG3,CL_05,Android,Organic,02_100%鍙婁互涓?2,2,1400000.0,1400000.0,0,0,0.0,0.0,0,0,0.0,0.0
2026-07-17,01_棣栫瑪鏀炬,02_闈為娆℃巿淇?RG3,CL_05,Android,Facebook,02_100%鍙婁互涓?5,5,3400000.0,3400000.0,2,5,1600000.0,3400000.0,1,5,800000.0,3400000.0
2026-08-03,01_棣栫瑪鏀炬,02_闈為娆℃巿淇?RG5,CL_05,Android,Organic,02_100%鍙婁互涓?2,2,600000.0,600000.0,1,2,300000.0,600000.0,1,2,300000.0,600000.0
2026-07-13,01_棣栫瑪鏀炬,01_棣栨鎺堜俊,RG3,CL_05,Android,Tiktok,02_100%鍙婁互涓?1,1,800000.0,800000.0,1,1,800000.0,800000.0,1,1,800000.0,800000.0
2026-08-13,01_棣栫瑪鏀炬,01_棣栨鎺堜俊,RG1,CL_01,iOS,Facebook,02_100%鍙婁互涓?2,2,6200000.0,5000000.0,1,2,3700000.0,6200000.0,1,2,3700000.0,6200000.0
2026-07-21,01_棣栫瑪鏀炬,01_棣栨鎺堜俊,RG4,CL_05,Android,Facebook,01_100%浠ヤ笅,1,1,300000.0,600000.0,1,1,300000.0,300000.0,1,1,300000.0,300000.0
2026-08-07,01_棣栫瑪鏀炬,02_闈為娆℃巿淇?RG5,CL_05,Android,Organic,02_100%鍙婁互涓?3,3,1000000.0,1000000.0,1,3,400000.0,1000000.0,1,3,400000.0,1000000.0
2026-08-20,01_棣栫瑪鏀炬,01_棣栨鎺堜俊,RG3,CL_05,Android,Google,00_棰濆害缂哄け,2,2,1400000.0,0.0,1,2,600000.0,1400000.0,0,0,0.0,0.0
2026-09-03,01_棣栫瑪鏀炬,01_棣栨鎺堜俊,RG2,CL_07,Android,Google,02_100%鍙婁互涓?5,5,6000000.0,6000000.0,0,0,0.0,0.0,0,0,0.0,0.0
2026-08-18,01_棣栫瑪鏀炬,02_闈為娆℃巿淇?RG7,CL_05,Android,Facebook,02_100%鍙婁互涓?2,2,600000.0,600000.0,1,2,300000.0,600000.0,0,0,0.0,0.0
2026-08-25,01_棣栫瑪鏀炬,01_棣栨鎺堜俊,RG2,CL_05,iOS,Organic,02_100%鍙婁互涓?1,1,1500000.0,1500000.0,0,0,0.0,0.0,0,0,0.0,0.0
2026-08-06,01_棣栫瑪鏀炬,01_棣栨鎺堜俊,RG6,CL_05,Android,Google,02_100%鍙婁互涓?4,4,1200000.0,1200000.0,2,4,600000.0,1200000.0,0,4,0.0,1200000.0
2026-08-20,01_棣栫瑪鏀炬,01_棣栨鎺堜俊,RG1,CL_01,Android,Tiktok,02_100%鍙婁互涓?1,1,1500000.0,1500000.0,0,1,0.0,1500000.0,0,0,0.0,0.0
2026-07-16,01_棣栫瑪鏀炬,01_棣栨鎺堜俊,RG4,CL_05,iOS,Organic,02_100%鍙婁互涓?7,7,4800000.0,4800000.0,4,7,2800000.0,4800000.0,4,7,2800000.0,4800000.0
2026-07-10,01_棣栫瑪鏀炬,01_棣栨鎺堜俊,RG3,CL_05,iOS,ASA,02_100%鍙婁互涓?1,1,800000.0,800000.0,1,1,800000.0,800000.0,1,1,800000.0,800000.0
2026-08-22,01_棣栫瑪鏀炬,01_棣栨鎺堜俊,RG2,CL_07,Android,Tiktok,02_100%鍙婁互涓?2,2,2700000.0,2400000.0,0,2,0.0,2700000.0,0,0,0.0,0.0
2026-07-28,01_棣栫瑪鏀炬,01_棣栨鎺堜俊,RG2,CL_05,Android,Facebook,01_100%浠ヤ笅,1,1,600000.0,1200000.0,0,1,0.0,600000.0,0,1,0.0,600000.0
2026-07-30,01_棣栫瑪鏀炬,02_闈為娆℃巿淇?RG5,CL_05,iOS,Facebook,02_100%鍙婁互涓?2,2,800000.0,800000.0,1,2,400000.0,800000.0,1,2,400000.0,800000.0
2026-08-14,01_棣栫瑪鏀炬,01_棣栨鎺堜俊,RG3,CL_05,iOS,Facebook,02_100%鍙婁互涓?4,4,4600000.0,4400000.0,2,4,2200000.0,4600000.0,0,0,0.0,0.0
2026-07-15,01_棣栫瑪鏀炬,01_棣栨鎺堜俊,RG7,CL_03,Android,Facebook,02_100%鍙婁互涓?1,1,300000.0,300000.0,0,1,0.0,300000.0,0,1,0.0,300000.0
2026-07-24,01_棣栫瑪鏀炬,01_棣栨鎺堜俊,RG2,CL_01,Android,Google,02_100%鍙婁互涓?2,2,3000000.0,3000000.0,0,2,0.0,3000000.0,0,2,0.0,3000000.0
2026-08-26,01_棣栫瑪鏀炬,01_棣栨鎺堜俊,RG5,CL_05,Android,Google,02_100%鍙婁互涓?1,1,300000.0,300000.0,0,0,0.0,0.0,0,0,0.0,0.0
2026-07-16,01_棣栫瑪鏀炬,02_闈為娆℃巿淇?RG4,CL_03,Android,Facebook,02_100%鍙婁互涓?2,2,1000000.0,1000000.0,0,2,0.0,1000000.0,0,2,0.0,1000000.0
2026-08-14,01_棣栫瑪鏀炬,01_棣栨鎺堜俊,RG2,CL_03,Android,Facebook,02_100%鍙婁互涓?2,2,1200000.0,1200000.0,1,2,400000.0,1200000.0,0,0,0.0,0.0
2026-08-14,01_棣栫瑪鏀炬,02_闈為娆℃巿淇?RG4,CL_05,Android,Google,02_100%鍙婁互涓?1,1,400000.0,400000.0,0,1,0.0,400000.0,0,0,0.0,0.0
2026-08-05,01_棣栫瑪鏀炬,01_棣栨鎺堜俊,RG2,CL_07,Android,Tiktok,02_100%鍙婁互涓?1,1,1200000.0,1200000.0,0,1,0.0,1200000.0,0,1,0.0,1200000.0
2026-08-21,01_棣栫瑪鏀炬,01_棣栨鎺堜俊,RG4,CL_05,iOS,Tiktok,02_100%鍙婁互涓?1,1,600000.0,600000.0,0,1,0.0,600000.0,0,0,0.0,0.0
2026-07-22,01_棣栫瑪鏀炬,01_棣栨鎺堜俊,RG2,CL_05,Android,Facebook,02_100%鍙婁互涓?8,8,9200000.0,8800000.0,4,8,4400000.0,9200000.0,4,8,4400000.0,9200000.0
2026-07-29,01_棣栫瑪鏀炬,02_闈為娆℃巿淇?RG5,CL_05,Android,Google,02_100%鍙婁互涓?1,1,400000.0,400000.0,0,1,0.0,400000.0,0,1,0.0,400000.0
2026-08-19,01_棣栫瑪鏀炬,01_棣栨鎺堜俊,RG2,CL_01,iOS,Facebook,02_100%鍙婁互涓?1,1,2000000.0,2000000.0,0,1,0.0,2000000.0,0,0,0.0,0.0
2026-08-04,01_棣栫瑪鏀炬,02_闈為娆℃巿淇?RG7,CL_05,Android,Facebook,02_100%鍙婁互涓?2,2,600000.0,600000.0,1,2,300000.0,600000.0,1,2,300000.0,600000.0
2026-08-07,01_棣栫瑪鏀炬,02_闈為娆℃巿淇?RG4,CL_05,Android,Facebook,02_100%鍙婁互涓?10,10,4600000.0,4600000.0,4,10,1800000.0,4600000.0,4,10,1800000.0,4600000.0
2026-08-01,01_棣栫瑪鏀炬,01_棣栨鎺堜俊,RG5,CL_05,iOS,Google,02_100%鍙婁互涓?1,1,300000.0,300000.0,0,1,0.0,300000.0,0,1,0.0,300000.0
2026-08-01,01_棣栫瑪鏀炬,01_棣栨鎺堜俊,RG4,CL_05,iOS,Organic,02_100%鍙婁互涓?8,8,5600000.0,5200000.0,2,8,1400000.0,5600000.0,1,8,800000.0,5600000.0
2026-07-18,01_棣栫瑪鏀炬,01_棣栨鎺堜俊,RG4,CL_05,Android,绌哄€?02_100%鍙婁互涓?1,1,400000.0,400000.0,1,1,400000.0,400000.0,0,1,0.0,400000.0
2026-07-23,01_棣栫瑪鏀炬,01_棣栨鎺堜俊,RG5,CL_05,Android,Tiktok,02_100%鍙婁互涓?3,3,1200000.0,1200000.0,1,3,400000.0,1200000.0,0,3,0.0,1200000.0
2026-08-30,01_棣栫瑪鏀炬,01_棣栨鎺堜俊,RG1,CL_01,Android,Tiktok,02_100%鍙婁互涓?2,2,3000000.0,3000000.0,0,0,0.0,0.0,0,0,0.0,0.0
2026-08-29,01_棣栫瑪鏀炬,02_闈為娆℃巿淇?RG5,CL_05,Android,Facebook,02_100%鍙婁互涓?1,1,300000.0,300000.0,0,0,0.0,0.0,0,0,0.0,0.0
2026-07-12,01_棣栫瑪鏀炬,01_棣栨鎺堜俊,RG2,CL_04,iOS,ASA,02_100%鍙婁互涓?1,1,1200000.0,1200000.0,0,1,0.0,1200000.0,0,1,0.0,1200000.0
2026-07-12,01_棣栫瑪鏀炬,01_棣栨鎺堜俊,RG0,CL_01,iOS,Organic,02_100%鍙婁互涓?2,2,8000000.0,8000000.0,0,2,0.0,8000000.0,0,2,0.0,8000000.0
2026-08-19,01_棣栫瑪鏀炬,02_闈為娆℃巿淇?RG3,CL_05,Android,Organic,02_100%鍙婁互涓?2,2,1600000.0,1600000.0,0,2,0.0,1600000.0,0,0,0.0,0.0
2026-08-02,01_棣栫瑪鏀炬,01_棣栨鎺堜俊,RG4,CL_05,iOS,Organic,01_100%浠ヤ笅,1,1,300000.0,600000.0,0,1,0.0,300000.0,0,1,0.0,300000.0
2026-07-30,01_棣栫瑪鏀炬,01_棣栨鎺堜俊,RG4,CL_05,iOS,Tiktok,02_100%鍙婁互涓?3,3,1800000.0,1800000.0,1,3,600000.0,1800000.0,1,3,600000.0,1800000.0
2026-08-12,01_棣栫瑪鏀炬,01_棣栨鎺堜俊,RG4,CL_05,Android,Organic,01_100%浠ヤ笅,1,1,300000.0,600000.0,1,1,300000.0,300000.0,1,1,300000.0,300000.0
2026-08-28,01_棣栫瑪鏀炬,01_棣栨鎺堜俊,RG5,CL_05,Android,Organic,02_100%鍙婁互涓?1,1,600000.0,400000.0,0,0,0.0,0.0,0,0,0.0,0.0
2026-07-22,01_棣栫瑪鏀炬,01_棣栨鎺堜俊,RG2,CL_05,iOS,ASA,02_100%鍙婁互涓?1,1,1800000.0,1200000.0,0,1,0.0,1800000.0,0,1,0.0,1800000.0
2026-07-10,01_棣栫瑪鏀炬,01_棣栨鎺堜俊,RG3,CL_05,Android,Google,02_100%鍙婁互涓?1,1,800000.0,800000.0,1,1,800000.0,800000.0,1,1,800000.0,800000.0
2026-08-17,01_棣栫瑪鏀炬,01_棣栨鎺堜俊,RG2,CL_05,Android,Facebook,01_100%浠ヤ笅,1,1,700000.0,1200000.0,0,1,0.0,700000.0,0,0,0.0,0.0
2026-08-20,01_棣栫瑪鏀炬,02_闈為娆℃巿淇?RG4,CL_05,Android,Google,02_100%鍙婁互涓?2,2,1100000.0,1100000.0,1,2,500000.0,1100000.0,0,0,0.0,0.0
2026-07-24,01_棣栫瑪鏀炬,01_棣栨鎺堜俊,RG3,CL_05,Android,Google,01_100%浠ヤ笅,2,2,600000.0,1400000.0,2,2,600000.0,600000.0,2,2,600000.0,600000.0
2026-07-27,01_棣栫瑪鏀炬,01_棣栨鎺堜俊,RG6,CL_05,Android,Facebook,02_100%鍙婁互涓?2,2,700000.0,700000.0,1,2,400000.0,700000.0,1,2,400000.0,700000.0
2026-07-22,01_棣栫瑪鏀炬,02_闈為娆℃巿淇?RG5,CL_05,iOS,ASA,02_100%鍙婁互涓?1,1,300000.0,300000.0,0,1,0.0,300000.0,0,1,0.0,300000.0
2026-07-16,01_棣栫瑪鏀炬,01_棣栨鎺堜俊,RG2,CL_01,iOS,Facebook,02_100%鍙婁互涓?2,2,4600000.0,4600000.0,0,2,0.0,4600000.0,0,2,0.0,4600000.0
2026-07-21,01_棣栫瑪鏀炬,01_棣栨鎺堜俊,RG4,CL_05,Android,Organic,02_100%鍙婁互涓?3,3,1800000.0,1800000.0,1,3,600000.0,1800000.0,0,3,0.0,1800000.0
2026-07-28,01_棣栫瑪鏀炬,01_棣栨鎺堜俊,RG3,CL_05,Android,ASA,02_100%鍙婁互涓?1,1,800000.0,800000.0,0,1,0.0,800000.0,0,1,0.0,800000.0
2026-09-04,01_棣栫瑪鏀炬,01_棣栨鎺堜俊,RG2,CL_07,Android,Facebook,02_100%鍙婁互涓?3,3,3900000.0,3900000.0,0,0,0.0,0.0,0,0,0.0,0.0
2026-07-14,01_棣栫瑪鏀炬,01_棣栨鎺堜俊,RG2,CL_01,Android,Facebook,02_100%鍙婁互涓?8,8,1.38E7,1.2E7,1,8,1500000.0,1.38E7,1,8,1500000.0,1.38E7
2026-08-24,01_棣栫瑪鏀炬,02_闈為娆℃巿淇?RG5,CL_05,iOS,ASA,02_100%鍙婁互涓?1,1,400000.0,400000.0,0,0,0.0,0.0,0,0,0.0,0.0
2026-08-13,01_棣栫瑪鏀炬,01_棣栨鎺堜俊,RG4,CL_05,Android,ASA,01_100%浠ヤ笅,1,1,300000.0,400000.0,0,1,0.0,300000.0,0,1,0.0,300000.0
2026-08-25,01_棣栫瑪鏀炬,01_棣栨鎺堜俊,RG2,CL_05,Android,Tiktok,02_100%鍙婁互涓?2,2,2600000.0,2200000.0,0,0,0.0,0.0,0,0,0.0,0.0
2026-09-07,01_棣栫瑪鏀炬,01_棣栨鎺堜俊,RG5,CL_05,iOS,Tiktok,02_100%鍙婁互涓?1,1,400000.0,400000.0,0,0,0.0,0.0,0,0,0.0,0.0
2026-08-26,01_棣栫瑪鏀炬,01_棣栨鎺堜俊,RG4,CL_05,Android,Organic,02_100%鍙婁互涓?1,1,300000.0,300000.0,0,0,0.0,0.0,0,0,0.0,0.0
2026-08-11,01_棣栫瑪鏀炬,01_棣栨鎺堜俊,RG7,CL_05,Android,Google,02_100%鍙婁互涓?3,3,900000.0,900000.0,2,3,600000.0,900000.0,2,3,600000.0,900000.0
2026-07-25,01_棣栫瑪鏀炬,01_棣栨鎺堜俊,RG4,CL_05,Android,Facebook,02_100%鍙婁互涓?8,8,4000000.0,4000000.0,7,8,3600000.0,4000000.0,4,8,1800000.0,4000000.0
2026-07-17,01_棣栫瑪鏀炬,01_棣栨鎺堜俊,RG4,CL_05,iOS,Facebook,02_100%鍙婁互涓?1,1,600000.0,600000.0,0,1,0.0,600000.0,0,1,0.0,600000.0
2026-08-22,01_棣栫瑪鏀炬,01_棣栨鎺堜俊,RG3,CL_05,Android,Google,02_100%鍙婁互涓?22,22,1.6E7,1.54E7,10,22,7100000.0,1.6E7,0,0,0.0,0.0
2026-07-18,01_棣栫瑪鏀炬,02_闈為娆℃巿淇?RG5,CL_05,Android,Organic,02_100%鍙婁互涓?1,1,300000.0,300000.0,1,1,300000.0,300000.0,1,1,300000.0,300000.0
2026-08-12,01_棣栫瑪鏀炬,01_棣栨鎺堜俊,RG2,CL_07,iOS,Organic,02_100%鍙婁互涓?1,1,1500000.0,1500000.0,1,1,1500000.0,1500000.0,0,1,0.0,1500000.0
2026-09-01,01_棣栫瑪鏀炬,01_棣栨鎺堜俊,RG3,CL_05,Android,Organic,02_100%鍙婁互涓?6,6,4400000.0,4000000.0,0,0,0.0,0.0,0,0,0.0,0.0
2026-08-07,01_棣栫瑪鏀炬,01_棣栨鎺堜俊,RG4,CL_05,iOS,Facebook,02_100%鍙婁互涓?1,1,600000.0,600000.0,0,1,0.0,600000.0,0,1,0.0,600000.0
2026-07-12,01_棣栫瑪鏀炬,01_棣栨鎺堜俊,RG5,CL_05,iOS,Organic,02_100%鍙婁互涓?2,2,1000000.0,800000.0,1,2,600000.0,1000000.0,1,2,600000.0,1000000.0
2026-08-11,01_棣栫瑪鏀炬,01_棣栨鎺堜俊,RG5,CL_05,Android,Google,02_100%鍙婁互涓?12,12,4600000.0,4600000.0,7,12,2600000.0,4600000.0,4,12,1500000.0,4600000.0
2026-08-11,01_棣栫瑪鏀炬,01_棣栨鎺堜俊,RG4,CL_05,Android,Organic,02_100%鍙婁互涓?2,2,1000000.0,1000000.0,0,2,0.0,1000000.0,0,2,0.0,1000000.0
2026-07-28,01_棣栫瑪鏀炬,01_棣栨鎺堜俊,RG2,CL_07,iOS,Tiktok,02_100%鍙婁互涓?1,1,1500000.0,1500000.0,0,1,0.0,1500000.0,0,1,0.0,1500000.0
2026-07-19,01_棣栫瑪鏀炬,02_闈為娆℃巿淇?RG4,CL_05,Android,Facebook,01_100%浠ヤ笅,1,1,500000.0,600000.0,1,1,500000.0,500000.0,1,1,500000.0,500000.0
2026-07-16,01_棣栫瑪鏀炬,02_闈為娆℃巿淇?RG3,CL_04,Android,Google,02_100%鍙婁互涓?1,1,600000.0,600000.0,1,1,600000.0,600000.0,1,1,600000.0,600000.0
2026-07-14,01_棣栫瑪鏀炬,01_棣栨鎺堜俊,RG2,CL_03,Android,Tiktok,02_100%鍙婁互涓?1,1,1000000.0,1000000.0,0,1,0.0,1000000.0,0,1,0.0,1000000.0
2026-09-02,01_棣栫瑪鏀炬,02_闈為娆℃巿淇?RG3,CL_05,Android,Google,02_100%鍙婁互涓?1,1,600000.0,600000.0,0,0,0.0,0.0,0,0,0.0,0.0
2026-08-19,01_棣栫瑪鏀炬,02_闈為娆℃巿淇?RG4,CL_05,Android,Facebook,01_100%浠ヤ笅,1,1,300000.0,400000.0,0,1,0.0,300000.0,0,0,0.0,0.0
2026-08-15,01_棣栫瑪鏀炬,01_棣栨鎺堜俊,RG0,CL_01,iOS,Tiktok,02_100%鍙婁互涓?1,1,4000000.0,4000000.0,0,1,0.0,4000000.0,0,0,0.0,0.0
2026-08-07,01_棣栫瑪鏀炬,01_棣栨鎺堜俊,RG7,CL_05,Android,Tiktok,02_100%鍙婁互涓?1,1,300000.0,300000.0,0,1,0.0,300000.0,0,1,0.0,300000.0
2026-07-23,01_棣栫瑪鏀炬,01_棣栨鎺堜俊,RG2,CL_05,Android,Facebook,01_100%浠ヤ笅,1,1,500000.0,1000000.0,0,1,0.0,500000.0,0,1,0.0,500000.0
2026-08-03,01_棣栫瑪鏀炬,01_棣栨鎺堜俊,RG5,CL_05,iOS,Organic,02_100%鍙婁互涓?16,16,6500000.0,5500000.0,7,16,2800000.0,6500000.0,6,16,2500000.0,6500000.0
2026-07-20,01_棣栫瑪鏀炬,01_棣栨鎺堜俊,RG5,CL_03,iOS,ASA,02_100%鍙婁互涓?1,1,300000.0,300000.0,0,1,0.0,300000.0,0,1,0.0,300000.0
2026-07-23,01_棣栫瑪鏀炬,01_棣栨鎺堜俊,RG4,CL_05,iOS,Facebook,02_100%鍙婁互涓?3,3,2000000.0,1800000.0,1,3,600000.0,2000000.0,1,3,600000.0,2000000.0
2026-07-31,01_棣栫瑪鏀炬,01_棣栨鎺堜俊,RG2,CL_05,Android,Tiktok,02_100%鍙婁互涓?2,2,2000000.0,2000000.0,2,2,2000000.0,2000000.0,1,2,1000000.0,2000000.0
2026-07-26,01_棣栫瑪鏀炬,01_棣栨鎺堜俊,RG3,CL_05,Android,Facebook,02_100%鍙婁互涓?11,11,7900000.0,7800000.0,3,11,2500000.0,7900000.0,2,11,1700000.0,7900000.0
2026-08-24,01_棣栫瑪鏀炬,01_棣栨鎺堜俊,RG1,CL_01,iOS,Facebook,02_100%鍙婁互涓?2,2,5000000.0,5000000.0,0,0,0.0,0.0,0,0,0.0,0.0
2026-07-25,01_棣栫瑪鏀炬,01_棣栨鎺堜俊,RG3,CL_05,Android,Google,02_100%鍙婁互涓?22,22,1.56E7,1.54E7,11,22,7800000.0,1.56E7,9,22,6400000.0,1.56E7
2026-08-19,01_棣栫瑪鏀炬,01_棣栨鎺堜俊,RG3,CL_05,iOS,Organic,02_100%鍙婁互涓?7,7,8000000.0,7200000.0,2,6,2000000.0,7000000.0,0,0,0.0,0.0
2026-08-22,01_棣栫瑪鏀炬,01_棣栨鎺堜俊,RG4,CL_05,Android,Facebook,02_100%鍙婁互涓?8,8,3600000.0,3600000.0,3,8,1500000.0,3600000.0,0,0,0.0,0.0
2026-08-26,01_棣栫瑪鏀炬,02_闈為娆℃巿淇?RG3,CL_05,Android,Tiktok,02_100%鍙婁互涓?2,2,1600000.0,1600000.0,0,0,0.0,0.0,0,0,0.0,0.0
2026-07-20,01_棣栫瑪鏀炬,02_闈為娆℃巿淇?RG5,CL_05,iOS,Organic,02_100%鍙婁互涓?5,5,1800000.0,1800000.0,1,5,400000.0,1800000.0,1,5,400000.0,1800000.0
2026-08-02,01_棣栫瑪鏀炬,01_棣栨鎺堜俊,RG7,CL_05,Android,Tiktok,02_100%鍙婁互涓?3,3,900000.0,900000.0,1,3,300000.0,900000.0,0,3,0.0,900000.0
2026-08-08,01_棣栫瑪鏀炬,01_棣栨鎺堜俊,RG5,CL_05,iOS,Facebook,02_100%鍙婁互涓?4,4,1700000.0,1500000.0,2,4,900000.0,1700000.0,1,4,500000.0,1700000.0
2026-08-31,01_棣栫瑪鏀炬,01_棣栨鎺堜俊,RG4,CL_05,Android,Google,02_100%鍙婁互涓?5,5,2000000.0,2000000.0,0,0,0.0,0.0,0,0,0.0,0.0
2026-08-26,01_棣栫瑪鏀炬,01_棣栨鎺堜俊,RG4,CL_04,Android,Organic,01_100%浠ヤ笅,1,1,300000.0,400000.0,0,0,0.0,0.0,0,0,0.0,0.0
2026-08-08,01_棣栫瑪鏀炬,01_棣栨鎺堜俊,RG4,CL_05,Android,Tiktok,02_100%鍙婁互涓?11,11,6600000.0,6200000.0,3,10,1600000.0,5400000.0,3,10,1600000.0,5400000.0
2026-07-19,01_棣栫瑪鏀炬,01_棣栨鎺堜俊,RG4,CL_05,iOS,Organic,02_100%鍙婁互涓?5,5,3600000.0,3400000.0,4,5,3000000.0,3600000.0,3,5,2200000.0,3600000.0
2026-08-28,01_棣栫瑪鏀炬,01_棣栨鎺堜俊,RG4,CL_05,Android,Google,02_100%鍙婁互涓?8,8,3300000.0,3300000.0,0,0,0.0,0.0,0,0,0.0,0.0
2026-08-02,01_棣栫瑪鏀炬,02_闈為娆℃巿淇?RG4,CL_05,Android,Organic,01_100%浠ヤ笅,1,1,300000.0,600000.0,0,1,0.0,300000.0,0,1,0.0,300000.0
2026-08-20,01_棣栫瑪鏀炬,01_棣栨鎺堜俊,RG5,CL_05,Android,Tiktok,02_100%鍙婁互涓?4,4,1500000.0,1500000.0,2,4,800000.0,1500000.0,0,0,0.0,0.0
2026-08-10,01_棣栫瑪鏀炬,01_棣栨鎺堜俊,RG4,CL_05,Android,Organic,02_100%鍙婁互涓?4,4,1800000.0,1800000.0,2,4,800000.0,1800000.0,0,4,0.0,1800000.0
2026-07-18,01_棣栫瑪鏀炬,02_闈為娆℃巿淇?RG4,CL_05,Android,Facebook,02_100%鍙婁互涓?4,4,2000000.0,2000000.0,2,4,800000.0,2000000.0,2,4,800000.0,2000000.0
2026-08-19,01_棣栫瑪鏀炬,01_棣栨鎺堜俊,RG3,CL_05,Android,Tiktok,02_100%鍙婁互涓?10,10,7800000.0,7600000.0,5,10,4000000.0,7800000.0,0,0,0.0,0.0
2026-08-31,01_棣栫瑪鏀炬,01_棣栨鎺堜俊,RG0,CL_01,iOS,Tiktok,02_100%鍙婁互涓?1,1,5000000.0,4000000.0,0,0,0.0,0.0,0,0,0.0,0.0
2026-08-17,01_棣栫瑪鏀炬,01_棣栨鎺堜俊,RG0,CL_01,iOS,Organic,02_100%鍙婁互涓?1,1,5200000.0,5200000.0,0,1,0.0,5200000.0,0,0,0.0,0.0
2026-08-23,01_棣栫瑪鏀炬,02_闈為娆℃巿淇?RG1,CL_01,Android,Organic,02_100%鍙婁互涓?1,1,1500000.0,1500000.0,0,1,0.0,1500000.0,0,0,0.0,0.0
2026-09-02,01_棣栫瑪鏀炬,01_棣栨鎺堜俊,RG1,CL_01,iOS,Organic,02_100%鍙婁互涓?5,5,1.33E7,1.33E7,0,0,0.0,0.0,0,0,0.0,0.0
2026-08-27,01_棣栫瑪鏀炬,01_棣栨鎺堜俊,RG2,CL_05,iOS,Facebook,02_100%鍙婁互涓?1,1,1200000.0,1200000.0,0,0,0.0,0.0,0,0,0.0,0.0
2026-08-17,01_棣栫瑪鏀炬,02_闈為娆℃巿淇?RG6,CL_05,Android,Organic,02_100%鍙婁互涓?1,1,300000.0,300000.0,1,1,300000.0,300000.0,0,0,0.0,0.0
2026-08-21,01_棣栫瑪鏀炬,01_棣栨鎺堜俊,RG3,CL_05,Android,Google,01_100%浠ヤ笅,3,3,1300000.0,1800000.0,1,3,500000.0,1300000.0,0,0,0.0,0.0
2026-08-04,01_棣栫瑪鏀炬,01_棣栨鎺堜俊,RG4,CL_05,iOS,Organic,02_100%鍙婁互涓?3,3,2200000.0,2200000.0,0,3,0.0,2200000.0,0,3,0.0,2200000.0
2026-07-18,01_棣栫瑪鏀炬,01_棣栨鎺堜俊,RG2,CL_04,Android,Facebook,02_100%鍙婁互涓?1,1,1000000.0,1000000.0,0,1,0.0,1000000.0,0,1,0.0,1000000.0
2026-08-22,01_棣栫瑪鏀炬,01_棣栨鎺堜俊,RG0,CL_06,iOS,Tiktok,02_100%鍙婁互涓?1,1,6000000.0,6000000.0,0,1,0.0,6000000.0,0,0,0.0,0.0
2026-08-08,01_棣栫瑪鏀炬,01_棣栨鎺堜俊,RG3,CL_05,iOS,Organic,02_100%鍙婁互涓?6,6,6400000.0,6000000.0,2,6,2400000.0,6400000.0,1,6,1200000.0,6400000.0
2026-08-14,01_棣栫瑪鏀炬,01_棣栨鎺堜俊,RG3,CL_04,iOS,Organic,02_100%鍙婁互涓?2,2,2600000.0,2000000.0,0,2,0.0,2600000.0,0,0,0.0,0.0
2026-07-25,01_棣栫瑪鏀炬,01_棣栨鎺堜俊,RG1,CL_01,Android,Organic,02_100%鍙婁互涓?1,1,1500000.0,1500000.0,0,1,0.0,1500000.0,0,1,0.0,1500000.0
2026-08-24,01_棣栫瑪鏀炬,01_棣栨鎺堜俊,RG5,CL_05,iOS,Google,02_100%鍙婁互涓?1,1,400000.0,400000.0,0,0,0.0,0.0,0,0,0.0,0.0
2026-07-13,01_棣栫瑪鏀炬,02_闈為娆℃巿淇?RG2,CL_03,iOS,鍏朵粬,02_100%鍙婁互涓?1,1,1500000.0,1200000.0,0,1,0.0,1500000.0,0,1,0.0,1500000.0
2026-07-12,01_棣栫瑪鏀炬,01_棣栨鎺堜俊,RG3,CL_05,iOS,Facebook,02_100%鍙婁互涓?2,2,2200000.0,2200000.0,0,2,0.0,2200000.0,0,2,0.0,2200000.0
2026-08-17,01_棣栫瑪鏀炬,01_棣栨鎺堜俊,RG3,CL_05,iOS,Organic,01_100%浠ヤ笅,1,1,400000.0,800000.0,1,1,400000.0,400000.0,0,0,0.0,0.0
2026-08-20,01_棣栫瑪鏀炬,02_闈為娆℃巿淇?RG4,CL_05,Android,Facebook,02_100%鍙婁互涓?5,5,2200000.0,2200000.0,1,5,500000.0,2200000.0,0,0,0.0,0.0
2026-07-18,01_棣栫瑪鏀炬,02_闈為娆℃巿淇?RG3,CL_05,Android,Facebook,02_100%鍙婁互涓?4,4,3000000.0,2800000.0,2,4,1600000.0,3000000.0,2,4,1600000.0,3000000.0
2026-07-29,01_棣栫瑪鏀炬,01_棣栨鎺堜俊,RG4,CL_05,Android,Organic,02_100%鍙婁互涓?6,6,2800000.0,2800000.0,3,6,1400000.0,2800000.0,3,6,1400000.0,2800000.0
2026-07-13,01_棣栫瑪鏀炬,01_棣栨鎺堜俊,RG5,CL_04,Android,Organic,02_100%鍙婁互涓?2,2,800000.0,800000.0,0,2,0.0,800000.0,0,2,0.0,800000.0
2026-08-29,01_棣栫瑪鏀炬,01_棣栨鎺堜俊,RG4,CL_05,Android,Facebook,01_100%浠ヤ笅,1,1,400000.0,500000.0,0,0,0.0,0.0,0,0,0.0,0.0
2026-09-03,01_棣栫瑪鏀炬,01_棣栨鎺堜俊,RG3,CL_05,iOS,Tiktok,02_100%鍙婁互涓?1,1,800000.0,800000.0,0,0,0.0,0.0,0,0,0.0,0.0
2026-08-13,01_棣栫瑪鏀炬,01_棣栨鎺堜俊,RG5,CL_05,iOS,ASA,02_100%鍙婁互涓?2,2,1000000.0,800000.0,1,2,600000.0,1000000.0,0,2,0.0,1000000.0
2026-07-14,01_棣栫瑪鏀炬,02_闈為娆℃巿淇?RG4,CL_04,Android,Facebook,02_100%鍙婁互涓?1,1,600000.0,600000.0,1,1,600000.0,600000.0,1,1,600000.0,600000.0
2026-08-20,01_棣栫瑪鏀炬,01_棣栨鎺堜俊,RG2,CL_05,Android,Tiktok,02_100%鍙婁互涓?1,1,1600000.0,1200000.0,0,1,0.0,1600000.0,0,0,0.0,0.0
2026-07-30,01_棣栫瑪鏀炬,01_棣栨鎺堜俊,RG2,CL_07,iOS,ASA,02_100%鍙婁互涓?1,1,1500000.0,1500000.0,0,1,0.0,1500000.0,0,1,0.0,1500000.0
2026-08-14,01_棣栫瑪鏀炬,01_棣栨鎺堜俊,RG3,CL_05,Android,Facebook,02_100%鍙婁互涓?7,7,5000000.0,4800000.0,3,7,2600000.0,5000000.0,0,0,0.0,0.0
2026-08-31,01_棣栫瑪鏀炬,01_棣栨鎺堜俊,RG4,CL_05,Android,Tiktok,01_100%浠ヤ笅,1,1,300000.0,600000.0,0,0,0.0,0.0,0,0,0.0,0.0
2026-08-04,01_棣栫瑪鏀炬,01_棣栨鎺堜俊,RG2,CL_05,Android,Tiktok,01_100%浠ヤ笅,1,1,700000.0,1200000.0,0,1,0.0,700000.0,0,1,0.0,700000.0
2026-08-15,01_棣栫瑪鏀炬,01_棣栨鎺堜俊,RG2,CL_05,Android,Organic,02_100%鍙婁互涓?3,3,3200000.0,3200000.0,3,3,3200000.0,3200000.0,0,0,0.0,0.0
2026-08-14,01_棣栫瑪鏀炬,01_棣栨鎺堜俊,RG2,CL_05,iOS,Organic,02_100%鍙婁互涓?1,1,1200000.0,1200000.0,1,1,1200000.0,1200000.0,0,0,0.0,0.0
2026-08-29,01_棣栫瑪鏀炬,02_闈為娆℃巿淇?RG4,CL_05,iOS,Organic,02_100%鍙婁互涓?1,1,1000000.0,800000.0,0,0,0.0,0.0,0,0,0.0,0.0
2026-08-19,01_棣栫瑪鏀炬,02_闈為娆℃巿淇?RG3,CL_05,iOS,Organic,02_100%鍙婁互涓?2,2,2000000.0,1600000.0,1,2,1000000.0,2000000.0,0,0,0.0,0.0
2026-07-14,01_棣栫瑪鏀炬,02_闈為娆℃巿淇?RG3,CL_04,Android,Facebook,02_100%鍙婁互涓?2,2,1600000.0,1600000.0,0,2,0.0,1600000.0,0,2,0.0,1600000.0
2026-08-29,01_棣栫瑪鏀炬,02_闈為娆℃巿淇?RG4,CL_05,Android,Tiktok,02_100%鍙婁互涓?2,2,1100000.0,1100000.0,0,0,0.0,0.0,0,0,0.0,0.0
2026-08-16,01_棣栫瑪鏀炬,01_棣栨鎺堜俊,RG1,CL_01,iOS,Facebook,02_100%鍙婁互涓?1,1,2500000.0,2500000.0,0,1,0.0,2500000.0,0,0,0.0,0.0
2026-08-30,01_棣栫瑪鏀炬,02_闈為娆℃巿淇?RG2,CL_04,Android,Facebook,02_100%鍙婁互涓?1,1,1200000.0,1200000.0,0,0,0.0,0.0,0,0,0.0,0.0
2026-07-30,01_棣栫瑪鏀炬,01_棣栨鎺堜俊,RG2,CL_07,Android,Facebook,02_100%鍙婁互涓?3,3,3600000.0,3600000.0,2,3,2400000.0,3600000.0,2,3,2400000.0,3600000.0
2026-07-15,01_棣栫瑪鏀炬,02_闈為娆℃巿淇?RG3,CL_04,Android,Facebook,01_100%浠ヤ笅,1,1,300000.0,800000.0,0,1,0.0,300000.0,0,1,0.0,300000.0
2026-08-01,01_棣栫瑪鏀炬,01_棣栨鎺堜俊,RG5,CL_05,Android,Google,02_100%鍙婁互涓?17,17,6000000.0,6000000.0,9,17,3200000.0,6000000.0,8,17,2800000.0,6000000.0
2026-08-14,01_棣栫瑪鏀炬,01_棣栨鎺堜俊,RG1,CL_01,iOS,Tiktok,02_100%鍙婁互涓?2,2,5000000.0,5000000.0,1,2,2500000.0,5000000.0,0,0,0.0,0.0
2026-08-17,01_棣栫瑪鏀炬,01_棣栨鎺堜俊,RG3,CL_05,Android,Google,02_100%鍙婁互涓?11,11,8300000.0,7800000.0,7,11,5100000.0,8300000.0,0,0,0.0,0.0
2026-07-11,01_棣栫瑪鏀炬,02_闈為娆℃巿淇?RG7,CL_03,Android,Organic,02_100%鍙婁互涓?1,1,300000.0,300000.0,0,1,0.0,300000.0,0,1,0.0,300000.0
2026-08-06,01_棣栫瑪鏀炬,01_棣栨鎺堜俊,RG4,CL_05,Android,Tiktok,02_100%鍙婁互涓?7,7,3400000.0,3400000.0,4,7,1800000.0,3400000.0,4,7,1800000.0,3400000.0
2026-08-07,01_棣栫瑪鏀炬,01_棣栨鎺堜俊,RG3,CL_05,Android,Organic,01_100%浠ヤ笅,1,1,300000.0,600000.0,0,1,0.0,300000.0,0,1,0.0,300000.0
2026-08-21,01_棣栫瑪鏀炬,01_棣栨鎺堜俊,RG2,CL_05,Android,Facebook,02_100%鍙婁互涓?2,2,2600000.0,2200000.0,1,2,1600000.0,2600000.0,0,0,0.0,0.0
2026-07-13,01_棣栫瑪鏀炬,01_棣栨鎺堜俊,RG5,CL_03,Android,Organic,02_100%鍙婁互涓?3,3,900000.0,900000.0,0,3,0.0,900000.0,0,3,0.0,900000.0
2026-07-17,01_棣栫瑪鏀炬,01_棣栨鎺堜俊,RG2,CL_04,iOS,Organic,01_100%浠ヤ笅,1,1,1200000.0,1500000.0,0,1,0.0,1200000.0,0,1,0.0,1200000.0
2026-07-17,01_棣栫瑪鏀炬,01_棣栨鎺堜俊,RG3,CL_05,Android,Facebook,02_100%鍙婁互涓?14,14,1.08E7,1.04E7,7,14,5000000.0,1.08E7,5,14,3400000.0,1.08E7
2026-07-10,01_棣栫瑪鏀炬,01_棣栨鎺堜俊,RG2,CL_03,Android,Facebook,02_100%鍙婁互涓?5,5,5600000.0,5000000.0,1,5,1200000.0,5600000.0,1,5,1200000.0,5600000.0
2026-08-26,01_棣栫瑪鏀炬,02_闈為娆℃巿淇?RG1,CL_01,Android,Google,02_100%鍙婁互涓?1,1,1500000.0,1500000.0,0,0,0.0,0.0,0,0,0.0,0.0
2026-07-10,01_棣栫瑪鏀炬,02_闈為娆℃巿淇?RG7,CL_04,Android,Facebook,02_100%鍙婁互涓?1,1,300000.0,300000.0,0,1,0.0,300000.0,0,1,0.0,300000.0
2026-07-10,01_棣栫瑪鏀炬,01_棣栨鎺堜俊,RG5,CL_03,iOS,Facebook,02_100%鍙婁互涓?5,5,2200000.0,1800000.0,4,5,1800000.0,2200000.0,3,5,1000000.0,2200000.0
2026-07-15,01_棣栫瑪鏀炬,01_棣栨鎺堜俊,RG4,CL_05,iOS,Facebook,02_100%鍙婁互涓?1,1,800000.0,800000.0,0,1,0.0,800000.0,0,1,0.0,800000.0
2026-07-30,01_棣栫瑪鏀炬,02_闈為娆℃巿淇?RG5,CL_05,Android,Google,02_100%鍙婁互涓?3,3,900000.0,900000.0,1,3,300000.0,900000.0,1,3,300000.0,900000.0
2026-07-29,01_棣栫瑪鏀炬,02_闈為娆℃巿淇?RG2,CL_05,Android,Facebook,02_100%鍙婁互涓?3,3,3200000.0,3200000.0,2,3,2200000.0,3200000.0,2,3,2200000.0,3200000.0
2026-07-30,01_棣栫瑪鏀炬,01_棣栨鎺堜俊,RG3,CL_05,iOS,Organic,02_100%鍙婁互涓?5,5,5200000.0,5200000.0,3,5,3200000.0,5200000.0,3,5,3200000.0,5200000.0
2026-08-07,01_棣栫瑪鏀炬,01_棣栨鎺堜俊,RG3,CL_05,iOS,ASA,02_100%鍙婁互涓?2,2,1600000.0,1600000.0,1,2,800000.0,1600000.0,1,2,800000.0,1600000.0
2026-09-04,01_棣栫瑪鏀炬,01_棣栨鎺堜俊,RG3,CL_05,Android,Organic,02_100%鍙婁互涓?1,1,800000.0,800000.0,0,0,0.0,0.0,0,0,0.0,0.0
2026-08-30,01_棣栫瑪鏀炬,01_棣栨鎺堜俊,RG5,CL_05,iOS,Tiktok,02_100%鍙婁互涓?1,1,700000.0,300000.0,0,0,0.0,0.0,0,0,0.0,0.0
2026-08-30,01_棣栫瑪鏀炬,01_棣栨鎺堜俊,RG3,CL_05,Android,Organic,01_100%浠ヤ笅,1,1,700000.0,800000.0,0,0,0.0,0.0,0,0,0.0,0.0
2026-09-04,01_棣栫瑪鏀炬,01_棣栨鎺堜俊,RG2,CL_01,Android,Facebook,02_100%鍙婁互涓?1,1,1800000.0,1500000.0,0,0,0.0,0.0,0,0,0.0,0.0
2026-08-15,01_棣栫瑪鏀炬,01_棣栨鎺堜俊,RG3,CL_05,Android,Tiktok,01_100%浠ヤ笅,1,1,400000.0,600000.0,1,1,400000.0,400000.0,0,0,0.0,0.0
2026-08-15,01_棣栫瑪鏀炬,02_闈為娆℃巿淇?RG4,CL_05,Android,Facebook,02_100%鍙婁互涓?4,4,2200000.0,2200000.0,4,4,2200000.0,2200000.0,0,0,0.0,0.0
2026-07-25,01_棣栫瑪鏀炬,01_棣栨鎺堜俊,RG3,CL_05,iOS,Organic,01_100%浠ヤ笅,1,1,1000000.0,1200000.0,1,1,1000000.0,1000000.0,1,1,1000000.0,1000000.0
2026-07-18,01_棣栫瑪鏀炬,01_棣栨鎺堜俊,RG5,CL_05,Android,Organic,02_100%鍙婁互涓?6,6,2000000.0,2000000.0,3,6,1000000.0,2000000.0,3,6,1000000.0,2000000.0
2026-08-18,01_棣栫瑪鏀炬,02_闈為娆℃巿淇?RG4,CL_05,Android,Tiktok,02_100%鍙婁互涓?3,3,1600000.0,1600000.0,1,3,600000.0,1600000.0,0,0,0.0,0.0
2026-07-14,01_棣栫瑪鏀炬,01_棣栨鎺堜俊,RG2,CL_05,iOS,ASA,02_100%鍙婁互涓?2,2,2700000.0,2700000.0,1,2,1500000.0,2700000.0,1,2,1500000.0,2700000.0
2026-07-13,01_棣栫瑪鏀炬,01_棣栨鎺堜俊,RG6,CL_04,Android,Organic,02_100%鍙婁互涓?1,1,400000.0,400000.0,1,1,400000.0,400000.0,1,1,400000.0,400000.0
2026-07-24,01_棣栫瑪鏀炬,02_闈為娆℃巿淇?RG5,CL_03,Android,Organic,02_100%鍙婁互涓?1,1,700000.0,300000.0,0,1,0.0,700000.0,0,1,0.0,700000.0
2026-07-27,01_棣栫瑪鏀炬,02_闈為娆℃巿淇?RG1,CL_01,iOS,绌哄€?02_100%鍙婁互涓?1,1,3500000.0,2500000.0,0,1,0.0,3500000.0,0,1,0.0,3500000.0
2026-07-24,01_棣栫瑪鏀炬,01_棣栨鎺堜俊,RG3,CL_05,iOS,Organic,02_100%鍙婁互涓?4,4,3600000.0,3600000.0,3,4,2800000.0,3600000.0,2,4,2000000.0,3600000.0
2026-09-01,01_棣栫瑪鏀炬,01_棣栨鎺堜俊,RG4,CL_05,Android,Tiktok,02_100%鍙婁互涓?5,5,2300000.0,2300000.0,0,0,0.0,0.0,0,0,0.0,0.0
2026-08-24,01_棣栫瑪鏀炬,01_棣栨鎺堜俊,RG1,CL_01,iOS,ASA,02_100%鍙婁互涓?1,1,2500000.0,2500000.0,0,0,0.0,0.0,0,0,0.0,0.0
2026-08-18,01_棣栫瑪鏀炬,01_棣栨鎺堜俊,RG3,CL_05,Android,Google,01_100%浠ヤ笅,2,2,600000.0,1200000.0,1,2,300000.0,600000.0,0,0,0.0,0.0
2026-08-08,01_棣栫瑪鏀炬,01_棣栨鎺堜俊,RG7,CL_05,Android,Google,02_100%鍙婁互涓?1,1,300000.0,300000.0,0,1,0.0,300000.0,0,1,0.0,300000.0
2026-07-28,01_棣栫瑪鏀炬,01_棣栨鎺堜俊,RG5,CL_05,Android,Organic,02_100%鍙婁互涓?6,6,2400000.0,2400000.0,3,6,1200000.0,2400000.0,3,6,1200000.0,2400000.0
2026-07-26,01_棣栫瑪鏀炬,01_棣栨鎺堜俊,RG5,CL_04,iOS,Facebook,02_100%鍙婁互涓?2,2,900000.0,700000.0,0,2,0.0,900000.0,0,2,0.0,900000.0
2026-08-02,01_棣栫瑪鏀炬,01_棣栨鎺堜俊,RG1,CL_01,Android,鍏朵粬,02_100%鍙婁互涓?1,1,1000000.0,1000000.0,0,1,0.0,1000000.0,0,1,0.0,1000000.0
2026-07-31,01_棣栫瑪鏀炬,01_棣栨鎺堜俊,RG0,CL_06,iOS,Organic,02_100%鍙婁互涓?1,1,7200000.0,7200000.0,0,1,0.0,7200000.0,0,1,0.0,7200000.0
2026-08-24,01_棣栫瑪鏀炬,01_棣栨鎺堜俊,RG3,CL_05,iOS,Tiktok,02_100%鍙婁互涓?2,2,2000000.0,1600000.0,0,0,0.0,0.0,0,0,0.0,0.0
2026-07-13,01_棣栫瑪鏀炬,01_棣栨鎺堜俊,RG5,CL_05,Android,Facebook,02_100%鍙婁互涓?4,4,1300000.0,1300000.0,4,4,1300000.0,1300000.0,1,4,400000.0,1300000.0
2026-07-14,01_棣栫瑪鏀炬,01_棣栨鎺堜俊,RG3,CL_04,iOS,Facebook,02_100%鍙婁互涓?1,1,800000.0,800000.0,1,1,800000.0,800000.0,1,1,800000.0,800000.0
2026-08-12,01_棣栫瑪鏀炬,01_棣栨鎺堜俊,RG4,CL_05,iOS,Facebook,02_100%鍙婁互涓?2,2,1600000.0,1400000.0,1,2,600000.0,1600000.0,1,2,600000.0,1600000.0
2026-08-09,01_棣栫瑪鏀炬,01_棣栨鎺堜俊,RG0,CL_01,iOS,Organic,02_100%鍙婁互涓?1,1,5200000.0,5200000.0,0,1,0.0,5200000.0,0,1,0.0,5200000.0
2026-07-15,01_棣栫瑪鏀炬,02_闈為娆℃巿淇?RG5,CL_03,iOS,ASA,02_100%鍙婁互涓?1,1,500000.0,300000.0,0,1,0.0,500000.0,0,1,0.0,500000.0
2026-08-16,01_棣栫瑪鏀炬,01_棣栨鎺堜俊,RG0,CL_01,iOS,Facebook,02_100%鍙婁互涓?1,1,4000000.0,4000000.0,0,1,0.0,4000000.0,0,0,0.0,0.0
2026-09-03,01_棣栫瑪鏀炬,01_棣栨鎺堜俊,RG2,CL_07,iOS,Facebook,02_100%鍙婁互涓?1,1,1500000.0,1500000.0,0,0,0.0,0.0,0,0,0.0,0.0
2026-08-15,01_棣栫瑪鏀炬,02_闈為娆℃巿淇?RG2,CL_07,Android,Tiktok,02_100%鍙婁互涓?1,1,1800000.0,1200000.0,1,1,1800000.0,1800000.0,0,0,0.0,0.0
2026-07-10,01_棣栫瑪鏀炬,01_棣栨鎺堜俊,RG1,CL_01,iOS,Organic,02_100%鍙婁互涓?5,5,1.46E7,1.46E7,1,5,2500000.0,1.46E7,0,5,0.0,1.46E7
2026-08-24,01_棣栫瑪鏀炬,01_棣栨鎺堜俊,RG4,CL_05,iOS,Tiktok,02_100%鍙婁互涓?5,5,3200000.0,3000000.0,0,0,0.0,0.0,0,0,0.0,0.0
2026-08-18,01_棣栫瑪鏀炬,01_棣栨鎺堜俊,RG1,CL_01,Android,Facebook,02_100%鍙婁互涓?2,2,3500000.0,3000000.0,0,2,0.0,3500000.0,0,0,0.0,0.0
2026-08-07,01_棣栫瑪鏀炬,01_棣栨鎺堜俊,RG4,CL_05,Android,Google,02_100%鍙婁互涓?18,18,8400000.0,8400000.0,12,18,5800000.0,8400000.0,10,18,4600000.0,8400000.0
2026-07-28,01_棣栫瑪鏀炬,02_闈為娆℃巿淇?RG3,CL_05,iOS,Facebook,02_100%鍙婁互涓?1,1,800000.0,800000.0,1,1,800000.0,800000.0,1,1,800000.0,800000.0
2026-07-25,01_棣栫瑪鏀炬,02_闈為娆℃巿淇?RG7,CL_04,Android,Facebook,02_100%鍙婁互涓?1,1,300000.0,300000.0,1,1,300000.0,300000.0,1,1,300000.0,300000.0
2026-07-11,01_棣栫瑪鏀炬,01_棣栨鎺堜俊,RG5,CL_04,iOS,鍏朵粬,02_100%鍙婁互涓?2,2,1000000.0,800000.0,0,2,0.0,1000000.0,0,2,0.0,1000000.0
2026-08-09,01_棣栫瑪鏀炬,02_闈為娆℃巿淇?RG3,CL_05,Android,Google,02_100%鍙婁互涓?1,1,600000.0,600000.0,0,1,0.0,600000.0,0,1,0.0,600000.0
2026-08-09,01_棣栫瑪鏀炬,01_棣栨鎺堜俊,RG3,CL_03,iOS,Organic,02_100%鍙婁互涓?1,1,1200000.0,1200000.0,1,1,1200000.0,1200000.0,1,1,1200000.0,1200000.0
2026-08-03,01_棣栫瑪鏀炬,01_棣栨鎺堜俊,RG3,CL_05,iOS,ASA,02_100%鍙婁互涓?2,2,2200000.0,2000000.0,2,2,2200000.0,2200000.0,1,2,800000.0,2200000.0
2026-08-01,01_棣栫瑪鏀炬,01_棣栨鎺堜俊,RG7,CL_05,Android,Google,02_100%鍙婁互涓?3,3,900000.0,900000.0,2,3,600000.0,900000.0,2,3,600000.0,900000.0
2026-08-25,01_棣栫瑪鏀炬,01_棣栨鎺堜俊,RG0,CL_01,iOS,Organic,02_100%鍙婁互涓?1,1,4800000.0,4800000.0,0,0,0.0,0.0,0,0,0.0,0.0
2026-08-19,01_棣栫瑪鏀炬,01_棣栨鎺堜俊,RG5,CL_05,Android,Facebook,02_100%鍙婁互涓?1,1,400000.0,400000.0,1,1,400000.0,400000.0,0,0,0.0,0.0
2026-08-30,01_棣栫瑪鏀炬,01_棣栨鎺堜俊,RG4,CL_05,Android,Facebook,02_100%鍙婁互涓?4,4,1900000.0,1900000.0,0,0,0.0,0.0,0,0,0.0,0.0
2026-07-28,01_棣栫瑪鏀炬,02_闈為娆℃巿淇?RG5,CL_05,Android,Tiktok,02_100%鍙婁互涓?1,1,400000.0,400000.0,0,1,0.0,400000.0,0,1,0.0,400000.0
2026-07-27,01_棣栫瑪鏀炬,01_棣栨鎺堜俊,RG2,CL_05,Android,Facebook,02_100%鍙婁互涓?4,4,4600000.0,4200000.0,1,4,1000000.0,4600000.0,1,4,1000000.0,4600000.0
2026-07-15,01_棣栫瑪鏀炬,01_棣栨鎺堜俊,RG5,CL_05,iOS,Organic,02_100%鍙婁互涓?7,7,2400000.0,2200000.0,3,7,1100000.0,2400000.0,0,7,0.0,2400000.0
2026-09-01,01_棣栫瑪鏀炬,02_闈為娆℃巿淇?RG4,CL_05,iOS,Tiktok,02_100%鍙婁互涓?1,1,600000.0,600000.0,0,0,0.0,0.0,0,0,0.0,0.0
2026-07-28,01_棣栫瑪鏀炬,01_棣栨鎺堜俊,RG2,CL_01,iOS,Tiktok,02_100%鍙婁互涓?1,1,2000000.0,2000000.0,0,1,0.0,2000000.0,0,1,0.0,2000000.0
2026-07-12,01_棣栫瑪鏀炬,01_棣栨鎺堜俊,RG4,CL_04,Android,Organic,02_100%鍙婁互涓?1,1,600000.0,600000.0,1,1,600000.0,600000.0,0,1,0.0,600000.0
2026-08-17,01_棣栫瑪鏀炬,01_棣栨鎺堜俊,RG4,CL_05,Android,Google,02_100%鍙婁互涓?23,23,1.1E7,1.1E7,11,23,5000000.0,1.1E7,0,0,0.0,0.0
2026-07-30,01_棣栫瑪鏀炬,02_闈為娆℃巿淇?RG5,CL_05,Android,Facebook,02_100%鍙婁互涓?5,5,1900000.0,1900000.0,4,5,1600000.0,1900000.0,4,5,1600000.0,1900000.0
2026-07-19,01_棣栫瑪鏀炬,01_棣栨鎺堜俊,RG2,CL_05,Android,绌哄€?02_100%鍙婁互涓?1,1,1200000.0,1200000.0,1,1,1200000.0,1200000.0,0,1,0.0,1200000.0
2026-07-11,01_棣栫瑪鏀炬,02_闈為娆℃巿淇?RG6,CL_03,Android,Organic,02_100%鍙婁互涓?1,1,300000.0,300000.0,0,1,0.0,300000.0,0,1,0.0,300000.0
2026-07-10,01_棣栫瑪鏀炬,01_棣栨鎺堜俊,RG5,CL_03,iOS,Organic,01_100%浠ヤ笅,1,1,300000.0,400000.0,0,1,0.0,300000.0,0,1,0.0,300000.0
2026-08-16,01_棣栫瑪鏀炬,01_棣栨鎺堜俊,RG4,CL_05,Android,Tiktok,02_100%鍙婁互涓?10,10,5000000.0,5000000.0,6,10,3200000.0,5000000.0,0,0,0.0,0.0
2026-08-26,01_棣栫瑪鏀炬,01_棣栨鎺堜俊,RG3,CL_05,Android,Tiktok,02_100%鍙婁互涓?9,9,7200000.0,6800000.0,0,0,0.0,0.0,0,0,0.0,0.0
2026-08-11,01_棣栫瑪鏀炬,02_闈為娆℃巿淇?RG5,CL_05,Android,Google,02_100%鍙婁互涓?4,4,1600000.0,1600000.0,3,4,1200000.0,1600000.0,1,4,400000.0,1600000.0
2026-08-28,01_棣栫瑪鏀炬,01_棣栨鎺堜俊,RG3,CL_05,iOS,Facebook,02_100%鍙婁互涓?2,2,2000000.0,2000000.0,0,0,0.0,0.0,0,0,0.0,0.0
2026-07-25,01_棣栫瑪鏀炬,01_棣栨鎺堜俊,RG2,CL_05,Android,Google,01_100%浠ヤ笅,1,1,800000.0,1000000.0,0,1,0.0,800000.0,0,1,0.0,800000.0
2026-09-05,01_棣栫瑪鏀炬,01_棣栨鎺堜俊,RG2,CL_07,iOS,Organic,02_100%鍙婁互涓?4,4,6900000.0,6900000.0,0,0,0.0,0.0,0,0,0.0,0.0
2026-07-16,01_棣栫瑪鏀炬,01_棣栨鎺堜俊,RG3,CL_05,Android,Facebook,01_100%浠ヤ笅,1,1,500000.0,800000.0,0,1,0.0,500000.0,0,1,0.0,500000.0
2026-08-18,01_棣栫瑪鏀炬,01_棣栨鎺堜俊,RG4,CL_05,Android,Google,01_100%浠ヤ笅,1,1,300000.0,600000.0,0,1,0.0,300000.0,0,0,0.0,0.0
2026-07-26,01_棣栫瑪鏀炬,02_闈為娆℃巿淇?RG4,CL_05,Android,Facebook,02_100%鍙婁互涓?4,4,2200000.0,2200000.0,3,4,1600000.0,2200000.0,3,4,1600000.0,2200000.0
2026-07-29,01_棣栫瑪鏀炬,01_棣栨鎺堜俊,RG7,CL_05,Android,Facebook,02_100%鍙婁互涓?2,2,600000.0,600000.0,1,2,300000.0,600000.0,1,2,300000.0,600000.0
2026-07-16,01_棣栫瑪鏀炬,01_棣栨鎺堜俊,RG6,CL_03,Android,Organic,02_100%鍙婁互涓?1,1,300000.0,300000.0,0,1,0.0,300000.0,0,1,0.0,300000.0
2026-08-19,01_棣栫瑪鏀炬,01_棣栨鎺堜俊,RG3,CL_05,Android,Organic,02_100%鍙婁互涓?6,6,4400000.0,4200000.0,1,6,600000.0,4400000.0,0,0,0.0,0.0
2026-07-22,01_棣栫瑪鏀炬,01_棣栨鎺堜俊,RG2,CL_05,iOS,Facebook,02_100%鍙婁互涓?1,1,1500000.0,1500000.0,1,1,1500000.0,1500000.0,1,1,1500000.0,1500000.0
2026-08-06,01_棣栫瑪鏀炬,02_闈為娆℃巿淇?RG5,CL_05,Android,Facebook,02_100%鍙婁互涓?3,3,1100000.0,1100000.0,0,3,0.0,1100000.0,0,3,0.0,1100000.0
2026-07-16,01_棣栫瑪鏀炬,01_棣栨鎺堜俊,RG3,CL_05,Android,Organic,02_100%鍙婁互涓?1,1,800000.0,800000.0,1,1,800000.0,800000.0,1,1,800000.0,800000.0
2026-08-05,01_棣栫瑪鏀炬,01_棣栨鎺堜俊,RG4,CL_05,Android,Tiktok,01_100%浠ヤ笅,1,1,300000.0,400000.0,0,1,0.0,300000.0,0,1,0.0,300000.0
2026-08-14,01_棣栫瑪鏀炬,02_闈為娆℃巿淇?RG5,CL_05,iOS,Organic,02_100%鍙婁互涓?4,4,1500000.0,1500000.0,3,4,1100000.0,1500000.0,0,0,0.0,0.0
2026-09-01,01_棣栫瑪鏀炬,01_棣栨鎺堜俊,RG5,CL_04,iOS,Organic,02_100%鍙婁互涓?1,1,500000.0,400000.0,0,0,0.0,0.0,0,0,0.0,0.0
2026-07-11,01_棣栫瑪鏀炬,01_棣栨鎺堜俊,RG2,CL_04,Android,Organic,02_100%鍙婁互涓?1,1,1000000.0,1000000.0,0,1,0.0,1000000.0,0,1,0.0,1000000.0
2026-09-01,01_棣栫瑪鏀炬,01_棣栨鎺堜俊,RG2,CL_05,Android,Facebook,02_100%鍙婁互涓?3,3,3400000.0,3400000.0,0,0,0.0,0.0,0,0,0.0,0.0
2026-08-01,01_棣栫瑪鏀炬,02_闈為娆℃巿淇?RG4,CL_05,Android,Tiktok,02_100%鍙婁互涓?1,1,400000.0,400000.0,1,1,400000.0,400000.0,1,1,400000.0,400000.0
2026-07-24,01_棣栫瑪鏀炬,02_闈為娆℃巿淇?RG7,CL_05,Android,Facebook,02_100%鍙婁互涓?4,4,1200000.0,1200000.0,2,4,600000.0,1200000.0,2,4,600000.0,1200000.0
2026-07-20,01_棣栫瑪鏀炬,01_棣栨鎺堜俊,RG2,CL_03,Android,Facebook,02_100%鍙婁互涓?1,1,400000.0,400000.0,0,1,0.0,400000.0,0,1,0.0,400000.0
2026-07-13,01_棣栫瑪鏀炬,01_棣栨鎺堜俊,RG3,CL_03,Android,Facebook,02_100%鍙婁互涓?3,3,1700000.0,1700000.0,2,3,900000.0,1700000.0,2,3,900000.0,1700000.0
2026-07-30,01_棣栫瑪鏀炬,02_闈為娆℃巿淇?RG3,CL_03,iOS,绌哄€?02_100%鍙婁互涓?1,1,1200000.0,1200000.0,0,1,0.0,1200000.0,0,1,0.0,1200000.0
2026-07-14,01_棣栫瑪鏀炬,02_闈為娆℃巿淇?RG3,CL_05,Android,Organic,02_100%鍙婁互涓?1,1,800000.0,800000.0,0,1,0.0,800000.0,0,1,0.0,800000.0
2026-07-16,01_棣栫瑪鏀炬,02_闈為娆℃巿淇?RG5,CL_04,Android,Tiktok,02_100%鍙婁互涓?1,1,300000.0,300000.0,1,1,300000.0,300000.0,1,1,300000.0,300000.0
2026-08-16,01_棣栫瑪鏀炬,01_棣栨鎺堜俊,RG2,CL_03,Android,鍏朵粬,02_100%鍙婁互涓?1,1,400000.0,400000.0,1,1,400000.0,400000.0,0,0,0.0,0.0
2026-07-13,01_棣栫瑪鏀炬,01_棣栨鎺堜俊,RG1,CL_01,iOS,ASA,02_100%鍙婁互涓?1,1,2500000.0,2500000.0,1,1,2500000.0,2500000.0,1,1,2500000.0,2500000.0
2026-09-06,01_棣栫瑪鏀炬,01_棣栨鎺堜俊,RG3,CL_05,iOS,Organic,02_100%鍙婁互涓?1,1,1600000.0,1200000.0,0,0,0.0,0.0,0,0,0.0,0.0
2026-07-23,01_棣栫瑪鏀炬,02_闈為娆℃巿淇?RG3,CL_05,iOS,Facebook,02_100%鍙婁互涓?1,1,1500000.0,1500000.0,0,1,0.0,1500000.0,0,1,0.0,1500000.0
2026-09-06,01_棣栫瑪鏀炬,01_棣栨鎺堜俊,RG3,CL_05,Android,Tiktok,02_100%鍙婁互涓?5,5,3800000.0,3400000.0,0,0,0.0,0.0,0,0,0.0,0.0
2026-08-07,01_棣栫瑪鏀炬,01_棣栨鎺堜俊,RG5,CL_05,Android,Organic,02_100%鍙婁互涓?6,6,2300000.0,2300000.0,4,6,1500000.0,2300000.0,3,6,1100000.0,2300000.0
2026-08-08,01_棣栫瑪鏀炬,01_棣栨鎺堜俊,RG5,CL_05,iOS,ASA,02_100%鍙婁互涓?1,1,300000.0,300000.0,1,1,300000.0,300000.0,1,1,300000.0,300000.0
2026-07-21,01_棣栫瑪鏀炬,01_棣栨鎺堜俊,RG3,CL_05,iOS,Organic,02_100%鍙婁互涓?9,9,9200000.0,8800000.0,2,9,2800000.0,9200000.0,2,9,2800000.0,9200000.0
2026-08-05,01_棣栫瑪鏀炬,02_闈為娆℃巿淇?RG3,CL_05,Android,Facebook,02_100%鍙婁互涓?2,2,1400000.0,1400000.0,1,2,800000.0,1400000.0,1,2,800000.0,1400000.0
2026-08-06,01_棣栫瑪鏀炬,01_棣栨鎺堜俊,RG5,CL_05,iOS,Facebook,02_100%鍙婁互涓?8,8,2900000.0,2700000.0,3,8,900000.0,2900000.0,3,8,900000.0,2900000.0
2026-07-31,01_棣栫瑪鏀炬,01_棣栨鎺堜俊,RG5,CL_05,Android,Tiktok,02_100%鍙婁互涓?10,10,3600000.0,3600000.0,8,10,2900000.0,3600000.0,8,10,2900000.0,3600000.0
2026-08-08,01_棣栫瑪鏀炬,01_棣栨鎺堜俊,RG2,CL_01,iOS,ASA,02_100%鍙婁互涓?2,2,4600000.0,4600000.0,0,2,0.0,4600000.0,0,2,0.0,4600000.0
2026-07-10,01_棣栫瑪鏀炬,02_闈為娆℃巿淇?RG6,CL_04,Android,Facebook,02_100%鍙婁互涓?4,4,1200000.0,1200000.0,2,4,600000.0,1200000.0,1,4,300000.0,1200000.0
2026-07-26,01_棣栫瑪鏀炬,01_棣栨鎺堜俊,RG3,CL_05,iOS,Facebook,02_100%鍙婁互涓?4,4,3600000.0,3600000.0,2,4,1600000.0,3600000.0,2,4,1600000.0,3600000.0
2026-07-13,01_棣栫瑪鏀炬,02_闈為娆℃巿淇?RG3,CL_03,iOS,Google,02_100%鍙婁互涓?1,1,1400000.0,1200000.0,1,1,1400000.0,1400000.0,1,1,1400000.0,1400000.0
2026-08-16,01_棣栫瑪鏀炬,02_闈為娆℃巿淇?RG7,CL_05,Android,Google,02_100%鍙婁互涓?1,1,300000.0,300000.0,0,1,0.0,300000.0,0,0,0.0,0.0
2026-08-25,01_棣栫瑪鏀炬,01_棣栨鎺堜俊,RG2,CL_05,Android,Organic,02_100%鍙婁互涓?1,1,1000000.0,1000000.0,0,0,0.0,0.0,0,0,0.0,0.0
2026-07-19,01_棣栫瑪鏀炬,01_棣栨鎺堜俊,RG2,CL_01,Android,Facebook,02_100%鍙婁互涓?3,3,5100000.0,4500000.0,1,3,1500000.0,5100000.0,1,3,1500000.0,5100000.0
2026-08-20,01_棣栫瑪鏀炬,01_棣栨鎺堜俊,RG3,CL_05,Android,Facebook,02_100%鍙婁互涓?6,6,4600000.0,4200000.0,2,6,1400000.0,4600000.0,0,0,0.0,0.0
2026-08-16,01_棣栫瑪鏀炬,02_闈為娆℃巿淇?RG5,CL_05,Android,Facebook,02_100%鍙婁互涓?9,9,3200000.0,3200000.0,4,9,1500000.0,3200000.0,0,0,0.0,0.0
2026-08-19,01_棣栫瑪鏀炬,01_棣栨鎺堜俊,RG3,CL_05,Android,Facebook,01_100%浠ヤ笅,1,1,300000.0,600000.0,0,1,0.0,300000.0,0,0,0.0,0.0
2026-08-09,01_棣栫瑪鏀炬,01_棣栨鎺堜俊,RG7,CL_05,Android,Tiktok,02_100%鍙婁互涓?1,1,300000.0,300000.0,1,1,300000.0,300000.0,1,1,300000.0,300000.0
2026-07-13,01_棣栫瑪鏀炬,02_闈為娆℃巿淇?RG6,CL_03,iOS,Organic,02_100%鍙婁互涓?1,1,300000.0,300000.0,0,1,0.0,300000.0,0,1,0.0,300000.0
2026-08-31,01_棣栫瑪鏀炬,02_闈為娆℃巿淇?RG3,CL_05,Android,Facebook,02_100%鍙婁互涓?3,3,2400000.0,2400000.0,0,0,0.0,0.0,0,0,0.0,0.0
2026-08-15,01_棣栫瑪鏀炬,02_闈為娆℃巿淇?RG4,CL_05,Android,Google,02_100%鍙婁互涓?4,4,2000000.0,2000000.0,2,4,1000000.0,2000000.0,0,0,0.0,0.0
2026-09-06,01_棣栫瑪鏀炬,01_棣栨鎺堜俊,RG4,CL_05,iOS,Organic,02_100%鍙婁互涓?2,2,1400000.0,1400000.0,0,0,0.0,0.0,0,0,0.0,0.0
2026-07-21,01_棣栫瑪鏀炬,01_棣栨鎺堜俊,RG2,CL_03,Android,Organic,02_100%鍙婁互涓?1,1,1400000.0,1000000.0,0,1,0.0,1400000.0,0,1,0.0,1400000.0
2026-08-29,01_棣栫瑪鏀炬,01_棣栨鎺堜俊,RG3,CL_05,Android,Organic,02_100%鍙婁互涓?3,3,3200000.0,2800000.0,0,0,0.0,0.0,0,0,0.0,0.0
2026-09-05,01_棣栫瑪鏀炬,01_棣栨鎺堜俊,RG4,CL_05,Android,Google,02_100%鍙婁互涓?7,7,2900000.0,2900000.0,0,0,0.0,0.0,0,0,0.0,0.0
2026-07-22,01_棣栫瑪鏀炬,01_棣栨鎺堜俊,RG7,CL_05,Android,Google,02_100%鍙婁互涓?5,5,1500000.0,1500000.0,3,5,900000.0,1500000.0,3,5,900000.0,1500000.0
2026-07-18,01_棣栫瑪鏀炬,01_棣栨鎺堜俊,RG4,CL_05,Android,Organic,01_100%浠ヤ笅,1,1,500000.0,600000.0,1,1,500000.0,500000.0,1,1,500000.0,500000.0
2026-07-20,01_棣栫瑪鏀炬,01_棣栨鎺堜俊,RG5,CL_03,iOS,Facebook,02_100%鍙婁互涓?1,1,600000.0,400000.0,1,1,600000.0,600000.0,1,1,600000.0,600000.0
2026-08-18,01_棣栫瑪鏀炬,01_棣栨鎺堜俊,RG6,CL_05,Android,Google,02_100%鍙婁互涓?1,1,300000.0,300000.0,0,1,0.0,300000.0,0,0,0.0,0.0
2026-08-31,01_棣栫瑪鏀炬,01_棣栨鎺堜俊,RG3,CL_05,iOS,Facebook,02_100%鍙婁互涓?3,3,4000000.0,3200000.0,0,0,0.0,0.0,0,0,0.0,0.0
2026-07-14,01_棣栫瑪鏀炬,01_棣栨鎺堜俊,RG1,CL_01,iOS,鍏朵粬,01_100%浠ヤ笅,1,1,1500000.0,2500000.0,0,1,0.0,1500000.0,0,1,0.0,1500000.0
2026-08-08,01_棣栫瑪鏀炬,02_闈為娆℃巿淇?RG2,CL_05,Android,Facebook,02_100%鍙婁互涓?1,1,1000000.0,1000000.0,0,1,0.0,1000000.0,0,1,0.0,1000000.0
2026-08-23,01_棣栫瑪鏀炬,02_闈為娆℃巿淇?RG5,CL_05,iOS,Organic,02_100%鍙婁互涓?5,5,2000000.0,1800000.0,1,4,400000.0,1500000.0,0,0,0.0,0.0
2026-08-25,01_棣栫瑪鏀炬,02_闈為娆℃巿淇?RG5,CL_05,Android,Organic,02_100%鍙婁互涓?1,1,400000.0,400000.0,0,0,0.0,0.0,0,0,0.0,0.0
2026-08-16,01_棣栫瑪鏀炬,01_棣栨鎺堜俊,RG3,CL_05,Android,Tiktok,02_100%鍙婁互涓?2,2,1600000.0,1600000.0,0,2,0.0,1600000.0,0,0,0.0,0.0
2026-08-02,01_棣栫瑪鏀炬,01_棣栨鎺堜俊,RG1,CL_01,Android,Organic,02_100%鍙婁互涓?1,1,1500000.0,1500000.0,1,1,1500000.0,1500000.0,1,1,1500000.0,1500000.0
2026-09-01,01_棣栫瑪鏀炬,01_棣栨鎺堜俊,RG4,CL_05,iOS,Organic,02_100%鍙婁互涓?2,2,1400000.0,1400000.0,0,0,0.0,0.0,0,0,0.0,0.0
2026-08-10,01_棣栫瑪鏀炬,02_闈為娆℃巿淇?RG1,CL_01,Android,Facebook,02_100%鍙婁互涓?1,1,1500000.0,1500000.0,0,1,0.0,1500000.0,0,1,0.0,1500000.0
2026-07-14,01_棣栫瑪鏀炬,01_棣栨鎺堜俊,RG3,CL_05,iOS,Organic,02_100%鍙婁互涓?5,5,6000000.0,5200000.0,2,5,2600000.0,6000000.0,1,5,1200000.0,6000000.0
2026-08-30,01_棣栫瑪鏀炬,01_棣栨鎺堜俊,RG2,CL_07,iOS,Organic,02_100%鍙婁互涓?2,2,3400000.0,3000000.0,0,0,0.0,0.0,0,0,0.0,0.0
2026-08-08,01_棣栫瑪鏀炬,01_棣栨鎺堜俊,RG4,CL_05,Android,Organic,02_100%鍙婁互涓?5,5,2800000.0,2800000.0,4,5,2200000.0,2800000.0,2,5,1000000.0,2800000.0
2026-08-06,01_棣栫瑪鏀炬,01_棣栨鎺堜俊,RG5,CL_03,iOS,Organic,02_100%鍙婁互涓?1,1,400000.0,400000.0,0,1,0.0,400000.0,0,1,0.0,400000.0
2026-08-20,01_棣栫瑪鏀炬,01_棣栨鎺堜俊,RG3,CL_03,Android,Facebook,01_100%浠ヤ笅,1,1,300000.0,800000.0,1,1,300000.0,300000.0,0,0,0.0,0.0
2026-07-19,01_棣栫瑪鏀炬,02_闈為娆℃巿淇?RG3,CL_05,Android,Tiktok,02_100%鍙婁互涓?2,2,1200000.0,1200000.0,0,2,0.0,1200000.0,0,2,0.0,1200000.0
2026-08-16,01_棣栫瑪鏀炬,01_棣栨鎺堜俊,RG2,CL_05,Android,Facebook,02_100%鍙婁互涓?3,3,3400000.0,3400000.0,1,3,1000000.0,3400000.0,0,0,0.0,0.0
2026-08-09,01_棣栫瑪鏀炬,01_棣栨鎺堜俊,RG5,CL_05,Android,Tiktok,02_100%鍙婁互涓?5,5,1900000.0,1900000.0,5,5,1900000.0,1900000.0,5,5,1900000.0,1900000.0
2026-07-22,01_棣栫瑪鏀炬,01_棣栨鎺堜俊,RG6,CL_05,Android,Facebook,02_100%鍙婁互涓?8,8,2400000.0,2400000.0,3,8,900000.0,2400000.0,3,8,900000.0,2400000.0
2026-07-24,01_棣栫瑪鏀炬,01_棣栨鎺堜俊,RG2,CL_05,Android,Google,02_100%鍙婁互涓?4,4,4400000.0,4200000.0,1,4,1200000.0,4400000.0,1,4,1200000.0,4400000.0
2026-07-22,01_棣栫瑪鏀炬,01_棣栨鎺堜俊,RG5,CL_05,Android,Google,02_100%鍙婁互涓?6,6,2300000.0,2300000.0,3,6,1200000.0,2300000.0,3,6,1200000.0,2300000.0
2026-07-17,01_棣栫瑪鏀炬,01_棣栨鎺堜俊,RG5,CL_04,Android,Facebook,02_100%鍙婁互涓?2,2,800000.0,800000.0,0,2,0.0,800000.0,0,2,0.0,800000.0
2026-07-27,01_棣栫瑪鏀炬,01_棣栨鎺堜俊,RG2,CL_05,Android,Google,02_100%鍙婁互涓?1,1,1400000.0,1000000.0,0,1,0.0,1400000.0,0,1,0.0,1400000.0
2026-08-01,01_棣栫瑪鏀炬,01_棣栨鎺堜俊,RG1,CL_01,Android,Facebook,02_100%鍙婁互涓?1,1,1500000.0,1500000.0,0,1,0.0,1500000.0,0,1,0.0,1500000.0
2026-07-24,01_棣栫瑪鏀炬,01_棣栨鎺堜俊,RG2,CL_07,Android,Facebook,02_100%鍙婁互涓?2,2,2400000.0,2400000.0,0,2,0.0,2400000.0,0,2,0.0,2400000.0
2026-08-17,01_棣栫瑪鏀炬,01_棣栨鎺堜俊,RG3,CL_05,iOS,ASA,02_100%鍙婁互涓?1,1,1200000.0,1200000.0,0,1,0.0,1200000.0,0,0,0.0,0.0
2026-08-11,01_棣栫瑪鏀炬,02_闈為娆℃巿淇?RG6,CL_05,Android,Google,02_100%鍙婁互涓?2,2,600000.0,600000.0,0,2,0.0,600000.0,0,2,0.0,600000.0
2026-08-20,01_棣栫瑪鏀炬,01_棣栨鎺堜俊,RG3,CL_05,Android,Organic,01_100%浠ヤ笅,1,1,500000.0,800000.0,1,1,500000.0,500000.0,0,0,0.0,0.0
2026-07-16,01_棣栫瑪鏀炬,02_闈為娆℃巿淇?RG5,CL_05,iOS,Google,02_100%鍙婁互涓?1,1,300000.0,300000.0,1,1,300000.0,300000.0,1,1,300000.0,300000.0
2026-07-13,01_棣栫瑪鏀炬,02_闈為娆℃巿淇?RG6,CL_05,Android,Tiktok,01_100%浠ヤ笅,1,1,300000.0,400000.0,0,1,0.0,300000.0,0,1,0.0,300000.0
2026-09-07,01_棣栫瑪鏀炬,02_闈為娆℃巿淇?RG4,CL_05,Android,Facebook,02_100%鍙婁互涓?2,2,1200000.0,1200000.0,0,0,0.0,0.0,0,0,0.0,0.0
2026-07-26,01_棣栫瑪鏀炬,01_棣栨鎺堜俊,RG0,CL_01,iOS,Organic,02_100%鍙婁互涓?2,2,9000000.0,8000000.0,0,2,0.0,9000000.0,0,2,0.0,9000000.0
2026-07-26,01_棣栫瑪鏀炬,02_闈為娆℃巿淇?RG3,CL_05,iOS,绌哄€?02_100%鍙婁互涓?1,1,800000.0,800000.0,1,1,800000.0,800000.0,1,1,800000.0,800000.0
2026-08-08,01_棣栫瑪鏀炬,01_棣栨鎺堜俊,RG3,CL_05,Android,Organic,02_100%鍙婁互涓?6,6,4200000.0,4200000.0,0,6,0.0,4200000.0,0,6,0.0,4200000.0
2026-08-29,01_棣栫瑪鏀炬,01_棣栨鎺堜俊,RG1,CL_01,iOS,ASA,02_100%鍙婁互涓?1,1,3100000.0,2500000.0,0,0,0.0,0.0,0,0,0.0,0.0
2026-07-11,01_棣栫瑪鏀炬,01_棣栨鎺堜俊,RG1,CL_01,iOS,Organic,01_100%浠ヤ笅,1,1,2000000.0,2500000.0,0,1,0.0,2000000.0,0,1,0.0,2000000.0
2026-08-28,01_棣栫瑪鏀炬,02_闈為娆℃巿淇?RG3,CL_05,Android,Google,02_100%鍙婁互涓?3,3,2400000.0,2400000.0,0,0,0.0,0.0,0,0,0.0,0.0
2026-07-12,01_棣栫瑪鏀炬,01_棣栨鎺堜俊,RG6,CL_03,Android,Facebook,02_100%鍙婁互涓?2,2,600000.0,600000.0,2,2,600000.0,600000.0,1,2,300000.0,600000.0
2026-08-03,01_棣栫瑪鏀炬,01_棣栨鎺堜俊,RG2,CL_05,Android,Tiktok,02_100%鍙婁互涓?1,1,1400000.0,1000000.0,1,1,1400000.0,1400000.0,1,1,1400000.0,1400000.0
2026-08-11,01_棣栫瑪鏀炬,01_棣栨鎺堜俊,RG2,CL_07,iOS,ASA,02_100%鍙婁互涓?1,1,1500000.0,1500000.0,0,1,0.0,1500000.0,0,1,0.0,1500000.0
2026-08-04,01_棣栫瑪鏀炬,01_棣栨鎺堜俊,RG5,CL_05,Android,Facebook,02_100%鍙婁互涓?9,9,3200000.0,3200000.0,5,9,1700000.0,3200000.0,5,9,1700000.0,3200000.0
2026-07-11,01_棣栫瑪鏀炬,01_棣栨鎺堜俊,RG5,CL_03,iOS,Facebook,01_100%浠ヤ笅,1,1,500000.0,600000.0,0,1,0.0,500000.0,0,1,0.0,500000.0
2026-08-20,01_棣栫瑪鏀炬,01_棣栨鎺堜俊,RG5,CL_05,Android,Organic,02_100%鍙婁互涓?1,1,300000.0,300000.0,1,1,300000.0,300000.0,0,0,0.0,0.0
2026-08-08,01_棣栫瑪鏀炬,01_棣栨鎺堜俊,RG4,CL_05,Android,Google,01_100%浠ヤ笅,1,1,300000.0,600000.0,0,1,0.0,300000.0,0,1,0.0,300000.0
2026-07-13,01_棣栫瑪鏀炬,01_棣栨鎺堜俊,RG3,CL_05,Android,Organic,02_100%鍙婁互涓?1,1,1000000.0,800000.0,1,1,1000000.0,1000000.0,1,1,1000000.0,1000000.0
2026-07-12,01_棣栫瑪鏀炬,01_棣栨鎺堜俊,RG5,CL_04,Android,Facebook,02_100%鍙婁互涓?2,2,800000.0,800000.0,1,2,400000.0,800000.0,1,2,400000.0,800000.0
2026-08-09,01_棣栫瑪鏀炬,02_闈為娆℃巿淇?RG5,CL_05,Android,Organic,02_100%鍙婁互涓?2,2,900000.0,700000.0,0,2,0.0,900000.0,0,2,0.0,900000.0
2026-07-24,01_棣栫瑪鏀炬,01_棣栨鎺堜俊,RG2,CL_05,Android,Facebook,02_100%鍙婁互涓?5,5,5800000.0,5600000.0,3,5,3600000.0,5800000.0,3,5,3600000.0,5800000.0
2026-07-14,01_棣栫瑪鏀炬,01_棣栨鎺堜俊,RG2,CL_04,Android,Organic,02_100%鍙婁互涓?1,1,1000000.0,1000000.0,1,1,1000000.0,1000000.0,1,1,1000000.0,1000000.0
2026-08-08,01_棣栫瑪鏀炬,02_闈為娆℃巿淇?RG3,CL_05,iOS,Organic,02_100%鍙婁互涓?1,1,1200000.0,1200000.0,1,1,1200000.0,1200000.0,0,1,0.0,1200000.0
2026-07-12,01_棣栫瑪鏀炬,02_闈為娆℃巿淇?RG2,CL_01,iOS,Organic,02_100%鍙婁互涓?1,1,2000000.0,2000000.0,0,1,0.0,2000000.0,0,1,0.0,2000000.0
2026-07-28,01_棣栫瑪鏀炬,01_棣栨鎺堜俊,RG2,CL_07,Android,Tiktok,02_100%鍙婁互涓?1,1,1200000.0,1200000.0,1,1,1200000.0,1200000.0,0,1,0.0,1200000.0
2026-07-17,01_棣栫瑪鏀炬,01_棣栨鎺堜俊,RG3,CL_05,Android,Organic,01_100%浠ヤ笅,1,1,300000.0,600000.0,0,1,0.0,300000.0,0,1,0.0,300000.0
2026-08-06,01_棣栫瑪鏀炬,01_棣栨鎺堜俊,RG3,CL_05,Android,Tiktok,02_100%鍙婁互涓?4,4,2800000.0,2800000.0,1,4,800000.0,2800000.0,1,4,800000.0,2800000.0
2026-08-23,01_棣栫瑪鏀炬,01_棣栨鎺堜俊,RG5,CL_05,iOS,Tiktok,02_100%鍙婁互涓?4,4,1200000.0,1200000.0,3,4,900000.0,1200000.0,0,0,0.0,0.0
2026-07-31,01_棣栫瑪鏀炬,01_棣栨鎺堜俊,RG3,CL_05,iOS,Facebook,02_100%鍙婁互涓?3,3,3200000.0,2800000.0,2,3,2000000.0,3200000.0,0,3,0.0,3200000.0
2026-08-24,01_棣栫瑪鏀炬,01_棣栨鎺堜俊,RG5,CL_05,Android,Facebook,02_100%鍙婁互涓?3,3,1000000.0,1000000.0,0,0,0.0,0.0,0,0,0.0,0.0
2026-07-11,01_棣栫瑪鏀炬,01_棣栨鎺堜俊,RG5,CL_03,iOS,Organic,02_100%鍙婁互涓?11,11,4500000.0,3900000.0,6,11,2500000.0,4500000.0,4,11,1700000.0,4500000.0
2026-07-19,01_棣栫瑪鏀炬,01_棣栨鎺堜俊,RG4,CL_05,Android,Organic,02_100%鍙婁互涓?2,2,1000000.0,1000000.0,1,2,600000.0,1000000.0,1,2,600000.0,1000000.0
2026-08-18,01_棣栫瑪鏀炬,01_棣栨鎺堜俊,RG1,CL_01,Android,Google,02_100%鍙婁互涓?2,2,3000000.0,3000000.0,1,2,1500000.0,3000000.0,0,0,0.0,0.0
2026-08-02,01_棣栫瑪鏀炬,01_棣栨鎺堜俊,RG5,CL_03,Android,Facebook,02_100%鍙婁互涓?1,1,400000.0,400000.0,1,1,400000.0,400000.0,1,1,400000.0,400000.0
2026-07-20,01_棣栫瑪鏀炬,02_闈為娆℃巿淇?RG5,CL_05,Android,Organic,02_100%鍙婁互涓?1,1,300000.0,300000.0,0,1,0.0,300000.0,0,1,0.0,300000.0
2026-08-27,01_棣栫瑪鏀炬,01_棣栨鎺堜俊,RG4,CL_05,iOS,Organic,02_100%鍙婁互涓?2,2,1200000.0,1200000.0,0,0,0.0,0.0,0,0,0.0,0.0
2026-07-15,01_棣栫瑪鏀炬,01_棣栨鎺堜俊,RG3,CL_04,iOS,Organic,02_100%鍙婁互涓?2,2,1600000.0,1600000.0,1,2,800000.0,1600000.0,1,2,800000.0,1600000.0
2026-07-28,01_棣栫瑪鏀炬,01_棣栨鎺堜俊,RG4,CL_05,Android,Facebook,02_100%鍙婁互涓?4,4,2000000.0,2000000.0,3,4,1600000.0,2000000.0,2,4,1000000.0,2000000.0
2026-07-11,01_棣栫瑪鏀炬,01_棣栨鎺堜俊,RG4,CL_05,iOS,Organic,02_100%鍙婁互涓?2,2,1200000.0,1200000.0,1,2,600000.0,1200000.0,1,2,600000.0,1200000.0
2026-08-10,01_棣栫瑪鏀炬,01_棣栨鎺堜俊,RG2,CL_05,Android,Google,02_100%鍙婁互涓?6,6,6400000.0,6400000.0,2,6,2000000.0,6400000.0,2,6,2000000.0,6400000.0
2026-07-27,01_棣栫瑪鏀炬,01_棣栨鎺堜俊,RG3,CL_05,Android,Tiktok,02_100%鍙婁互涓?2,2,1400000.0,1400000.0,1,2,600000.0,1400000.0,1,2,600000.0,1400000.0
2026-07-12,01_棣栫瑪鏀炬,02_闈為娆℃巿淇?RG3,CL_04,iOS,Organic,02_100%鍙婁互涓?1,1,800000.0,800000.0,0,1,0.0,800000.0,0,1,0.0,800000.0
2026-07-15,01_棣栫瑪鏀炬,01_棣栨鎺堜俊,RG0,CL_06,iOS,Organic,02_100%鍙婁互涓?2,2,1.2E7,1.2E7,0,2,0.0,1.2E7,0,2,0.0,1.2E7
2026-08-17,01_棣栫瑪鏀炬,01_棣栨鎺堜俊,RG6,CL_05,Android,Organic,02_100%鍙婁互涓?1,1,300000.0,300000.0,1,1,300000.0,300000.0,0,0,0.0,0.0
2026-07-18,01_棣栫瑪鏀炬,01_棣栨鎺堜俊,RG4,CL_05,Android,Facebook,02_100%鍙婁互涓?5,5,2400000.0,2400000.0,2,5,1000000.0,2400000.0,2,5,1000000.0,2400000.0
2026-07-25,01_棣栫瑪鏀炬,01_棣栨鎺堜俊,RG1,CL_01,iOS,Organic,02_100%鍙婁互涓?5,5,1.4E7,1.3E7,1,5,2500000.0,1.4E7,1,5,2500000.0,1.4E7
2026-08-06,01_棣栫瑪鏀炬,02_闈為娆℃巿淇?RG6,CL_05,Android,Facebook,02_100%鍙婁互涓?1,1,300000.0,300000.0,0,1,0.0,300000.0,0,1,0.0,300000.0
2026-08-07,01_棣栫瑪鏀炬,01_棣栨鎺堜俊,RG3,CL_04,Android,Organic,02_100%鍙婁互涓?1,1,1000000.0,800000.0,1,1,1000000.0,1000000.0,1,1,1000000.0,1000000.0
2026-08-29,01_棣栫瑪鏀炬,01_棣栨鎺堜俊,RG1,CL_01,Android,Google,02_100%鍙婁互涓?4,4,6000000.0,6000000.0,0,0,0.0,0.0,0,0,0.0,0.0
2026-08-30,01_棣栫瑪鏀炬,01_棣栨鎺堜俊,RG3,CL_05,iOS,ASA,02_100%鍙婁互涓?1,1,1200000.0,1200000.0,0,0,0.0,0.0,0,0,0.0,0.0
2026-07-27,01_棣栫瑪鏀炬,02_闈為娆℃巿淇?RG4,CL_05,Android,Organic,02_100%鍙婁互涓?1,1,400000.0,400000.0,0,1,0.0,400000.0,0,1,0.0,400000.0
2026-08-27,01_棣栫瑪鏀炬,01_棣栨鎺堜俊,RG2,CL_07,Android,Facebook,02_100%鍙婁互涓?2,2,2700000.0,2400000.0,0,0,0.0,0.0,0,0,0.0,0.0
2026-08-23,01_棣栫瑪鏀炬,01_棣栨鎺堜俊,RG2,CL_01,Android,Organic,02_100%鍙婁互涓?1,1,2000000.0,2000000.0,0,1,0.0,2000000.0,0,0,0.0,0.0
2026-07-22,01_棣栫瑪鏀炬,01_棣栨鎺堜俊,RG4,CL_05,Android,Facebook,01_100%浠ヤ笅,1,1,300000.0,600000.0,0,1,0.0,300000.0,0,1,0.0,300000.0
2026-08-24,01_棣栫瑪鏀炬,02_闈為娆℃巿淇?RG2,CL_05,Android,Facebook,02_100%鍙婁互涓?2,2,2400000.0,2200000.0,0,0,0.0,0.0,0,0,0.0,0.0
2026-07-29,01_棣栫瑪鏀炬,01_棣栨鎺堜俊,RG0,CL_01,iOS,ASA,02_100%鍙婁互涓?1,1,6000000.0,4000000.0,0,1,0.0,6000000.0,0,1,0.0,6000000.0
2026-07-20,01_棣栫瑪鏀炬,01_棣栨鎺堜俊,RG5,CL_05,Android,Tiktok,02_100%鍙婁互涓?4,4,1500000.0,1500000.0,2,4,800000.0,1500000.0,2,4,800000.0,1500000.0
2026-07-15,01_棣栫瑪鏀炬,01_棣栨鎺堜俊,RG5,CL_05,Android,Tiktok,02_100%鍙婁互涓?1,1,300000.0,300000.0,1,1,300000.0,300000.0,1,1,300000.0,300000.0
2026-07-11,01_棣栫瑪鏀炬,01_棣栨鎺堜俊,RG7,CL_04,Android,Tiktok,02_100%鍙婁互涓?2,2,600000.0,600000.0,2,2,600000.0,600000.0,1,2,300000.0,600000.0
2026-07-15,01_棣栫瑪鏀炬,01_棣栨鎺堜俊,RG5,CL_03,Android,ASA,02_100%鍙婁互涓?1,1,400000.0,400000.0,0,1,0.0,400000.0,0,1,0.0,400000.0
2026-08-18,01_棣栫瑪鏀炬,01_棣栨鎺堜俊,RG3,CL_03,Android,Facebook,02_100%鍙婁互涓?1,1,300000.0,300000.0,0,1,0.0,300000.0,0,0,0.0,0.0
2026-07-13,01_棣栫瑪鏀炬,01_棣栨鎺堜俊,RG4,CL_03,Android,Organic,01_100%浠ヤ笅,1,1,400000.0,600000.0,1,1,400000.0,400000.0,0,1,0.0,400000.0
2026-08-11,01_棣栫瑪鏀炬,01_棣栨鎺堜俊,RG0,CL_06,iOS,Facebook,02_100%鍙婁互涓?2,2,1.38E7,1.38E7,0,2,0.0,1.38E7,0,2,0.0,1.38E7
2026-08-14,01_棣栫瑪鏀炬,01_棣栨鎺堜俊,RG6,CL_05,Android,Organic,02_100%鍙婁互涓?1,1,300000.0,300000.0,0,1,0.0,300000.0,0,0,0.0,0.0
2026-08-02,01_棣栫瑪鏀炬,01_棣栨鎺堜俊,RG4,CL_05,Android,Facebook,02_100%鍙婁互涓?7,7,3400000.0,3400000.0,5,7,2400000.0,3400000.0,4,7,2000000.0,3400000.0
2026-09-03,01_棣栫瑪鏀炬,01_棣栨鎺堜俊,RG5,CL_05,iOS,ASA,02_100%鍙婁互涓?1,1,300000.0,300000.0,0,0,0.0,0.0,0,0,0.0,0.0
2026-08-10,01_棣栫瑪鏀炬,02_闈為娆℃巿淇?RG5,CL_05,Android,Facebook,02_100%鍙婁互涓?3,3,1100000.0,1100000.0,2,3,800000.0,1100000.0,2,3,800000.0,1100000.0
2026-09-02,01_棣栫瑪鏀炬,01_棣栨鎺堜俊,RG2,CL_01,iOS,Tiktok,02_100%鍙婁互涓?1,1,2400000.0,2400000.0,0,0,0.0,0.0,0,0,0.0,0.0
2026-08-07,01_棣栫瑪鏀炬,01_棣栨鎺堜俊,RG5,CL_05,Android,Facebook,01_100%浠ヤ笅,1,1,300000.0,400000.0,1,1,300000.0,300000.0,1,1,300000.0,300000.0
2026-08-26,01_棣栫瑪鏀炬,02_闈為娆℃巿淇?RG2,CL_05,iOS,Facebook,02_100%鍙婁互涓?1,1,1200000.0,1200000.0,0,0,0.0,0.0,0,0,0.0,0.0
2026-08-07,01_棣栫瑪鏀炬,01_棣栨鎺堜俊,RG1,CL_01,iOS,Tiktok,02_100%鍙婁互涓?2,2,5000000.0,5000000.0,2,2,5000000.0,5000000.0,1,2,2500000.0,5000000.0
2026-07-22,01_棣栫瑪鏀炬,01_棣栨鎺堜俊,RG3,CL_05,Android,Facebook,01_100%浠ヤ笅,1,1,400000.0,600000.0,0,1,0.0,400000.0,0,1,0.0,400000.0
2026-07-20,01_棣栫瑪鏀炬,01_棣栨鎺堜俊,RG2,CL_03,Android,Google,02_100%鍙婁互涓?1,1,400000.0,400000.0,0,1,0.0,400000.0,0,1,0.0,400000.0
2026-08-15,01_棣栫瑪鏀炬,01_棣栨鎺堜俊,RG4,CL_05,iOS,Facebook,02_100%鍙婁互涓?2,2,1800000.0,1600000.0,1,2,800000.0,1800000.0,0,0,0.0,0.0
2026-07-14,01_棣栫瑪鏀炬,01_棣栨鎺堜俊,RG3,CL_05,Android,Tiktok,02_100%鍙婁互涓?1,1,600000.0,600000.0,0,1,0.0,600000.0,0,1,0.0,600000.0
2026-08-21,01_棣栫瑪鏀炬,01_棣栨鎺堜俊,RG4,CL_05,Android,Tiktok,02_100%鍙婁互涓?5,5,2400000.0,2400000.0,1,5,600000.0,2400000.0,0,0,0.0,0.0
2026-07-10,01_棣栫瑪鏀炬,02_闈為娆℃巿淇?RG6,CL_03,Android,Facebook,02_100%鍙婁互涓?1,1,300000.0,300000.0,1,1,300000.0,300000.0,1,1,300000.0,300000.0
2026-08-18,01_棣栫瑪鏀炬,01_棣栨鎺堜俊,RG5,CL_05,iOS,Tiktok,01_100%浠ヤ笅,1,1,300000.0,400000.0,1,1,300000.0,300000.0,0,0,0.0,0.0
2026-08-31,01_棣栫瑪鏀炬,02_闈為娆℃巿淇?RG2,CL_07,iOS,Organic,02_100%鍙婁互涓?1,1,2300000.0,1500000.0,0,0,0.0,0.0,0,0,0.0,0.0
2026-07-28,01_棣栫瑪鏀炬,01_棣栨鎺堜俊,RG6,CL_05,Android,Organic,02_100%鍙婁互涓?2,2,700000.0,700000.0,2,2,700000.0,700000.0,2,2,700000.0,700000.0
2026-08-18,01_棣栫瑪鏀炬,01_棣栨鎺堜俊,RG3,CL_05,Android,Facebook,01_100%浠ヤ笅,1,1,300000.0,800000.0,0,1,0.0,300000.0,0,0,0.0,0.0
2026-08-06,01_棣栫瑪鏀炬,02_闈為娆℃巿淇?RG7,CL_05,Android,Facebook,02_100%鍙婁互涓?1,1,300000.0,300000.0,1,1,300000.0,300000.0,1,1,300000.0,300000.0
2026-07-15,01_棣栫瑪鏀炬,01_棣栨鎺堜俊,RG3,CL_03,iOS,Organic,02_100%鍙婁互涓?2,2,2000000.0,2000000.0,0,2,0.0,2000000.0,0,2,0.0,2000000.0
2026-07-28,01_棣栫瑪鏀炬,01_棣栨鎺堜俊,RG3,CL_05,Android,Facebook,02_100%鍙婁互涓?13,13,1.0E7,9600000.0,8,13,6000000.0,1.0E7,6,13,4400000.0,1.0E7
2026-08-18,01_棣栫瑪鏀炬,01_棣栨鎺堜俊,RG5,CL_05,Android,Google,02_100%鍙婁互涓?9,9,3500000.0,3500000.0,1,8,400000.0,3100000.0,0,0,0.0,0.0
2026-08-16,01_棣栫瑪鏀炬,01_棣栨鎺堜俊,RG3,CL_05,iOS,Organic,02_100%鍙婁互涓?3,3,2400000.0,2400000.0,2,3,1600000.0,2400000.0,0,0,0.0,0.0
2026-08-03,01_棣栫瑪鏀炬,01_棣栨鎺堜俊,RG5,CL_05,Android,Organic,02_100%鍙婁互涓?7,7,2500000.0,2500000.0,3,7,1100000.0,2500000.0,1,7,400000.0,2500000.0
2026-07-29,01_棣栫瑪鏀炬,01_棣栨鎺堜俊,RG3,CL_05,Android,Facebook,01_100%浠ヤ笅,2,2,800000.0,1600000.0,0,2,0.0,800000.0,0,2,0.0,800000.0
2026-07-11,01_棣栫瑪鏀炬,01_棣栨鎺堜俊,RG4,CL_05,Android,Tiktok,02_100%鍙婁互涓?3,3,1600000.0,1600000.0,0,3,0.0,1600000.0,0,3,0.0,1600000.0
2026-08-28,01_棣栫瑪鏀炬,01_棣栨鎺堜俊,RG2,CL_07,Android,Organic,02_100%鍙婁互涓?1,1,1500000.0,1200000.0,0,0,0.0,0.0,0,0,0.0,0.0
2026-07-26,01_棣栫瑪鏀炬,01_棣栨鎺堜俊,RG2,CL_03,Android,Facebook,02_100%鍙婁互涓?1,1,400000.0,400000.0,0,1,0.0,400000.0,0,1,0.0,400000.0
2026-08-30,01_棣栫瑪鏀炬,01_棣栨鎺堜俊,RG2,CL_07,Android,Tiktok,02_100%鍙婁互涓?2,2,2400000.0,2400000.0,0,0,0.0,0.0,0,0,0.0,0.0
2026-08-11,01_棣栫瑪鏀炬,01_棣栨鎺堜俊,RG2,CL_07,Android,Google,02_100%鍙婁互涓?5,5,6000000.0,6000000.0,2,5,2400000.0,6000000.0,2,5,2400000.0,6000000.0
2026-07-20,01_棣栫瑪鏀炬,02_闈為娆℃巿淇?RG5,CL_04,Android,Facebook,02_100%鍙婁互涓?1,1,300000.0,300000.0,0,1,0.0,300000.0,0,1,0.0,300000.0
2026-07-28,01_棣栫瑪鏀炬,01_棣栨鎺堜俊,RG2,CL_05,iOS,Organic,02_100%鍙婁互涓?2,2,2400000.0,2400000.0,0,2,0.0,2400000.0,0,2,0.0,2400000.0
2026-09-02,01_棣栫瑪鏀炬,01_棣栨鎺堜俊,RG4,CL_05,Android,Google,02_100%鍙婁互涓?7,7,3600000.0,3600000.0,0,0,0.0,0.0,0,0,0.0,0.0
2026-08-03,01_棣栫瑪鏀炬,01_棣栨鎺堜俊,RG4,CL_05,Android,Google,02_100%鍙婁互涓?25,25,1.3E7,1.3E7,16,25,8400000.0,1.3E7,9,25,4600000.0,1.3E7
2026-08-06,01_棣栫瑪鏀炬,01_棣栨鎺堜俊,RG5,CL_05,Android,绌哄€?02_100%鍙婁互涓?1,1,300000.0,300000.0,1,1,300000.0,300000.0,1,1,300000.0,300000.0
2026-08-26,01_棣栫瑪鏀炬,02_闈為娆℃巿淇?RG4,CL_05,Android,Organic,02_100%鍙婁互涓?1,1,600000.0,600000.0,0,0,0.0,0.0,0,0,0.0,0.0
2026-08-12,01_棣栫瑪鏀炬,01_棣栨鎺堜俊,RG7,CL_05,Android,Tiktok,02_100%鍙婁互涓?1,1,300000.0,300000.0,1,1,300000.0,300000.0,0,1,0.0,300000.0
2026-08-24,01_棣栫瑪鏀炬,02_闈為娆℃巿淇?RG4,CL_05,Android,Tiktok,02_100%鍙婁互涓?2,2,600000.0,600000.0,0,0,0.0,0.0,0,0,0.0,0.0
2026-08-24,01_棣栫瑪鏀炬,01_棣栨鎺堜俊,RG2,CL_07,iOS,Google,02_100%鍙婁互涓?1,1,1500000.0,1500000.0,0,0,0.0,0.0,0,0,0.0,0.0
2026-07-24,01_棣栫瑪鏀炬,02_闈為娆℃巿淇?RG4,CL_05,Android,Organic,02_100%鍙婁互涓?2,2,800000.0,800000.0,1,2,400000.0,800000.0,1,2,400000.0,800000.0
2026-08-19,01_棣栫瑪鏀炬,02_闈為娆℃巿淇?RG5,CL_05,Android,ASA,02_100%鍙婁互涓?1,1,400000.0,400000.0,0,1,0.0,400000.0,0,0,0.0,0.0
2026-07-30,01_棣栫瑪鏀炬,01_棣栨鎺堜俊,RG5,CL_05,iOS,Facebook,02_100%鍙婁互涓?3,3,1600000.0,1200000.0,2,3,1200000.0,1600000.0,2,3,1200000.0,1600000.0
2026-08-13,01_棣栫瑪鏀炬,01_棣栨鎺堜俊,RG4,CL_04,Android,Facebook,02_100%鍙婁互涓?1,1,600000.0,600000.0,1,1,600000.0,600000.0,1,1,600000.0,600000.0
2026-09-03,01_棣栫瑪鏀炬,02_闈為娆℃巿淇?RG4,CL_05,iOS,Organic,02_100%鍙婁互涓?1,1,600000.0,600000.0,0,0,0.0,0.0,0,0,0.0,0.0
2026-07-12,01_棣栫瑪鏀炬,01_棣栨鎺堜俊,RG4,CL_04,Android,Facebook,01_100%浠ヤ笅,1,1,300000.0,600000.0,1,1,300000.0,300000.0,1,1,300000.0,300000.0
2026-08-02,01_棣栫瑪鏀炬,01_棣栨鎺堜俊,RG3,CL_05,iOS,ASA,02_100%鍙婁互涓?3,3,2400000.0,2400000.0,1,3,800000.0,2400000.0,1,3,800000.0,2400000.0
2026-08-22,01_棣栫瑪鏀炬,02_闈為娆℃巿淇?RG3,CL_05,Android,Google,02_100%鍙婁互涓?3,3,2000000.0,2000000.0,2,3,1400000.0,2000000.0,0,0,0.0,0.0
2026-07-16,01_棣栫瑪鏀炬,01_棣栨鎺堜俊,RG5,CL_05,Android,Facebook,02_100%鍙婁互涓?5,5,1800000.0,1800000.0,3,5,1100000.0,1800000.0,2,5,700000.0,1800000.0
2026-07-25,01_棣栫瑪鏀炬,02_闈為娆℃巿淇?RG4,CL_05,Android,Organic,01_100%浠ヤ笅,2,2,600000.0,800000.0,1,2,300000.0,600000.0,1,2,300000.0,600000.0
2026-08-19,01_棣栫瑪鏀炬,02_闈為娆℃巿淇?RG3,CL_05,Android,Tiktok,02_100%鍙婁互涓?1,1,800000.0,800000.0,1,1,800000.0,800000.0,0,0,0.0,0.0
2026-07-23,01_棣栫瑪鏀炬,01_棣栨鎺堜俊,RG7,CL_05,Android,Organic,02_100%鍙婁互涓?2,2,600000.0,600000.0,2,2,600000.0,600000.0,1,2,300000.0,600000.0
2026-08-10,01_棣栫瑪鏀炬,01_棣栨鎺堜俊,RG4,CL_05,Android,Tiktok,02_100%鍙婁互涓?5,5,2200000.0,2200000.0,3,5,1200000.0,2200000.0,3,5,1200000.0,2200000.0
2026-07-17,01_棣栫瑪鏀炬,02_闈為娆℃巿淇?RG2,CL_05,Android,Organic,02_100%鍙婁互涓?1,1,1000000.0,1000000.0,0,1,0.0,1000000.0,0,1,0.0,1000000.0
2026-07-25,01_棣栫瑪鏀炬,01_棣栨鎺堜俊,RG5,CL_05,Android,Tiktok,02_100%鍙婁互涓?6,6,2100000.0,2100000.0,4,6,1400000.0,2100000.0,3,6,1100000.0,2100000.0
2026-08-12,01_棣栫瑪鏀炬,01_棣栨鎺堜俊,RG0,CL_01,iOS,Organic,02_100%鍙婁互涓?1,1,4800000.0,4800000.0,0,1,0.0,4800000.0,0,1,0.0,4800000.0
2026-08-16,01_棣栫瑪鏀炬,01_棣栨鎺堜俊,RG2,CL_07,Android,Facebook,02_100%鍙婁互涓?2,2,2400000.0,2400000.0,0,2,0.0,2400000.0,0,0,0.0,0.0
2026-07-19,01_棣栫瑪鏀炬,01_棣栨鎺堜俊,RG5,CL_05,iOS,绌哄€?02_100%鍙婁互涓?1,1,300000.0,300000.0,1,1,300000.0,300000.0,1,1,300000.0,300000.0
2026-07-16,01_棣栫瑪鏀炬,01_棣栨鎺堜俊,RG4,CL_04,Android,Facebook,02_100%鍙婁互涓?3,3,1600000.0,1600000.0,1,3,400000.0,1600000.0,1,3,400000.0,1600000.0
2026-08-18,01_棣栫瑪鏀炬,01_棣栨鎺堜俊,RG5,CL_05,Android,Facebook,02_100%鍙婁互涓?8,8,2600000.0,2600000.0,6,8,2000000.0,2600000.0,0,0,0.0,0.0
2026-08-31,01_棣栫瑪鏀炬,01_棣栨鎺堜俊,RG2,CL_05,iOS,Tiktok,02_100%鍙婁互涓?1,1,1500000.0,1500000.0,0,0,0.0,0.0,0,0,0.0,0.0
2026-07-10,01_棣栫瑪鏀炬,01_棣栨鎺堜俊,RG2,CL_03,iOS,ASA,02_100%鍙婁互涓?2,2,3600000.0,3000000.0,1,2,1500000.0,3600000.0,1,2,1500000.0,3600000.0
2026-07-19,01_棣栫瑪鏀炬,02_闈為娆℃巿淇?RG5,CL_04,iOS,Organic,02_100%鍙婁互涓?1,1,400000.0,400000.0,0,1,0.0,400000.0,0,1,0.0,400000.0
2026-08-17,01_棣栫瑪鏀炬,01_棣栨鎺堜俊,RG2,CL_05,Android,Tiktok,02_100%鍙婁互涓?6,6,6600000.0,6600000.0,3,6,3200000.0,6600000.0,0,0,0.0,0.0
2026-08-21,01_棣栫瑪鏀炬,01_棣栨鎺堜俊,RG2,CL_07,Android,Facebook,02_100%鍙婁互涓?1,1,1200000.0,1200000.0,1,1,1200000.0,1200000.0,0,0,0.0,0.0
2026-08-17,01_棣栫瑪鏀炬,01_棣栨鎺堜俊,RG5,CL_05,iOS,Tiktok,02_100%鍙婁互涓?2,2,700000.0,700000.0,1,2,400000.0,700000.0,0,0,0.0,0.0
2026-08-19,01_棣栫瑪鏀炬,01_棣栨鎺堜俊,RG4,CL_05,Android,Organic,02_100%鍙婁互涓?3,3,1200000.0,1200000.0,1,3,400000.0,1200000.0,0,0,0.0,0.0
2026-08-04,01_棣栫瑪鏀炬,01_棣栨鎺堜俊,RG6,CL_05,Android,Google,02_100%鍙婁互涓?5,5,1500000.0,1500000.0,4,5,1200000.0,1500000.0,4,5,1200000.0,1500000.0
2026-07-20,01_棣栫瑪鏀炬,02_闈為娆℃巿淇?RG7,CL_05,Android,Organic,02_100%鍙婁互涓?3,3,900000.0,900000.0,0,3,0.0,900000.0,0,3,0.0,900000.0
2026-07-19,01_棣栫瑪鏀炬,01_棣栨鎺堜俊,RG4,CL_03,Android,Facebook,02_100%鍙婁互涓?2,2,1000000.0,1000000.0,1,2,400000.0,1000000.0,0,2,0.0,1000000.0
2026-07-25,01_棣栫瑪鏀炬,01_棣栨鎺堜俊,RG7,CL_05,Android,Tiktok,02_100%鍙婁互涓?2,2,600000.0,600000.0,1,2,300000.0,600000.0,0,2,0.0,600000.0
2026-07-13,01_棣栫瑪鏀炬,01_棣栨鎺堜俊,RG4,CL_03,Android,Facebook,02_100%鍙婁互涓?7,7,4000000.0,4000000.0,2,7,1200000.0,4000000.0,2,7,1200000.0,4000000.0
2026-07-11,01_棣栫瑪鏀炬,02_闈為娆℃巿淇?RG3,CL_04,Android,Facebook,02_100%鍙婁互涓?2,2,1600000.0,1600000.0,2,2,1600000.0,1600000.0,2,2,1600000.0,1600000.0
2026-08-10,01_棣栫瑪鏀炬,01_棣栨鎺堜俊,RG2,CL_05,Android,Facebook,02_100%鍙婁互涓?3,3,3400000.0,3200000.0,1,3,1200000.0,3400000.0,0,3,0.0,3400000.0
2026-08-11,01_棣栫瑪鏀炬,02_闈為娆℃巿淇?RG6,CL_05,Android,Facebook,02_100%鍙婁互涓?1,1,300000.0,300000.0,1,1,300000.0,300000.0,1,1,300000.0,300000.0
2026-07-30,01_棣栫瑪鏀炬,02_闈為娆℃巿淇?RG1,CL_01,Android,Facebook,02_100%鍙婁互涓?1,1,1500000.0,1500000.0,0,1,0.0,1500000.0,0,1,0.0,1500000.0
2026-08-08,01_棣栫瑪鏀炬,01_棣栨鎺堜俊,RG3,CL_05,Android,Google,01_100%浠ヤ笅,3,3,1500000.0,2000000.0,3,3,1500000.0,1500000.0,1,3,500000.0,1500000.0
2026-07-17,01_棣栫瑪鏀炬,01_棣栨鎺堜俊,RG1,CL_01,Android,鍏朵粬,02_100%鍙婁互涓?1,1,1000000.0,1000000.0,0,1,0.0,1000000.0,0,1,0.0,1000000.0
2026-07-31,01_棣栫瑪鏀炬,02_闈為娆℃巿淇?RG6,CL_05,Android,Organic,02_100%鍙婁互涓?1,1,300000.0,300000.0,1,1,300000.0,300000.0,1,1,300000.0,300000.0
2026-08-25,01_棣栫瑪鏀炬,02_闈為娆℃巿淇?RG1,CL_01,iOS,Tiktok,02_100%鍙婁互涓?1,1,3700000.0,2500000.0,0,0,0.0,0.0,0,0,0.0,0.0
2026-07-10,01_棣栫瑪鏀炬,01_棣栨鎺堜俊,RG2,CL_01,iOS,Organic,02_100%鍙婁互涓?2,2,4400000.0,4000000.0,1,2,2000000.0,4400000.0,0,2,0.0,4400000.0
2026-08-17,01_棣栫瑪鏀炬,01_棣栨鎺堜俊,RG3,CL_05,Android,Facebook,02_100%鍙婁互涓?10,10,6600000.0,6600000.0,3,9,2000000.0,5800000.0,0,0,0.0,0.0
2026-09-05,01_棣栫瑪鏀炬,01_棣栨鎺堜俊,RG2,CL_07,Android,Tiktok,02_100%鍙婁互涓?1,1,1500000.0,1500000.0,0,0,0.0,0.0,0,0,0.0,0.0
2026-08-15,01_棣栫瑪鏀炬,01_棣栨鎺堜俊,RG3,CL_05,iOS,Organic,01_100%浠ヤ笅,1,1,500000.0,800000.0,0,1,0.0,500000.0,0,0,0.0,0.0
2026-08-12,01_棣栫瑪鏀炬,01_棣栨鎺堜俊,RG2,CL_05,iOS,Tiktok,02_100%鍙婁互涓?1,1,1200000.0,1200000.0,0,1,0.0,1200000.0,0,1,0.0,1200000.0
2026-07-22,01_棣栫瑪鏀炬,01_棣栨鎺堜俊,RG4,CL_03,Android,Facebook,02_100%鍙婁互涓?2,2,800000.0,800000.0,1,2,400000.0,800000.0,1,2,400000.0,800000.0
2026-07-29,01_棣栫瑪鏀炬,02_闈為娆℃巿淇?RG5,CL_03,iOS,Organic,02_100%鍙婁互涓?1,1,500000.0,300000.0,0,1,0.0,500000.0,0,1,0.0,500000.0
2026-07-15,01_棣栫瑪鏀炬,01_棣栨鎺堜俊,RG2,CL_03,Android,Facebook,02_100%鍙婁互涓?1,1,1000000.0,1000000.0,0,1,0.0,1000000.0,0,1,0.0,1000000.0
2026-07-23,01_棣栫瑪鏀炬,01_棣栨鎺堜俊,RG3,CL_05,Android,Facebook,02_100%鍙婁互涓?11,11,7600000.0,7600000.0,6,11,4000000.0,7600000.0,6,11,4000000.0,7600000.0
2026-07-14,01_棣栫瑪鏀炬,01_棣栨鎺堜俊,RG7,CL_03,Android,Tiktok,02_100%鍙婁互涓?1,1,300000.0,300000.0,1,1,300000.0,300000.0,1,1,300000.0,300000.0
2026-08-01,01_棣栫瑪鏀炬,01_棣栨鎺堜俊,RG3,CL_05,Android,Google,01_100%浠ヤ笅,1,1,500000.0,600000.0,1,1,500000.0,500000.0,1,1,500000.0,500000.0
2026-07-22,01_棣栫瑪鏀炬,01_棣栨鎺堜俊,RG0,CL_06,iOS,ASA,02_100%鍙婁互涓?1,1,6000000.0,6000000.0,1,1,6000000.0,6000000.0,1,1,6000000.0,6000000.0
2026-07-20,01_棣栫瑪鏀炬,01_棣栨鎺堜俊,RG2,CL_05,Android,Organic,02_100%鍙婁互涓?2,2,2200000.0,2200000.0,1,2,1000000.0,2200000.0,1,2,1000000.0,2200000.0
2026-08-27,01_棣栫瑪鏀炬,01_棣栨鎺堜俊,RG2,CL_05,Android,Facebook,02_100%鍙婁互涓?1,1,1400000.0,1200000.0,0,0,0.0,0.0,0,0,0.0,0.0
2026-09-02,01_棣栫瑪鏀炬,01_棣栨鎺堜俊,RG4,CL_05,Android,Facebook,02_100%鍙婁互涓?2,2,1200000.0,1200000.0,0,0,0.0,0.0,0,0,0.0,0.0
2026-07-23,01_棣栫瑪鏀炬,02_闈為娆℃巿淇?RG1,CL_01,iOS,Organic,02_100%鍙婁互涓?1,1,2500000.0,2500000.0,0,1,0.0,2500000.0,0,1,0.0,2500000.0
2026-07-12,01_棣栫瑪鏀炬,02_闈為娆℃巿淇?RG5,CL_04,iOS,Facebook,02_100%鍙婁互涓?1,1,300000.0,300000.0,0,1,0.0,300000.0,0,1,0.0,300000.0
2026-08-20,01_棣栫瑪鏀炬,01_棣栨鎺堜俊,RG5,CL_05,iOS,Tiktok,02_100%鍙婁互涓?4,4,2500000.0,1500000.0,1,4,800000.0,2500000.0,0,0,0.0,0.0
2026-07-26,01_棣栫瑪鏀炬,02_闈為娆℃巿淇?RG5,CL_05,Android,Organic,02_100%鍙婁互涓?3,3,900000.0,900000.0,1,3,300000.0,900000.0,1,3,300000.0,900000.0
2026-07-29,01_棣栫瑪鏀炬,02_闈為娆℃巿淇?RG3,CL_05,iOS,Organic,02_100%鍙婁互涓?1,1,1200000.0,1200000.0,0,1,0.0,1200000.0,0,1,0.0,1200000.0
2026-07-10,01_棣栫瑪鏀炬,02_闈為娆℃巿淇?RG7,CL_03,Android,Facebook,02_100%鍙婁互涓?2,2,600000.0,600000.0,2,2,600000.0,600000.0,2,2,600000.0,600000.0
2026-07-27,01_棣栫瑪鏀炬,01_棣栨鎺堜俊,RG4,CL_05,Android,Tiktok,02_100%鍙婁互涓?2,2,1000000.0,1000000.0,1,2,400000.0,1000000.0,1,2,400000.0,1000000.0
2026-08-07,01_棣栫瑪鏀炬,01_棣栨鎺堜俊,RG2,CL_07,iOS,Organic,02_100%鍙婁互涓?3,3,4500000.0,4500000.0,0,3,0.0,4500000.0,0,3,0.0,4500000.0
2026-07-21,01_棣栫瑪鏀炬,01_棣栨鎺堜俊,RG4,CL_04,iOS,Facebook,02_100%鍙婁互涓?1,1,800000.0,600000.0,0,1,0.0,800000.0,0,1,0.0,800000.0
2026-07-29,01_棣栫瑪鏀炬,01_棣栨鎺堜俊,RG4,CL_05,iOS,Tiktok,02_100%鍙婁互涓?5,5,3000000.0,3000000.0,3,5,1800000.0,3000000.0,2,5,1200000.0,3000000.0
2026-08-05,01_棣栫瑪鏀炬,01_棣栨鎺堜俊,RG3,CL_03,iOS,Organic,02_100%鍙婁互涓?1,1,1600000.0,1200000.0,1,1,1600000.0,1600000.0,0,0,0.0,0.0
2026-07-14,01_棣栫瑪鏀炬,02_闈為娆℃巿淇?RG4,CL_03,Android,Facebook,02_100%鍙婁互涓?1,1,400000.0,400000.0,0,1,0.0,400000.0,0,1,0.0,400000.0
2026-08-17,01_棣栫瑪鏀炬,01_棣栨鎺堜俊,RG0,CL_01,iOS,Tiktok,02_100%鍙婁互涓?1,1,4000000.0,4000000.0,0,1,0.0,4000000.0,0,0,0.0,0.0
2026-08-22,01_棣栫瑪鏀炬,01_棣栨鎺堜俊,RG1,CL_01,Android,Tiktok,02_100%鍙婁互涓?3,3,4500000.0,4500000.0,0,3,0.0,4500000.0,0,0,0.0,0.0
2026-08-13,01_棣栫瑪鏀炬,02_闈為娆℃巿淇?RG2,CL_07,Android,Facebook,02_100%鍙婁互涓?1,1,1200000.0,1200000.0,0,1,0.0,1200000.0,0,1,0.0,1200000.0
2026-09-01,01_棣栫瑪鏀炬,02_闈為娆℃巿淇?RG4,CL_05,Android,Organic,02_100%鍙婁互涓?3,3,1100000.0,1100000.0,0,0,0.0,0.0,0,0,0.0,0.0
2026-07-27,01_棣栫瑪鏀炬,01_棣栨鎺堜俊,RG1,CL_01,iOS,Facebook,02_100%鍙婁互涓?3,3,7500000.0,7500000.0,2,3,5000000.0,7500000.0,2,3,5000000.0,7500000.0
2026-08-21,01_棣栫瑪鏀炬,01_棣栨鎺堜俊,RG2,CL_07,Android,Google,02_100%鍙婁互涓?1,1,1500000.0,1200000.0,1,1,1500000.0,1500000.0,0,0,0.0,0.0
2026-08-08,01_棣栫瑪鏀炬,01_棣栨鎺堜俊,RG1,CL_01,Android,Facebook,02_100%鍙婁互涓?2,2,3000000.0,3000000.0,1,2,1500000.0,3000000.0,0,2,0.0,3000000.0
2026-07-20,01_棣栫瑪鏀炬,01_棣栨鎺堜俊,RG0,CL_01,iOS,Organic,02_100%鍙婁互涓?1,1,5000000.0,4000000.0,0,1,0.0,5000000.0,0,1,0.0,5000000.0
2026-07-22,01_棣栫瑪鏀炬,01_棣栨鎺堜俊,RG6,CL_05,Android,Google,02_100%鍙婁互涓?3,3,1000000.0,1000000.0,1,3,300000.0,1000000.0,1,3,300000.0,1000000.0
2026-08-20,01_棣栫瑪鏀炬,01_棣栨鎺堜俊,RG3,CL_05,Android,Google,02_100%鍙婁互涓?19,19,1.36E7,1.32E7,6,19,4600000.0,1.36E7,0,0,0.0,0.0
2026-08-17,01_棣栫瑪鏀炬,01_棣栨鎺堜俊,RG2,CL_07,iOS,Organic,02_100%鍙婁互涓?2,2,4300000.0,3500000.0,0,2,0.0,4300000.0,0,0,0.0,0.0
2026-07-25,01_棣栫瑪鏀炬,01_棣栨鎺堜俊,RG4,CL_05,iOS,Facebook,02_100%鍙婁互涓?2,2,1400000.0,1400000.0,0,2,0.0,1400000.0,0,2,0.0,1400000.0
2026-07-11,01_棣栫瑪鏀炬,01_棣栨鎺堜俊,RG3,CL_05,iOS,Organic,02_100%鍙婁互涓?1,1,1200000.0,1200000.0,0,1,0.0,1200000.0,0,1,0.0,1200000.0
2026-07-25,01_棣栫瑪鏀炬,02_闈為娆℃巿淇?RG3,CL_05,Android,Facebook,02_100%鍙婁互涓?3,3,2000000.0,2000000.0,0,3,0.0,2000000.0,0,3,0.0,2000000.0
2026-08-17,01_棣栫瑪鏀炬,01_棣栨鎺堜俊,RG2,CL_01,iOS,Tiktok,02_100%鍙婁互涓?1,1,2000000.0,2000000.0,0,1,0.0,2000000.0,0,0,0.0,0.0
2026-07-10,01_棣栫瑪鏀炬,01_棣栨鎺堜俊,RG3,CL_04,Android,Tiktok,02_100%鍙婁互涓?1,1,800000.0,800000.0,1,1,800000.0,800000.0,1,1,800000.0,800000.0
2026-08-21,01_棣栫瑪鏀炬,02_闈為娆℃巿淇?RG5,CL_05,iOS,绌哄€?02_100%鍙婁互涓?1,1,400000.0,400000.0,1,1,400000.0,400000.0,0,0,0.0,0.0
2026-08-07,01_棣栫瑪鏀炬,01_棣栨鎺堜俊,RG3,CL_05,Android,Google,02_100%鍙婁互涓?14,14,1.03E7,1.0E7,5,14,3800000.0,1.03E7,4,14,3000000.0,1.03E7
2026-07-15,01_棣栫瑪鏀炬,01_棣栨鎺堜俊,RG4,CL_04,iOS,Organic,02_100%鍙婁互涓?2,2,1400000.0,1400000.0,2,2,1400000.0,1400000.0,2,2,1400000.0,1400000.0
2026-07-12,01_棣栫瑪鏀炬,02_闈為娆℃巿淇?RG5,CL_03,iOS,Facebook,02_100%鍙婁互涓?1,1,300000.0,300000.0,1,1,300000.0,300000.0,1,1,300000.0,300000.0
2026-08-19,01_棣栫瑪鏀炬,01_棣栨鎺堜俊,RG3,CL_03,Android,Google,02_100%鍙婁互涓?1,1,600000.0,600000.0,1,1,600000.0,600000.0,0,0,0.0,0.0
2026-08-13,01_棣栫瑪鏀炬,01_棣栨鎺堜俊,RG5,CL_05,Android,Google,02_100%鍙婁互涓?10,10,3600000.0,3600000.0,7,10,2600000.0,3600000.0,6,10,2200000.0,3600000.0
2026-07-24,01_棣栫瑪鏀炬,01_棣栨鎺堜俊,RG5,CL_03,iOS,Organic,02_100%鍙婁互涓?1,1,600000.0,400000.0,0,1,0.0,600000.0,0,1,0.0,600000.0
2026-07-10,01_棣栫瑪鏀炬,01_棣栨鎺堜俊,RG3,CL_03,iOS,Organic,02_100%鍙婁互涓?6,6,6800000.0,6800000.0,2,6,2400000.0,6800000.0,1,6,1200000.0,6800000.0
2026-07-19,01_棣栫瑪鏀炬,02_闈為娆℃巿淇?RG5,CL_05,iOS,Facebook,02_100%鍙婁互涓?1,1,300000.0,300000.0,1,1,300000.0,300000.0,0,1,0.0,300000.0
2026-08-22,01_棣栫瑪鏀炬,02_闈為娆℃巿淇?RG4,CL_05,Android,Facebook,02_100%鍙婁互涓?2,2,1000000.0,1000000.0,2,2,1000000.0,1000000.0,0,0,0.0,0.0
2026-09-03,01_棣栫瑪鏀炬,01_棣栨鎺堜俊,RG4,CL_05,Android,Organic,02_100%鍙婁互涓?3,3,1100000.0,1100000.0,0,0,0.0,0.0,0,0,0.0,0.0
2026-08-05,01_棣栫瑪鏀炬,01_棣栨鎺堜俊,RG1,CL_01,iOS,Organic,02_100%鍙婁互涓?2,2,5500000.0,5500000.0,0,2,0.0,5500000.0,0,2,0.0,5500000.0
2026-08-02,01_棣栫瑪鏀炬,01_棣栨鎺堜俊,RG5,CL_05,iOS,Tiktok,02_100%鍙婁互涓?7,7,2400000.0,2400000.0,2,7,800000.0,2400000.0,2,7,800000.0,2400000.0
2026-07-12,01_棣栫瑪鏀炬,01_棣栨鎺堜俊,RG4,CL_03,Android,Organic,02_100%鍙婁互涓?3,3,1400000.0,1400000.0,1,3,600000.0,1400000.0,0,3,0.0,1400000.0
2026-08-27,01_棣栫瑪鏀炬,02_闈為娆℃巿淇?RG3,CL_05,Android,鍏朵粬,02_100%鍙婁互涓?1,1,600000.0,600000.0,0,0,0.0,0.0,0,0,0.0,0.0
2026-07-11,01_棣栫瑪鏀炬,01_棣栨鎺堜俊,RG5,CL_03,iOS,鍏朵粬,02_100%鍙婁互涓?2,2,600000.0,600000.0,2,2,600000.0,600000.0,1,2,300000.0,600000.0
2026-08-10,01_棣栫瑪鏀炬,01_棣栨鎺堜俊,RG5,CL_05,iOS,Organic,01_100%浠ヤ笅,2,2,600000.0,800000.0,1,2,300000.0,600000.0,0,2,0.0,600000.0
2026-07-17,01_棣栫瑪鏀炬,01_棣栨鎺堜俊,RG4,CL_05,Android,Facebook,02_100%鍙婁互涓?9,9,4200000.0,4200000.0,5,9,2400000.0,4200000.0,4,9,2000000.0,4200000.0
2026-09-07,01_棣栫瑪鏀炬,01_棣栨鎺堜俊,RG5,CL_05,iOS,Organic,02_100%鍙婁互涓?6,6,2800000.0,2400000.0,0,0,0.0,0.0,0,0,0.0,0.0
2026-07-15,01_棣栫瑪鏀炬,01_棣栨鎺堜俊,RG4,CL_03,iOS,Organic,02_100%鍙婁互涓?2,2,1400000.0,1400000.0,0,2,0.0,1400000.0,0,2,0.0,1400000.0
2026-08-12,01_棣栫瑪鏀炬,02_闈為娆℃巿淇?RG3,CL_05,Android,Facebook,02_100%鍙婁互涓?4,4,2800000.0,2600000.0,3,4,2000000.0,2800000.0,1,4,600000.0,2800000.0
2026-08-28,01_棣栫瑪鏀炬,01_棣栨鎺堜俊,RG1,CL_01,iOS,Organic,02_100%鍙婁互涓?2,2,5000000.0,5000000.0,0,0,0.0,0.0,0,0,0.0,0.0
2026-08-25,01_棣栫瑪鏀炬,02_闈為娆℃巿淇?RG3,CL_05,Android,Google,02_100%鍙婁互涓?2,2,1400000.0,1400000.0,0,0,0.0,0.0,0,0,0.0,0.0
2026-08-03,01_棣栫瑪鏀炬,01_棣栨鎺堜俊,RG3,CL_05,Android,Facebook,02_100%鍙婁互涓?13,13,9800000.0,9600000.0,4,13,3000000.0,9800000.0,4,13,3000000.0,9800000.0
2026-07-30,01_棣栫瑪鏀炬,01_棣栨鎺堜俊,RG5,CL_03,iOS,Organic,02_100%鍙婁互涓?1,1,600000.0,600000.0,0,1,0.0,600000.0,0,1,0.0,600000.0
2026-08-21,01_棣栫瑪鏀炬,02_闈為娆℃巿淇?RG4,CL_05,Android,Google,01_100%浠ヤ笅,1,1,300000.0,500000.0,0,1,0.0,300000.0,0,0,0.0,0.0
2026-08-01,01_棣栫瑪鏀炬,01_棣栨鎺堜俊,RG4,CL_05,Android,Facebook,01_100%浠ヤ笅,2,2,800000.0,1200000.0,1,2,300000.0,800000.0,1,2,300000.0,800000.0
2026-08-18,01_棣栫瑪鏀炬,02_闈為娆℃巿淇?RG0,CL_01,iOS,Facebook,02_100%鍙婁互涓?1,1,4000000.0,4000000.0,0,1,0.0,4000000.0,0,0,0.0,0.0
2026-07-29,01_棣栫瑪鏀炬,01_棣栨鎺堜俊,RG5,CL_05,Android,Google,02_100%鍙婁互涓?11,11,3900000.0,3900000.0,7,11,2300000.0,3900000.0,6,11,2000000.0,3900000.0
2026-07-20,01_棣栫瑪鏀炬,02_闈為娆℃巿淇?RG3,CL_05,Android,Organic,01_100%浠ヤ笅,1,1,500000.0,800000.0,0,1,0.0,500000.0,0,1,0.0,500000.0
2026-08-26,01_棣栫瑪鏀炬,01_棣栨鎺堜俊,RG5,CL_05,iOS,Google,02_100%鍙婁互涓?1,1,300000.0,300000.0,0,0,0.0,0.0,0,0,0.0,0.0
2026-07-19,01_棣栫瑪鏀炬,01_棣栨鎺堜俊,RG5,CL_05,iOS,ASA,02_100%鍙婁互涓?1,1,300000.0,300000.0,0,1,0.0,300000.0,0,1,0.0,300000.0
2026-08-04,01_棣栫瑪鏀炬,01_棣栨鎺堜俊,RG3,CL_05,Android,Facebook,01_100%浠ヤ笅,1,1,500000.0,600000.0,1,1,500000.0,500000.0,1,1,500000.0,500000.0
2026-07-13,01_棣栫瑪鏀炬,01_棣栨鎺堜俊,RG4,CL_04,Android,Facebook,02_100%鍙婁互涓?8,8,4000000.0,4000000.0,5,8,2600000.0,4000000.0,5,8,2600000.0,4000000.0
2026-07-17,01_棣栫瑪鏀炬,01_棣栨鎺堜俊,RG5,CL_05,Android,Organic,02_100%鍙婁互涓?6,6,2200000.0,2200000.0,4,6,1500000.0,2200000.0,3,6,1100000.0,2200000.0
2026-08-22,01_棣栫瑪鏀炬,01_棣栨鎺堜俊,RG2,CL_07,Android,Organic,02_100%鍙婁互涓?1,1,1500000.0,1200000.0,0,1,0.0,1500000.0,0,0,0.0,0.0
2026-08-06,01_棣栫瑪鏀炬,01_棣栨鎺堜俊,RG0,CL_01,iOS,Facebook,02_100%鍙婁互涓?1,1,4800000.0,4800000.0,0,1,0.0,4800000.0,0,1,0.0,4800000.0
2026-07-23,01_棣栫瑪鏀炬,01_棣栨鎺堜俊,RG4,CL_05,Android,Facebook,02_100%鍙婁互涓?14,14,7400000.0,7400000.0,7,14,3400000.0,7400000.0,6,14,3000000.0,7400000.0
2026-08-02,01_棣栫瑪鏀炬,01_棣栨鎺堜俊,RG3,CL_05,Android,Google,02_100%鍙婁互涓?22,22,1.45E7,1.44E7,14,22,9400000.0,1.45E7,13,22,8800000.0,1.45E7
2026-07-20,01_棣栫瑪鏀炬,01_棣栨鎺堜俊,RG2,CL_01,iOS,Organic,02_100%鍙婁互涓?2,2,4000000.0,4000000.0,0,2,0.0,4000000.0,0,2,0.0,4000000.0
2026-08-08,01_棣栫瑪鏀炬,01_棣栨鎺堜俊,RG3,CL_03,Android,Facebook,02_100%鍙婁互涓?1,1,600000.0,600000.0,0,1,0.0,600000.0,0,1,0.0,600000.0
2026-08-19,01_棣栫瑪鏀炬,01_棣栨鎺堜俊,RG3,CL_05,iOS,Tiktok,02_100%鍙婁互涓?5,5,5600000.0,5200000.0,1,5,1600000.0,5600000.0,0,0,0.0,0.0
2026-08-11,01_棣栫瑪鏀炬,02_闈為娆℃巿淇?RG7,CL_05,Android,Facebook,02_100%鍙婁互涓?1,1,300000.0,300000.0,0,1,0.0,300000.0,0,1,0.0,300000.0
2026-08-10,01_棣栫瑪鏀炬,01_棣栨鎺堜俊,RG0,CL_01,iOS,Facebook,02_100%鍙婁互涓?1,1,4000000.0,4000000.0,0,1,0.0,4000000.0,0,1,0.0,4000000.0
2026-08-27,01_棣栫瑪鏀炬,01_棣栨鎺堜俊,RG4,CL_05,Android,Tiktok,02_100%鍙婁互涓?4,4,1800000.0,1800000.0,0,0,0.0,0.0,0,0,0.0,0.0
2026-07-14,01_棣栫瑪鏀炬,01_棣栨鎺堜俊,RG1,CL_01,iOS,Facebook,02_100%鍙婁互涓?1,1,3000000.0,3000000.0,0,1,0.0,3000000.0,0,1,0.0,3000000.0
2026-08-10,01_棣栫瑪鏀炬,01_棣栨鎺堜俊,RG2,CL_07,Android,Google,02_100%鍙婁互涓?6,6,8400000.0,7200000.0,1,6,1200000.0,8400000.0,1,6,1200000.0,8400000.0
2026-08-16,01_棣栫瑪鏀炬,02_闈為娆℃巿淇?RG6,CL_05,Android,Facebook,02_100%鍙婁互涓?2,2,600000.0,600000.0,1,2,300000.0,600000.0,0,0,0.0,0.0
2026-07-12,01_棣栫瑪鏀炬,01_棣栨鎺堜俊,RG4,CL_03,Android,Facebook,01_100%浠ヤ笅,1,1,300000.0,600000.0,1,1,300000.0,300000.0,1,1,300000.0,300000.0
2026-08-23,01_棣栫瑪鏀炬,01_棣栨鎺堜俊,RG2,CL_07,Android,Tiktok,02_100%鍙婁互涓?1,1,1500000.0,1200000.0,0,1,0.0,1500000.0,0,0,0.0,0.0
2026-07-13,01_棣栫瑪鏀炬,01_棣栨鎺堜俊,RG7,CL_04,Android,Organic,02_100%鍙婁互涓?1,1,300000.0,300000.0,1,1,300000.0,300000.0,1,1,300000.0,300000.0
2026-07-11,01_棣栫瑪鏀炬,02_闈為娆℃巿淇?RG4,CL_03,Android,Facebook,02_100%鍙婁互涓?2,2,1000000.0,1000000.0,1,2,600000.0,1000000.0,0,2,0.0,1000000.0
2026-08-22,01_棣栫瑪鏀炬,01_棣栨鎺堜俊,RG4,CL_05,iOS,Organic,01_100%浠ヤ笅,1,1,500000.0,800000.0,0,1,0.0,500000.0,0,0,0.0,0.0
2026-07-31,01_棣栫瑪鏀炬,02_闈為娆℃巿淇?RG3,CL_05,Android,Google,02_100%鍙婁互涓?1,1,600000.0,600000.0,0,1,0.0,600000.0,0,1,0.0,600000.0
2026-08-04,01_棣栫瑪鏀炬,02_闈為娆℃巿淇?RG4,CL_05,iOS,Organic,02_100%鍙婁互涓?1,1,800000.0,800000.0,1,1,800000.0,800000.0,0,1,0.0,800000.0
2026-08-18,01_棣栫瑪鏀炬,01_棣栨鎺堜俊,RG0,CL_01,iOS,ASA,02_100%鍙婁互涓?1,1,4000000.0,4000000.0,1,1,4000000.0,4000000.0,0,0,0.0,0.0
2026-08-17,01_棣栫瑪鏀炬,01_棣栨鎺堜俊,RG1,CL_01,Android,Google,01_100%浠ヤ笅,1,1,1000000.0,1500000.0,0,1,0.0,1000000.0,0,0,0.0,0.0
2026-08-01,01_棣栫瑪鏀炬,01_棣栨鎺堜俊,RG5,CL_05,iOS,ASA,02_100%鍙婁互涓?8,8,2900000.0,2500000.0,4,8,1300000.0,2900000.0,4,8,1300000.0,2900000.0
2026-08-18,01_棣栫瑪鏀炬,02_闈為娆℃巿淇?RG5,CL_05,iOS,Facebook,02_100%鍙婁互涓?2,2,1100000.0,700000.0,0,2,0.0,1100000.0,0,0,0.0,0.0
2026-07-25,01_棣栫瑪鏀炬,02_闈為娆℃巿淇?RG5,CL_05,Android,鍏朵粬,02_100%鍙婁互涓?1,1,400000.0,400000.0,1,1,400000.0,400000.0,1,1,400000.0,400000.0
2026-08-01,01_棣栫瑪鏀炬,01_棣栨鎺堜俊,RG3,CL_05,Android,Organic,02_100%鍙婁互涓?5,5,3400000.0,3400000.0,3,5,1800000.0,3400000.0,3,5,1800000.0,3400000.0
2026-08-31,01_棣栫瑪鏀炬,01_棣栨鎺堜俊,RG3,CL_05,iOS,Google,02_100%鍙婁互涓?1,1,1200000.0,800000.0,0,0,0.0,0.0,0,0,0.0,0.0
2026-07-16,01_棣栫瑪鏀炬,01_棣栨鎺堜俊,RG4,CL_05,Android,Organic,02_100%鍙婁互涓?5,5,2000000.0,2000000.0,2,5,800000.0,2000000.0,2,5,800000.0,2000000.0
2026-07-13,01_棣栫瑪鏀炬,01_棣栨鎺堜俊,RG3,CL_03,iOS,ASA,02_100%鍙婁互涓?1,1,1200000.0,1200000.0,0,1,0.0,1200000.0,0,1,0.0,1200000.0
2026-07-11,01_棣栫瑪鏀炬,01_棣栨鎺堜俊,RG1,CL_01,iOS,Facebook,02_100%鍙婁互涓?2,2,5500000.0,5500000.0,1,2,2500000.0,5500000.0,1,2,2500000.0,5500000.0
2026-08-19,01_棣栫瑪鏀炬,01_棣栨鎺堜俊,RG2,CL_01,Android,Facebook,02_100%鍙婁互涓?1,1,1500000.0,1500000.0,0,1,0.0,1500000.0,0,0,0.0,0.0
2026-08-22,01_棣栫瑪鏀炬,01_棣栨鎺堜俊,RG4,CL_05,Android,Tiktok,01_100%浠ヤ笅,1,1,300000.0,400000.0,0,1,0.0,300000.0,0,0,0.0,0.0
2026-08-24,01_棣栫瑪鏀炬,01_棣栨鎺堜俊,RG1,CL_01,Android,Facebook,02_100%鍙婁互涓?3,3,5500000.0,4500000.0,0,0,0.0,0.0,0,0,0.0,0.0
2026-07-10,01_棣栫瑪鏀炬,01_棣栨鎺堜俊,RG3,CL_04,iOS,鍏朵粬,02_100%鍙婁互涓?1,1,800000.0,800000.0,1,1,800000.0,800000.0,0,1,0.0,800000.0
2026-07-19,01_棣栫瑪鏀炬,01_棣栨鎺堜俊,RG6,CL_05,Android,Google,02_100%鍙婁互涓?4,4,1200000.0,1200000.0,3,4,900000.0,1200000.0,2,4,600000.0,1200000.0
2026-09-03,01_棣栫瑪鏀炬,01_棣栨鎺堜俊,RG4,CL_05,Android,Facebook,01_100%浠ヤ笅,1,1,300000.0,500000.0,0,0,0.0,0.0,0,0,0.0,0.0
2026-08-09,01_棣栫瑪鏀炬,01_棣栨鎺堜俊,RG5,CL_05,iOS,Organic,02_100%鍙婁互涓?9,9,3800000.0,3000000.0,4,9,1600000.0,3800000.0,2,9,700000.0,3800000.0
2026-08-08,01_棣栫瑪鏀炬,01_棣栨鎺堜俊,RG5,CL_05,Android,Facebook,02_100%鍙婁互涓?15,15,5400000.0,5400000.0,8,15,2800000.0,5400000.0,5,15,1700000.0,5400000.0
2026-09-01,01_棣栫瑪鏀炬,01_棣栨鎺堜俊,RG2,CL_05,Android,Google,02_100%鍙婁互涓?1,1,1400000.0,1200000.0,0,0,0.0,0.0,0,0,0.0,0.0
2026-08-19,01_棣栫瑪鏀炬,01_棣栨鎺堜俊,RG3,CL_05,Android,Google,01_100%浠ヤ笅,1,1,600000.0,800000.0,0,1,0.0,600000.0,0,0,0.0,0.0
2026-08-14,01_棣栫瑪鏀炬,02_闈為娆℃巿淇?RG1,CL_01,iOS,Organic,02_100%鍙婁互涓?1,1,2500000.0,2500000.0,0,1,0.0,2500000.0,0,0,0.0,0.0
2026-09-06,01_棣栫瑪鏀炬,01_棣栨鎺堜俊,RG1,CL_01,iOS,Facebook,02_100%鍙婁互涓?2,2,7500000.0,6300000.0,0,0,0.0,0.0,0,0,0.0,0.0
2026-08-21,01_棣栫瑪鏀炬,01_棣栨鎺堜俊,RG4,CL_05,iOS,Organic,02_100%鍙婁互涓?5,5,4200000.0,3800000.0,3,5,2200000.0,4200000.0,0,0,0.0,0.0
2026-08-26,01_棣栫瑪鏀炬,01_棣栨鎺堜俊,RG0,CL_01,iOS,Facebook,02_100%鍙婁互涓?1,1,6000000.0,4000000.0,0,0,0.0,0.0,0,0,0.0,0.0
2026-08-11,01_棣栫瑪鏀炬,01_棣栨鎺堜俊,RG0,CL_01,iOS,Organic,02_100%鍙婁互涓?1,1,5200000.0,5200000.0,0,1,0.0,5200000.0,0,1,0.0,5200000.0
2026-08-01,01_棣栫瑪鏀炬,01_棣栨鎺堜俊,RG7,CL_05,Android,Organic,02_100%鍙婁互涓?2,2,600000.0,600000.0,1,2,300000.0,600000.0,1,2,300000.0,600000.0
2026-07-25,01_棣栫瑪鏀炬,01_棣栨鎺堜俊,RG5,CL_05,iOS,Facebook,02_100%鍙婁互涓?5,5,2200000.0,1600000.0,1,5,500000.0,2200000.0,0,5,0.0,2200000.0
2026-09-02,01_棣栫瑪鏀炬,01_棣栨鎺堜俊,RG5,CL_05,iOS,ASA,02_100%鍙婁互涓?2,2,1000000.0,600000.0,0,0,0.0,0.0,0,0,0.0,0.0
2026-07-11,01_棣栫瑪鏀炬,01_棣栨鎺堜俊,RG4,CL_03,iOS,Organic,02_100%鍙婁互涓?3,3,2200000.0,2200000.0,0,3,0.0,2200000.0,0,3,0.0,2200000.0
2026-07-26,01_棣栫瑪鏀炬,01_棣栨鎺堜俊,RG3,CL_05,Android,Tiktok,02_100%鍙婁互涓?1,1,600000.0,600000.0,0,1,0.0,600000.0,0,1,0.0,600000.0
2026-08-08,01_棣栫瑪鏀炬,02_闈為娆℃巿淇?RG4,CL_05,iOS,Google,02_100%鍙婁互涓?1,1,800000.0,800000.0,1,1,800000.0,800000.0,1,1,800000.0,800000.0
2026-08-26,01_棣栫瑪鏀炬,01_棣栨鎺堜俊,RG4,CL_05,iOS,Facebook,02_100%鍙婁互涓?1,1,600000.0,600000.0,0,0,0.0,0.0,0,0,0.0,0.0
2026-07-20,01_棣栫瑪鏀炬,01_棣栨鎺堜俊,RG3,CL_05,iOS,Organic,02_100%鍙婁互涓?12,12,1.24E7,1.24E7,3,12,3600000.0,1.24E7,3,12,3600000.0,1.24E7
2026-08-26,01_棣栫瑪鏀炬,02_闈為娆℃巿淇?RG3,CL_05,Android,Facebook,02_100%鍙婁互涓?1,1,800000.0,800000.0,0,0,0.0,0.0,0,0,0.0,0.0
2026-08-13,01_棣栫瑪鏀炬,01_棣栨鎺堜俊,RG3,CL_05,Android,Organic,01_100%浠ヤ笅,1,1,600000.0,800000.0,0,1,0.0,600000.0,0,1,0.0,600000.0
2026-08-15,01_棣栫瑪鏀炬,01_棣栨鎺堜俊,RG5,CL_05,iOS,Facebook,02_100%鍙婁互涓?4,4,1500000.0,1500000.0,3,4,1100000.0,1500000.0,0,0,0.0,0.0
2026-08-02,01_棣栫瑪鏀炬,01_棣栨鎺堜俊,RG1,CL_01,Android,Google,02_100%鍙婁互涓?1,1,1500000.0,1500000.0,0,1,0.0,1500000.0,0,1,0.0,1500000.0
2026-07-26,01_棣栫瑪鏀炬,01_棣栨鎺堜俊,RG5,CL_05,iOS,Facebook,02_100%鍙婁互涓?7,7,3000000.0,2400000.0,4,7,1400000.0,3000000.0,3,7,1000000.0,3000000.0
2026-07-23,01_棣栫瑪鏀炬,02_闈為娆℃巿淇?RG3,CL_03,iOS,Organic,01_100%浠ヤ笅,1,1,500000.0,800000.0,1,1,500000.0,500000.0,1,1,500000.0,500000.0
2026-08-15,01_棣栫瑪鏀炬,01_棣栨鎺堜俊,RG5,CL_04,iOS,Organic,02_100%鍙婁互涓?1,1,600000.0,400000.0,1,1,600000.0,600000.0,0,0,0.0,0.0
2026-07-13,01_棣栫瑪鏀炬,01_棣栨鎺堜俊,RG3,CL_03,Android,Organic,02_100%鍙婁互涓?1,1,800000.0,800000.0,0,1,0.0,800000.0,0,1,0.0,800000.0
2026-07-12,01_棣栫瑪鏀炬,02_闈為娆℃巿淇?RG5,CL_03,Android,Tiktok,02_100%鍙婁互涓?1,1,400000.0,400000.0,1,1,400000.0,400000.0,1,1,400000.0,400000.0
2026-08-07,01_棣栫瑪鏀炬,01_棣栨鎺堜俊,RG4,CL_03,Android,Facebook,02_100%鍙婁互涓?1,1,400000.0,400000.0,1,1,400000.0,400000.0,0,1,0.0,400000.0
2026-07-13,01_棣栫瑪鏀炬,01_棣栨鎺堜俊,RG2,CL_05,iOS,鍏朵粬,02_100%鍙婁互涓?1,1,1600000.0,1500000.0,0,1,0.0,1600000.0,0,1,0.0,1600000.0
2026-08-07,01_棣栫瑪鏀炬,01_棣栨鎺堜俊,RG1,CL_01,Android,Facebook,02_100%鍙婁互涓?1,1,1500000.0,1500000.0,1,1,1500000.0,1500000.0,1,1,1500000.0,1500000.0
2026-07-25,01_棣栫瑪鏀炬,02_闈為娆℃巿淇?RG1,CL_01,Android,Facebook,02_100%鍙婁互涓?1,1,1500000.0,1500000.0,0,1,0.0,1500000.0,0,1,0.0,1500000.0
2026-08-19,01_棣栫瑪鏀炬,01_棣栨鎺堜俊,RG2,CL_07,Android,Tiktok,02_100%鍙婁互涓?1,1,1500000.0,1200000.0,0,1,0.0,1500000.0,0,0,0.0,0.0
2026-08-09,01_棣栫瑪鏀炬,01_棣栨鎺堜俊,RG5,CL_05,iOS,Facebook,02_100%鍙婁互涓?8,8,3100000.0,2700000.0,3,8,1400000.0,3100000.0,1,8,300000.0,3100000.0
2026-07-30,01_棣栫瑪鏀炬,01_棣栨鎺堜俊,RG2,CL_01,iOS,Organic,02_100%鍙婁互涓?1,1,2000000.0,2000000.0,0,1,0.0,2000000.0,0,1,0.0,2000000.0
2026-08-29,01_棣栫瑪鏀炬,01_棣栨鎺堜俊,RG5,CL_05,iOS,Tiktok,02_100%鍙婁互涓?1,1,300000.0,300000.0,0,0,0.0,0.0,0,0,0.0,0.0
2026-07-22,01_棣栫瑪鏀炬,01_棣栨鎺堜俊,RG2,CL_01,Android,Facebook,01_100%浠ヤ笅,1,1,300000.0,1500000.0,0,1,0.0,300000.0,0,1,0.0,300000.0
2026-09-06,01_棣栫瑪鏀炬,01_棣栨鎺堜俊,RG2,CL_07,Android,Facebook,01_100%浠ヤ笅,1,1,1000000.0,1200000.0,0,0,0.0,0.0,0,0,0.0,0.0
2026-08-21,01_棣栫瑪鏀炬,01_棣栨鎺堜俊,RG2,CL_07,iOS,Tiktok,02_100%鍙婁互涓?1,1,1800000.0,1800000.0,0,1,0.0,1800000.0,0,0,0.0,0.0
2026-07-16,01_棣栫瑪鏀炬,01_棣栨鎺堜俊,RG2,CL_01,Android,Facebook,01_100%浠ヤ笅,1,1,1000000.0,1500000.0,0,1,0.0,1000000.0,0,1,0.0,1000000.0
2026-08-04,01_棣栫瑪鏀炬,01_棣栨鎺堜俊,RG5,CL_03,Android,Facebook,02_100%鍙婁互涓?1,1,400000.0,400000.0,0,1,0.0,400000.0,0,1,0.0,400000.0
2026-08-14,01_棣栫瑪鏀炬,02_闈為娆℃巿淇?RG5,CL_05,iOS,Facebook,02_100%鍙婁互涓?5,5,2000000.0,1800000.0,3,5,1000000.0,2000000.0,0,0,0.0,0.0
2026-08-23,01_棣栫瑪鏀炬,01_棣栨鎺堜俊,RG1,CL_01,Android,Facebook,02_100%鍙婁互涓?4,4,7000000.0,6000000.0,0,4,0.0,7000000.0,0,0,0.0,0.0
2026-08-01,01_棣栫瑪鏀炬,01_棣栨鎺堜俊,RG5,CL_05,iOS,Tiktok,02_100%鍙婁互涓?5,5,1700000.0,1700000.0,1,5,300000.0,1700000.0,0,5,0.0,1700000.0
2026-08-12,01_棣栫瑪鏀炬,02_闈為娆℃巿淇?RG6,CL_05,Android,Facebook,02_100%鍙婁互涓?1,1,300000.0,300000.0,0,1,0.0,300000.0,0,1,0.0,300000.0
2026-07-29,01_棣栫瑪鏀炬,02_闈為娆℃巿淇?RG5,CL_05,Android,Tiktok,02_100%鍙婁互涓?1,1,300000.0,300000.0,1,1,300000.0,300000.0,0,1,0.0,300000.0
2026-07-11,01_棣栫瑪鏀炬,02_闈為娆℃巿淇?RG3,CL_05,Android,Google,02_100%鍙婁互涓?1,1,600000.0,600000.0,0,1,0.0,600000.0,0,1,0.0,600000.0
2026-07-27,01_棣栫瑪鏀炬,01_棣栨鎺堜俊,RG5,CL_05,Android,Tiktok,02_100%鍙婁互涓?5,5,1900000.0,1900000.0,4,5,1500000.0,1900000.0,2,5,800000.0,1900000.0
2026-07-17,01_棣栫瑪鏀炬,02_闈為娆℃巿淇?RG3,CL_05,iOS,Organic,02_100%鍙婁互涓?1,1,1200000.0,1200000.0,0,1,0.0,1200000.0,0,1,0.0,1200000.0
2026-07-11,01_棣栫瑪鏀炬,01_棣栨鎺堜俊,RG1,CL_01,iOS,Organic,02_100%鍙婁互涓?5,5,1.38E7,1.38E7,0,5,0.0,1.38E7,0,5,0.0,1.38E7
2026-07-11,01_棣栫瑪鏀炬,02_闈為娆℃巿淇?RG5,CL_04,Android,Google,02_100%鍙婁互涓?1,1,400000.0,400000.0,0,1,0.0,400000.0,0,1,0.0,400000.0
2026-09-01,01_棣栫瑪鏀炬,02_闈為娆℃巿淇?RG5,CL_05,iOS,Tiktok,02_100%鍙婁互涓?1,1,400000.0,400000.0,0,0,0.0,0.0,0,0,0.0,0.0
2026-08-19,01_棣栫瑪鏀炬,01_棣栨鎺堜俊,RG4,CL_05,Android,Google,02_100%鍙婁互涓?8,8,3400000.0,3400000.0,2,8,1000000.0,3400000.0,0,0,0.0,0.0
2026-08-19,01_棣栫瑪鏀炬,02_闈為娆℃巿淇?RG4,CL_05,iOS,Facebook,02_100%鍙婁互涓?1,1,600000.0,600000.0,1,1,600000.0,600000.0,0,0,0.0,0.0
2026-07-31,01_棣栫瑪鏀炬,02_闈為娆℃巿淇?RG5,CL_05,Android,Facebook,02_100%鍙婁互涓?3,3,1100000.0,1100000.0,2,3,800000.0,1100000.0,2,3,800000.0,1100000.0
2026-08-14,01_棣栫瑪鏀炬,01_棣栨鎺堜俊,RG3,CL_05,iOS,Tiktok,02_100%鍙婁互涓?1,1,800000.0,800000.0,0,1,0.0,800000.0,0,0,0.0,0.0
2026-07-13,01_棣栫瑪鏀炬,01_棣栨鎺堜俊,RG3,CL_03,Android,Facebook,01_100%浠ヤ笅,1,1,400000.0,800000.0,1,1,400000.0,400000.0,0,1,0.0,400000.0
2026-07-18,01_棣栫瑪鏀炬,01_棣栨鎺堜俊,RG4,CL_05,Android,Google,01_100%浠ヤ笅,1,1,300000.0,400000.0,0,1,0.0,300000.0,0,1,0.0,300000.0
2026-07-15,01_棣栫瑪鏀炬,01_棣栨鎺堜俊,RG3,CL_03,iOS,Facebook,02_100%鍙婁互涓?3,3,2400000.0,2400000.0,1,3,800000.0,2400000.0,0,3,0.0,2400000.0
2026-08-02,01_棣栫瑪鏀炬,01_棣栨鎺堜俊,RG1,CL_01,Android,Facebook,02_100%鍙婁互涓?4,4,7500000.0,6000000.0,1,4,1500000.0,7500000.0,1,4,1500000.0,7500000.0
2026-08-29,01_棣栫瑪鏀炬,01_棣栨鎺堜俊,RG2,CL_03,iOS,Facebook,02_100%鍙婁互涓?1,1,1000000.0,1000000.0,0,0,0.0,0.0,0,0,0.0,0.0
2026-07-27,01_棣栫瑪鏀炬,02_闈為娆℃巿淇?RG5,CL_05,Android,Google,01_100%浠ヤ笅,1,1,300000.0,400000.0,0,1,0.0,300000.0,0,1,0.0,300000.0
2026-08-20,01_棣栫瑪鏀炬,01_棣栨鎺堜俊,RG4,CL_05,Android,Google,01_100%浠ヤ笅,1,1,400000.0,500000.0,0,0,0.0,0.0,0,0,0.0,0.0
2026-07-31,01_棣栫瑪鏀炬,02_闈為娆℃巿淇?RG7,CL_05,Android,Google,02_100%鍙婁互涓?1,1,300000.0,300000.0,0,1,0.0,300000.0,0,1,0.0,300000.0
2026-09-06,01_棣栫瑪鏀炬,01_棣栨鎺堜俊,RG2,CL_01,iOS,Organic,02_100%鍙婁互涓?1,1,2500000.0,2500000.0,0,0,0.0,0.0,0,0,0.0,0.0
2026-08-05,01_棣栫瑪鏀炬,01_棣栨鎺堜俊,RG1,CL_01,iOS,Facebook,02_100%鍙婁互涓?4,4,1.1E7,1.1E7,0,4,0.0,1.1E7,0,4,0.0,1.1E7
2026-08-20,01_棣栫瑪鏀炬,01_棣栨鎺堜俊,RG5,CL_05,iOS,ASA,02_100%鍙婁互涓?1,1,400000.0,400000.0,1,1,400000.0,400000.0,0,0,0.0,0.0
2026-07-13,01_棣栫瑪鏀炬,01_棣栨鎺堜俊,RG4,CL_05,Android,Facebook,02_100%鍙婁互涓?6,6,2800000.0,2800000.0,5,6,2400000.0,2800000.0,4,6,2000000.0,2800000.0
2026-08-14,01_棣栫瑪鏀炬,01_棣栨鎺堜俊,RG1,CL_01,iOS,ASA,02_100%鍙婁互涓?1,1,3300000.0,3300000.0,0,1,0.0,3300000.0,0,0,0.0,0.0
2026-07-30,01_棣栫瑪鏀炬,02_闈為娆℃巿淇?RG3,CL_05,Android,Google,02_100%鍙婁互涓?2,2,1400000.0,1400000.0,0,2,0.0,1400000.0,0,2,0.0,1400000.0
2026-08-13,01_棣栫瑪鏀炬,01_棣栨鎺堜俊,RG2,CL_01,iOS,Tiktok,02_100%鍙婁互涓?1,1,2000000.0,2000000.0,0,1,0.0,2000000.0,0,1,0.0,2000000.0
2026-08-25,01_棣栫瑪鏀炬,01_棣栨鎺堜俊,RG4,CL_05,iOS,Organic,02_100%鍙婁互涓?4,4,3000000.0,3000000.0,0,0,0.0,0.0,0,0,0.0,0.0
2026-07-14,01_棣栫瑪鏀炬,02_闈為娆℃巿淇?RG5,CL_05,Android,Organic,02_100%鍙婁互涓?1,1,400000.0,400000.0,0,1,0.0,400000.0,0,1,0.0,400000.0
2026-08-11,01_棣栫瑪鏀炬,02_闈為娆℃巿淇?RG3,CL_05,Android,Facebook,02_100%鍙婁互涓?1,1,800000.0,800000.0,1,1,800000.0,800000.0,1,1,800000.0,800000.0
2026-08-15,01_棣栫瑪鏀炬,02_闈為娆℃巿淇?RG6,CL_05,Android,Google,02_100%鍙婁互涓?2,2,600000.0,600000.0,2,2,600000.0,600000.0,0,0,0.0,0.0
2026-08-19,01_棣栫瑪鏀炬,01_棣栨鎺堜俊,RG5,CL_04,Android,Facebook,02_100%鍙婁互涓?1,1,400000.0,400000.0,1,1,400000.0,400000.0,0,0,0.0,0.0
2026-08-30,01_棣栫瑪鏀炬,01_棣栨鎺堜俊,RG1,CL_01,iOS,ASA,02_100%鍙婁互涓?1,1,2500000.0,2500000.0,0,0,0.0,0.0,0,0,0.0,0.0
2026-07-26,01_棣栫瑪鏀炬,02_闈為娆℃巿淇?RG5,CL_05,Android,Facebook,02_100%鍙婁互涓?3,3,1100000.0,1100000.0,0,3,0.0,1100000.0,0,3,0.0,1100000.0
2026-08-02,01_棣栫瑪鏀炬,01_棣栨鎺堜俊,RG5,CL_05,Android,Google,02_100%鍙婁互涓?20,20,7100000.0,7100000.0,9,20,3200000.0,7100000.0,8,20,2800000.0,7100000.0
2026-08-12,01_棣栫瑪鏀炬,01_棣栨鎺堜俊,RG4,CL_05,iOS,Organic,02_100%鍙婁互涓?8,8,6000000.0,5800000.0,6,8,4600000.0,6000000.0,6,8,4600000.0,6000000.0
2026-08-29,01_棣栫瑪鏀炬,01_棣栨鎺堜俊,RG4,CL_05,Android,Facebook,02_100%鍙婁互涓?4,4,2000000.0,2000000.0,0,0,0.0,0.0,0,0,0.0,0.0
2026-09-07,01_棣栫瑪鏀炬,01_棣栨鎺堜俊,RG2,CL_07,Android,Facebook,02_100%鍙婁互涓?3,3,4800000.0,3900000.0,0,0,0.0,0.0,0,0,0.0,0.0
2026-09-04,01_棣栫瑪鏀炬,01_棣栨鎺堜俊,RG2,CL_05,iOS,Organic,02_100%鍙婁互涓?1,1,1800000.0,1500000.0,0,0,0.0,0.0,0,0,0.0,0.0
2026-08-12,01_棣栫瑪鏀炬,01_棣栨鎺堜俊,RG5,CL_05,iOS,Organic,01_100%浠ヤ笅,1,1,300000.0,400000.0,1,1,300000.0,300000.0,1,1,300000.0,300000.0
2026-08-14,01_棣栫瑪鏀炬,01_棣栨鎺堜俊,RG2,CL_01,Android,Google,02_100%鍙婁互涓?1,1,2300000.0,1500000.0,0,1,0.0,2300000.0,0,0,0.0,0.0
2026-07-10,01_棣栫瑪鏀炬,02_闈為娆℃巿淇?RG5,CL_03,Android,Organic,02_100%鍙婁互涓?1,1,400000.0,400000.0,1,1,400000.0,400000.0,1,1,400000.0,400000.0
2026-07-25,01_棣栫瑪鏀炬,01_棣栨鎺堜俊,RG2,CL_05,iOS,ASA,02_100%鍙婁互涓?1,1,1200000.0,1200000.0,1,1,1200000.0,1200000.0,1,1,1200000.0,1200000.0
2026-07-13,01_棣栫瑪鏀炬,01_棣栨鎺堜俊,RG6,CL_04,Android,Facebook,02_100%鍙婁互涓?4,4,1300000.0,1300000.0,2,4,600000.0,1300000.0,1,4,300000.0,1300000.0
2026-07-11,01_棣栫瑪鏀炬,02_闈為娆℃巿淇?RG3,CL_03,Android,Organic,02_100%鍙婁互涓?1,1,800000.0,800000.0,0,1,0.0,800000.0,0,1,0.0,800000.0
2026-07-15,01_棣栫瑪鏀炬,01_棣栨鎺堜俊,RG5,CL_03,Android,Tiktok,02_100%鍙婁互涓?1,1,400000.0,400000.0,0,1,0.0,400000.0,0,1,0.0,400000.0
2026-07-10,01_棣栫瑪鏀炬,01_棣栨鎺堜俊,RG6,CL_03,Android,Tiktok,02_100%鍙婁互涓?2,2,700000.0,700000.0,1,2,300000.0,700000.0,1,2,300000.0,700000.0
2026-08-28,01_棣栫瑪鏀炬,01_棣栨鎺堜俊,RG4,CL_05,Android,Tiktok,02_100%鍙婁互涓?5,5,1800000.0,1800000.0,0,0,0.0,0.0,0,0,0.0,0.0
2026-08-09,01_棣栫瑪鏀炬,01_棣栨鎺堜俊,RG5,CL_05,iOS,Organic,01_100%浠ヤ笅,1,1,300000.0,400000.0,0,1,0.0,300000.0,0,1,0.0,300000.0
2026-07-28,01_棣栫瑪鏀炬,01_棣栨鎺堜俊,RG2,CL_01,Android,Facebook,02_100%鍙婁互涓?1,1,1800000.0,1500000.0,0,1,0.0,1800000.0,0,1,0.0,1800000.0
2026-09-01,01_棣栫瑪鏀炬,01_棣栨鎺堜俊,RG1,CL_01,iOS,Organic,02_100%鍙婁互涓?2,2,5000000.0,5000000.0,0,0,0.0,0.0,0,0,0.0,0.0
2026-07-15,01_棣栫瑪鏀炬,01_棣栨鎺堜俊,RG5,CL_03,iOS,Organic,02_100%鍙婁互涓?6,6,2000000.0,2000000.0,1,6,300000.0,2000000.0,0,6,0.0,2000000.0
2026-08-01,01_棣栫瑪鏀炬,01_棣栨鎺堜俊,RG5,CL_05,Android,Google,01_100%浠ヤ笅,2,2,600000.0,800000.0,1,2,300000.0,600000.0,1,2,300000.0,600000.0
2026-07-18,01_棣栫瑪鏀炬,01_棣栨鎺堜俊,RG5,CL_05,Android,Facebook,02_100%鍙婁互涓?13,13,4800000.0,4800000.0,8,13,3000000.0,4800000.0,4,13,1500000.0,4800000.0
2026-08-04,01_棣栫瑪鏀炬,01_棣栨鎺堜俊,RG4,CL_05,Android,Facebook,02_100%鍙婁互涓?10,10,4800000.0,4800000.0,4,10,2000000.0,4800000.0,4,10,2000000.0,4800000.0
2026-08-10,01_棣栫瑪鏀炬,02_闈為娆℃巿淇?RG4,CL_05,Android,Google,02_100%鍙婁互涓?3,3,1200000.0,1200000.0,2,3,800000.0,1200000.0,2,3,800000.0,1200000.0
2026-08-18,01_棣栫瑪鏀炬,01_棣栨鎺堜俊,RG4,CL_05,Android,Google,02_100%鍙婁互涓?28,28,1.28E7,1.28E7,11,26,5600000.0,1.2E7,0,0,0.0,0.0
2026-07-30,01_棣栫瑪鏀炬,01_棣栨鎺堜俊,RG6,CL_05,Android,Tiktok,02_100%鍙婁互涓?1,1,300000.0,300000.0,1,1,300000.0,300000.0,1,1,300000.0,300000.0
2026-08-16,01_棣栫瑪鏀炬,02_闈為娆℃巿淇?RG2,CL_07,iOS,Organic,02_100%鍙婁互涓?1,1,1500000.0,1500000.0,0,1,0.0,1500000.0,0,0,0.0,0.0
2026-08-04,01_棣栫瑪鏀炬,02_闈為娆℃巿淇?RG5,CL_05,iOS,Organic,02_100%鍙婁互涓?7,7,2900000.0,2500000.0,4,7,1800000.0,2900000.0,4,7,1800000.0,2900000.0
2026-08-01,01_棣栫瑪鏀炬,01_棣栨鎺堜俊,RG4,CL_05,Android,Facebook,02_100%鍙婁互涓?21,21,1.06E7,1.06E7,12,20,5800000.0,1.0E7,10,20,4800000.0,1.0E7
2026-08-15,01_棣栫瑪鏀炬,01_棣栨鎺堜俊,RG3,CL_05,Android,Tiktok,02_100%鍙婁互涓?1,1,800000.0,800000.0,1,1,800000.0,800000.0,0,0,0.0,0.0
2026-08-14,01_棣栫瑪鏀炬,01_棣栨鎺堜俊,RG3,CL_05,Android,Google,01_100%浠ヤ笅,1,1,500000.0,800000.0,1,1,500000.0,500000.0,0,0,0.0,0.0
2026-09-06,01_棣栫瑪鏀炬,01_棣栨鎺堜俊,RG0,CL_06,iOS,Organic,02_100%鍙婁互涓?1,1,8200000.0,7200000.0,0,0,0.0,0.0,0,0,0.0,0.0
2026-08-05,01_棣栫瑪鏀炬,01_棣栨鎺堜俊,RG4,CL_05,iOS,Organic,02_100%鍙婁互涓?4,4,3200000.0,2800000.0,2,4,1200000.0,3200000.0,2,4,1200000.0,3200000.0
2026-07-27,01_棣栫瑪鏀炬,01_棣栨鎺堜俊,RG4,CL_05,iOS,Facebook,02_100%鍙婁互涓?2,2,1600000.0,1400000.0,1,2,800000.0,1600000.0,0,2,0.0,1600000.0
2026-08-11,01_棣栫瑪鏀炬,01_棣栨鎺堜俊,RG4,CL_04,Android,Tiktok,02_100%鍙婁互涓?1,1,400000.0,400000.0,0,1,0.0,400000.0,0,1,0.0,400000.0
2026-08-20,01_棣栫瑪鏀炬,02_闈為娆℃巿淇?RG2,CL_05,Android,Google,02_100%鍙婁互涓?1,1,1600000.0,1200000.0,1,1,1600000.0,1600000.0,0,0,0.0,0.0
2026-08-23,01_棣栫瑪鏀炬,01_棣栨鎺堜俊,RG3,CL_05,Android,Organic,02_100%鍙婁互涓?5,5,3800000.0,3400000.0,1,5,600000.0,3800000.0,0,0,0.0,0.0
2026-08-24,01_棣栫瑪鏀炬,01_棣栨鎺堜俊,RG2,CL_07,iOS,Organic,02_100%鍙婁互涓?3,3,5300000.0,4500000.0,0,0,0.0,0.0,0,0,0.0,0.0
2026-07-23,01_棣栫瑪鏀炬,01_棣栨鎺堜俊,RG2,CL_01,Android,Facebook,02_100%鍙婁互涓?4,4,6000000.0,6000000.0,0,4,0.0,6000000.0,0,4,0.0,6000000.0
2026-07-18,01_棣栫瑪鏀炬,01_棣栨鎺堜俊,RG5,CL_05,Android,Google,02_100%鍙婁互涓?6,6,2000000.0,2000000.0,4,6,1300000.0,2000000.0,2,6,700000.0,2000000.0
2026-08-28,01_棣栫瑪鏀炬,01_棣栨鎺堜俊,RG0,CL_06,iOS,Facebook,02_100%鍙婁互涓?1,1,6000000.0,6000000.0,0,0,0.0,0.0,0,0,0.0,0.0
2026-07-24,01_棣栫瑪鏀炬,01_棣栨鎺堜俊,RG4,CL_05,iOS,Google,02_100%鍙婁互涓?1,1,400000.0,400000.0,0,1,0.0,400000.0,0,1,0.0,400000.0
2026-09-01,01_棣栫瑪鏀炬,01_棣栨鎺堜俊,RG3,CL_05,iOS,Facebook,02_100%鍙婁互涓?2,2,2400000.0,2000000.0,0,0,0.0,0.0,0,0,0.0,0.0
2026-09-04,01_棣栫瑪鏀炬,01_棣栨鎺堜俊,RG3,CL_05,iOS,ASA,02_100%鍙婁互涓?1,1,800000.0,800000.0,0,0,0.0,0.0,0,0,0.0,0.0
2026-09-03,01_棣栫瑪鏀炬,01_棣栨鎺堜俊,RG5,CL_05,iOS,Tiktok,02_100%鍙婁互涓?3,3,1500000.0,900000.0,0,0,0.0,0.0,0,0,0.0,0.0
2026-08-15,01_棣栫瑪鏀炬,02_闈為娆℃巿淇?RG6,CL_05,Android,Facebook,02_100%鍙婁互涓?2,2,600000.0,600000.0,1,2,300000.0,600000.0,0,0,0.0,0.0
2026-07-17,01_棣栫瑪鏀炬,01_棣栨鎺堜俊,RG7,CL_05,Android,Facebook,02_100%鍙婁互涓?5,5,1500000.0,1500000.0,3,5,900000.0,1500000.0,3,5,900000.0,1500000.0
2026-08-22,01_棣栫瑪鏀炬,02_闈為娆℃巿淇?RG3,CL_05,Android,Organic,02_100%鍙婁互涓?2,2,1400000.0,1400000.0,1,2,600000.0,1400000.0,0,0,0.0,0.0
2026-09-04,01_棣栫瑪鏀炬,01_棣栨鎺堜俊,RG2,CL_07,iOS,Organic,02_100%鍙婁互涓?1,1,1800000.0,1800000.0,0,0,0.0,0.0,0,0,0.0,0.0
2026-07-11,01_棣栫瑪鏀炬,01_棣栨鎺堜俊,RG4,CL_04,Android,Tiktok,02_100%鍙婁互涓?1,1,600000.0,600000.0,1,1,600000.0,600000.0,1,1,600000.0,600000.0
2026-08-21,01_棣栫瑪鏀炬,01_棣栨鎺堜俊,RG5,CL_05,iOS,Organic,02_100%鍙婁互涓?15,15,5500000.0,5000000.0,6,15,2200000.0,5500000.0,0,0,0.0,0.0
2026-08-13,01_棣栫瑪鏀炬,01_棣栨鎺堜俊,RG2,CL_07,Android,Tiktok,02_100%鍙婁互涓?3,3,3600000.0,3600000.0,2,3,2400000.0,3600000.0,2,3,2400000.0,3600000.0
2026-08-02,01_棣栫瑪鏀炬,01_棣栨鎺堜俊,RG2,CL_01,Android,Facebook,02_100%鍙婁互涓?1,1,2000000.0,2000000.0,1,1,2000000.0,2000000.0,0,1,0.0,2000000.0
2026-07-12,01_棣栫瑪鏀炬,01_棣栨鎺堜俊,RG4,CL_05,Android,Facebook,01_100%浠ヤ笅,1,1,300000.0,600000.0,1,1,300000.0,300000.0,1,1,300000.0,300000.0
2026-08-19,01_棣栫瑪鏀炬,01_棣栨鎺堜俊,RG1,CL_01,Android,Google,01_100%浠ヤ笅,1,1,500000.0,1500000.0,0,1,0.0,500000.0,0,0,0.0,0.0
2026-07-17,01_棣栫瑪鏀炬,01_棣栨鎺堜俊,RG4,CL_03,Android,Facebook,02_100%鍙婁互涓?1,1,600000.0,600000.0,1,1,600000.0,600000.0,0,1,0.0,600000.0
2026-07-19,01_棣栫瑪鏀炬,02_闈為娆℃巿淇?RG4,CL_03,iOS,Organic,02_100%鍙婁互涓?1,1,600000.0,600000.0,0,1,0.0,600000.0,0,1,0.0,600000.0
2026-09-03,01_棣栫瑪鏀炬,01_棣栨鎺堜俊,RG4,CL_05,Android,Google,02_100%鍙婁互涓?5,5,2400000.0,2400000.0,0,0,0.0,0.0,0,0,0.0,0.0
2026-08-12,01_棣栫瑪鏀炬,02_闈為娆℃巿淇?RG5,CL_05,iOS,ASA,02_100%鍙婁互涓?1,1,400000.0,400000.0,1,1,400000.0,400000.0,1,1,400000.0,400000.0
2026-07-14,01_棣栫瑪鏀炬,02_闈為娆℃巿淇?RG6,CL_05,Android,Organic,02_100%鍙婁互涓?1,1,300000.0,300000.0,1,1,300000.0,300000.0,0,1,0.0,300000.0
2026-08-04,01_棣栫瑪鏀炬,02_闈為娆℃巿淇?RG1,CL_01,iOS,Organic,02_100%鍙婁互涓?1,1,2500000.0,2500000.0,0,1,0.0,2500000.0,0,1,0.0,2500000.0
2026-09-05,01_棣栫瑪鏀炬,01_棣栨鎺堜俊,RG5,CL_05,Android,Google,02_100%鍙婁互涓?1,1,300000.0,300000.0,0,0,0.0,0.0,0,0,0.0,0.0
2026-08-08,01_棣栫瑪鏀炬,01_棣栨鎺堜俊,RG4,CL_05,Android,Google,02_100%鍙婁互涓?30,30,1.46E7,1.46E7,15,30,6800000.0,1.46E7,13,30,5600000.0,1.46E7
2026-07-15,01_棣栫瑪鏀炬,02_闈為娆℃巿淇?RG7,CL_05,Android,Facebook,02_100%鍙婁互涓?1,1,300000.0,300000.0,0,1,0.0,300000.0,0,1,0.0,300000.0
2026-08-14,01_棣栫瑪鏀炬,01_棣栨鎺堜俊,RG2,CL_07,Android,Tiktok,01_100%浠ヤ笅,1,1,1000000.0,1200000.0,0,1,0.0,1000000.0,0,0,0.0,0.0
2026-07-12,01_棣栫瑪鏀炬,02_闈為娆℃巿淇?RG3,CL_05,Android,Tiktok,02_100%鍙婁互涓?1,1,800000.0,800000.0,0,1,0.0,800000.0,0,1,0.0,800000.0
2026-08-26,01_棣栫瑪鏀炬,01_棣栨鎺堜俊,RG4,CL_05,iOS,Organic,01_100%浠ヤ笅,1,1,300000.0,600000.0,0,0,0.0,0.0,0,0,0.0,0.0
2026-07-12,01_棣栫瑪鏀炬,01_棣栨鎺堜俊,RG3,CL_03,Android,Google,02_100%鍙婁互涓?1,1,800000.0,800000.0,1,1,800000.0,800000.0,0,1,0.0,800000.0
2026-07-30,01_棣栫瑪鏀炬,01_棣栨鎺堜俊,RG5,CL_05,Android,Tiktok,02_100%鍙婁互涓?4,4,1600000.0,1600000.0,3,4,1200000.0,1600000.0,3,4,1200000.0,1600000.0
2026-08-08,01_棣栫瑪鏀炬,01_棣栨鎺堜俊,RG5,CL_05,iOS,Tiktok,02_100%鍙婁互涓?4,4,1500000.0,1300000.0,2,4,700000.0,1500000.0,1,4,400000.0,1500000.0
2026-07-23,01_棣栫瑪鏀炬,01_棣栨鎺堜俊,RG2,CL_05,iOS,Facebook,02_100%鍙婁互涓?1,1,1500000.0,1500000.0,0,1,0.0,1500000.0,0,1,0.0,1500000.0
2026-07-19,01_棣栫瑪鏀炬,01_棣栨鎺堜俊,RG3,CL_05,iOS,ASA,02_100%鍙婁互涓?1,1,1200000.0,1200000.0,1,1,1200000.0,1200000.0,0,1,0.0,1200000.0
2026-07-25,01_棣栫瑪鏀炬,02_闈為娆℃巿淇?RG5,CL_05,iOS,ASA,02_100%鍙婁互涓?1,1,300000.0,300000.0,1,1,300000.0,300000.0,1,1,300000.0,300000.0
2026-07-16,01_棣栫瑪鏀炬,01_棣栨鎺堜俊,RG7,CL_05,Android,Organic,02_100%鍙婁互涓?1,1,300000.0,300000.0,1,1,300000.0,300000.0,0,1,0.0,300000.0
2026-08-13,01_棣栫瑪鏀炬,01_棣栨鎺堜俊,RG3,CL_05,Android,Google,02_100%鍙婁互涓?8,8,5700000.0,5600000.0,1,8,600000.0,5700000.0,1,8,600000.0,5700000.0
2026-08-12,01_棣栫瑪鏀炬,02_闈為娆℃巿淇?RG3,CL_05,Android,Organic,02_100%鍙婁互涓?1,1,800000.0,800000.0,1,1,800000.0,800000.0,1,1,800000.0,800000.0
2026-07-24,01_棣栫瑪鏀炬,01_棣栨鎺堜俊,RG3,CL_05,iOS,Organic,01_100%浠ヤ笅,1,1,1000000.0,1200000.0,0,1,0.0,1000000.0,0,1,0.0,1000000.0
2026-07-26,01_棣栫瑪鏀炬,01_棣栨鎺堜俊,RG4,CL_05,iOS,Organic,02_100%鍙婁互涓?6,6,5000000.0,4600000.0,1,6,1400000.0,5000000.0,1,6,1400000.0,5000000.0
2026-08-21,01_棣栫瑪鏀炬,01_棣栨鎺堜俊,RG5,CL_05,Android,Tiktok,02_100%鍙婁互涓?1,1,400000.0,400000.0,0,1,0.0,400000.0,0,0,0.0,0.0
2026-07-17,01_棣栫瑪鏀炬,01_棣栨鎺堜俊,RG2,CL_01,Android,Facebook,02_100%鍙婁互涓?7,7,1.11E7,1.05E7,0,7,0.0,1.11E7,0,7,0.0,1.11E7
2026-08-31,01_棣栫瑪鏀炬,01_棣栨鎺堜俊,RG3,CL_05,iOS,Organic,02_100%鍙婁互涓?1,1,1200000.0,1200000.0,0,0,0.0,0.0,0,0,0.0,0.0
2026-07-22,01_棣栫瑪鏀炬,01_棣栨鎺堜俊,RG4,CL_05,Android,Google,02_100%鍙婁互涓?7,7,3600000.0,3600000.0,3,7,1600000.0,3600000.0,3,7,1600000.0,3600000.0
2026-07-25,01_棣栫瑪鏀炬,01_棣栨鎺堜俊,RG2,CL_07,Android,Facebook,02_100%鍙婁互涓?1,1,1200000.0,1200000.0,1,1,1200000.0,1200000.0,1,1,1200000.0,1200000.0
2026-07-13,01_棣栫瑪鏀炬,01_棣栨鎺堜俊,RG5,CL_04,iOS,ASA,02_100%鍙婁互涓?3,3,1100000.0,1100000.0,3,3,1100000.0,1100000.0,2,3,700000.0,1100000.0
2026-07-30,01_棣栫瑪鏀炬,01_棣栨鎺堜俊,RG2,CL_05,iOS,Tiktok,02_100%鍙婁互涓?1,1,1200000.0,1200000.0,1,1,1200000.0,1200000.0,1,1,1200000.0,1200000.0
2026-08-17,01_棣栫瑪鏀炬,01_棣栨鎺堜俊,RG6,CL_05,Android,Google,02_100%鍙婁互涓?6,6,1800000.0,1800000.0,2,6,600000.0,1800000.0,0,0,0.0,0.0
2026-08-14,01_棣栫瑪鏀炬,01_棣栨鎺堜俊,RG3,CL_05,Android,Organic,02_100%鍙婁互涓?2,2,1600000.0,1400000.0,0,2,0.0,1600000.0,0,0,0.0,0.0
2026-08-07,01_棣栫瑪鏀炬,02_闈為娆℃巿淇?RG3,CL_05,iOS,Organic,02_100%鍙婁互涓?1,1,800000.0,800000.0,0,1,0.0,800000.0,0,1,0.0,800000.0
2026-08-09,01_棣栫瑪鏀炬,01_棣栨鎺堜俊,RG3,CL_05,Android,Tiktok,02_100%鍙婁互涓?5,5,3200000.0,3200000.0,2,5,1200000.0,3200000.0,2,5,1200000.0,3200000.0
2026-08-13,01_棣栫瑪鏀炬,01_棣栨鎺堜俊,RG3,CL_05,iOS,ASA,02_100%鍙婁互涓?3,3,4000000.0,3400000.0,2,3,2800000.0,4000000.0,2,3,2800000.0,4000000.0
2026-07-12,01_棣栫瑪鏀炬,01_棣栨鎺堜俊,RG3,CL_03,Android,Facebook,02_100%鍙婁互涓?7,7,4700000.0,4700000.0,3,7,2200000.0,4700000.0,3,7,2200000.0,4700000.0
2026-07-24,01_棣栫瑪鏀炬,02_闈為娆℃巿淇?RG6,CL_05,Android,鍏朵粬,02_100%鍙婁互涓?1,1,300000.0,300000.0,1,1,300000.0,300000.0,1,1,300000.0,300000.0
2026-08-10,01_棣栫瑪鏀炬,01_棣栨鎺堜俊,RG5,CL_05,iOS,Organic,02_100%鍙婁互涓?20,20,9100000.0,7100000.0,12,20,5500000.0,9100000.0,9,20,3800000.0,9100000.0
2026-07-20,01_棣栫瑪鏀炬,01_棣栨鎺堜俊,RG5,CL_03,iOS,Organic,02_100%鍙婁互涓?1,1,700000.0,300000.0,1,1,700000.0,700000.0,0,1,0.0,700000.0
2026-08-03,01_棣栫瑪鏀炬,01_棣栨鎺堜俊,RG6,CL_05,Android,Google,02_100%鍙婁互涓?3,3,900000.0,900000.0,1,3,300000.0,900000.0,1,3,300000.0,900000.0
2026-07-18,01_棣栫瑪鏀炬,01_棣栨鎺堜俊,RG4,CL_05,Android,Organic,02_100%鍙婁互涓?4,4,2200000.0,2200000.0,2,4,1200000.0,2200000.0,2,4,1200000.0,2200000.0
2026-07-19,01_棣栫瑪鏀炬,01_棣栨鎺堜俊,RG5,CL_03,Android,Facebook,02_100%鍙婁互涓?1,1,400000.0,400000.0,0,1,0.0,400000.0,0,1,0.0,400000.0
2026-08-18,01_棣栫瑪鏀炬,02_闈為娆℃巿淇?RG3,CL_05,iOS,Organic,01_100%浠ヤ笅,1,1,600000.0,800000.0,0,1,0.0,600000.0,0,0,0.0,0.0
2026-07-20,01_棣栫瑪鏀炬,02_闈為娆℃巿淇?RG4,CL_03,Android,Facebook,02_100%鍙婁互涓?1,1,400000.0,400000.0,0,1,0.0,400000.0,0,1,0.0,400000.0
2026-08-22,01_棣栫瑪鏀炬,01_棣栨鎺堜俊,RG2,CL_01,iOS,Google,02_100%鍙婁互涓?1,1,2000000.0,2000000.0,0,1,0.0,2000000.0,0,0,0.0,0.0
2026-08-06,01_棣栫瑪鏀炬,01_棣栨鎺堜俊,RG2,CL_05,iOS,Tiktok,02_100%鍙婁互涓?1,1,1500000.0,1200000.0,0,1,0.0,1500000.0,0,1,0.0,1500000.0
2026-07-25,01_棣栫瑪鏀炬,01_棣栨鎺堜俊,RG3,CL_05,iOS,Organic,02_100%鍙婁互涓?6,6,6600000.0,6400000.0,4,6,4600000.0,6600000.0,1,6,800000.0,6600000.0
2026-07-14,01_棣栫瑪鏀炬,01_棣栨鎺堜俊,RG5,CL_05,Android,Tiktok,02_100%鍙婁互涓?2,2,800000.0,800000.0,1,2,400000.0,800000.0,0,2,0.0,800000.0
2026-08-03,01_棣栫瑪鏀炬,01_棣栨鎺堜俊,RG4,CL_03,Android,Facebook,02_100%鍙婁互涓?1,1,1200000.0,800000.0,1,1,1200000.0,1200000.0,1,1,1200000.0,1200000.0
2026-09-05,01_棣栫瑪鏀炬,01_棣栨鎺堜俊,RG2,CL_07,iOS,Organic,01_100%浠ヤ笅,1,1,800000.0,1800000.0,0,0,0.0,0.0,0,0,0.0,0.0
2026-08-10,01_棣栫瑪鏀炬,01_棣栨鎺堜俊,RG6,CL_05,Android,Tiktok,02_100%鍙婁互涓?1,1,300000.0,300000.0,1,1,300000.0,300000.0,1,1,300000.0,300000.0
2026-07-11,01_棣栫瑪鏀炬,02_闈為娆℃巿淇?RG7,CL_03,Android,Facebook,02_100%鍙婁互涓?1,1,300000.0,300000.0,0,1,0.0,300000.0,0,1,0.0,300000.0
2026-08-03,01_棣栫瑪鏀炬,01_棣栨鎺堜俊,RG4,CL_05,Android,Organic,02_100%鍙婁互涓?8,8,4000000.0,4000000.0,4,8,1800000.0,4000000.0,4,8,1800000.0,4000000.0
2026-08-11,01_棣栫瑪鏀炬,01_棣栨鎺堜俊,RG5,CL_05,iOS,Organic,02_100%鍙婁互涓?9,9,3800000.0,3400000.0,4,9,1600000.0,3800000.0,2,9,800000.0,3800000.0
2026-09-01,01_棣栫瑪鏀炬,01_棣栨鎺堜俊,RG0,CL_06,iOS,Organic,02_100%鍙婁互涓?1,1,7800000.0,7800000.0,0,0,0.0,0.0,0,0,0.0,0.0
2026-08-03,01_棣栫瑪鏀炬,01_棣栨鎺堜俊,RG3,CL_05,Android,Organic,02_100%鍙婁互涓?2,2,1200000.0,1200000.0,0,2,0.0,1200000.0,0,2,0.0,1200000.0
2026-08-11,01_棣栫瑪鏀炬,01_棣栨鎺堜俊,RG3,CL_04,iOS,Organic,02_100%鍙婁互涓?1,1,1000000.0,800000.0,1,1,1000000.0,1000000.0,1,1,1000000.0,1000000.0
2026-08-24,01_棣栫瑪鏀炬,01_棣栨鎺堜俊,RG5,CL_05,Android,Organic,02_100%鍙婁互涓?1,1,300000.0,300000.0,0,0,0.0,0.0,0,0,0.0,0.0
2026-08-21,01_棣栫瑪鏀炬,02_闈為娆℃巿淇?RG5,CL_05,Android,Organic,02_100%鍙婁互涓?1,1,400000.0,400000.0,0,1,0.0,400000.0,0,0,0.0,0.0
2026-07-19,01_棣栫瑪鏀炬,01_棣栨鎺堜俊,RG4,CL_05,Android,Google,02_100%鍙婁互涓?3,3,1800000.0,1800000.0,2,3,1200000.0,1800000.0,1,3,600000.0,1800000.0
2026-08-06,01_棣栫瑪鏀炬,01_棣栨鎺堜俊,RG1,CL_01,iOS,Google,01_100%浠ヤ笅,1,1,1000000.0,1500000.0,0,1,0.0,1000000.0,0,1,0.0,1000000.0
2026-08-17,01_棣栫瑪鏀炬,01_棣栨鎺堜俊,RG4,CL_05,Android,Google,01_100%浠ヤ笅,2,2,800000.0,1000000.0,2,2,800000.0,800000.0,0,0,0.0,0.0
2026-07-14,01_棣栫瑪鏀炬,02_闈為娆℃巿淇?RG4,CL_03,Android,Facebook,01_100%浠ヤ笅,1,1,300000.0,400000.0,1,1,300000.0,300000.0,0,1,0.0,300000.0
2026-07-27,01_棣栫瑪鏀炬,02_闈為娆℃巿淇?RG3,CL_05,Android,Facebook,02_100%鍙婁互涓?4,4,3000000.0,3000000.0,3,4,2200000.0,3000000.0,3,4,2200000.0,3000000.0
2026-08-04,01_棣栫瑪鏀炬,01_棣栨鎺堜俊,RG4,CL_05,iOS,ASA,02_100%鍙婁互涓?1,1,800000.0,800000.0,0,1,0.0,800000.0,0,1,0.0,800000.0
2026-07-29,01_棣栫瑪鏀炬,01_棣栨鎺堜俊,RG1,CL_01,iOS,Tiktok,02_100%鍙婁互涓?1,1,3000000.0,3000000.0,0,1,0.0,3000000.0,0,1,0.0,3000000.0
2026-07-23,01_棣栫瑪鏀炬,01_棣栨鎺堜俊,RG4,CL_05,Android,Google,01_100%浠ヤ笅,2,2,600000.0,1200000.0,0,2,0.0,600000.0,0,2,0.0,600000.0
2026-08-15,01_棣栫瑪鏀炬,01_棣栨鎺堜俊,RG3,CL_03,iOS,Google,02_100%鍙婁互涓?1,1,600000.0,600000.0,0,1,0.0,600000.0,0,0,0.0,0.0
2026-08-27,01_棣栫瑪鏀炬,02_闈為娆℃巿淇?RG3,CL_05,Android,Google,02_100%鍙婁互涓?3,3,2400000.0,2200000.0,0,0,0.0,0.0,0,0,0.0,0.0
2026-08-07,01_棣栫瑪鏀炬,01_棣栨鎺堜俊,RG4,CL_05,Android,Google,01_100%浠ヤ笅,2,2,800000.0,1200000.0,1,2,500000.0,800000.0,1,2,500000.0,800000.0
2026-08-03,01_棣栫瑪鏀炬,02_闈為娆℃巿淇?RG6,CL_05,Android,绌哄€?02_100%鍙婁互涓?1,1,300000.0,300000.0,0,1,0.0,300000.0,0,1,0.0,300000.0
2026-07-27,01_棣栫瑪鏀炬,01_棣栨鎺堜俊,RG0,CL_06,iOS,Facebook,01_100%浠ヤ笅,1,1,5500000.0,6000000.0,0,1,0.0,5500000.0,0,1,0.0,5500000.0
2026-07-31,01_棣栫瑪鏀炬,02_闈為娆℃巿淇?RG6,CL_05,Android,Facebook,02_100%鍙婁互涓?3,3,900000.0,900000.0,1,3,300000.0,900000.0,0,2,0.0,600000.0
2026-08-19,01_棣栫瑪鏀炬,01_棣栨鎺堜俊,RG2,CL_05,iOS,Organic,02_100%鍙婁互涓?4,4,5100000.0,5100000.0,2,4,2400000.0,5100000.0,0,0,0.0,0.0
2026-08-29,01_棣栫瑪鏀炬,01_棣栨鎺堜俊,RG3,CL_05,Android,Google,02_100%鍙婁互涓?6,6,4900000.0,4400000.0,0,0,0.0,0.0,0,0,0.0,0.0
2026-07-22,01_棣栫瑪鏀炬,01_棣栨鎺堜俊,RG3,CL_05,iOS,ASA,02_100%鍙婁互涓?1,1,1200000.0,1200000.0,1,1,1200000.0,1200000.0,1,1,1200000.0,1200000.0
2026-08-17,01_棣栫瑪鏀炬,01_棣栨鎺堜俊,RG7,CL_05,Android,Google,02_100%鍙婁互涓?2,2,600000.0,600000.0,0,2,0.0,600000.0,0,0,0.0,0.0
2026-08-27,01_棣栫瑪鏀炬,01_棣栨鎺堜俊,RG1,CL_01,Android,Tiktok,02_100%鍙婁互涓?1,1,2500000.0,1500000.0,0,0,0.0,0.0,0,0,0.0,0.0
2026-07-13,01_棣栫瑪鏀炬,01_棣栨鎺堜俊,RG1,CL_01,Android,Organic,02_100%鍙婁互涓?1,1,3500000.0,2500000.0,0,1,0.0,3500000.0,0,1,0.0,3500000.0
2026-08-20,01_棣栫瑪鏀炬,01_棣栨鎺堜俊,RG1,CL_01,Android,Google,02_100%鍙婁互涓?6,6,9000000.0,9000000.0,5,6,7500000.0,9000000.0,0,0,0.0,0.0
2026-07-19,01_棣栫瑪鏀炬,01_棣栨鎺堜俊,RG4,CL_05,Android,Facebook,02_100%鍙婁互涓?10,10,5400000.0,5400000.0,6,10,3400000.0,5400000.0,5,10,2800000.0,5400000.0
2026-08-07,01_棣栫瑪鏀炬,01_棣栨鎺堜俊,RG7,CL_05,Android,Google,02_100%鍙婁互涓?2,2,600000.0,600000.0,1,2,300000.0,600000.0,1,2,300000.0,600000.0
2026-07-24,01_棣栫瑪鏀炬,01_棣栨鎺堜俊,RG2,CL_07,Android,Facebook,01_100%浠ヤ笅,1,1,400000.0,1200000.0,0,1,0.0,400000.0,0,1,0.0,400000.0
2026-08-20,01_棣栫瑪鏀炬,01_棣栨鎺堜俊,RG5,CL_05,Android,Facebook,02_100%鍙婁互涓?2,2,700000.0,700000.0,0,2,0.0,700000.0,0,0,0.0,0.0
2026-08-17,01_棣栫瑪鏀炬,01_棣栨鎺堜俊,RG5,CL_05,Android,Facebook,02_100%鍙婁互涓?10,10,3500000.0,3500000.0,2,9,800000.0,3100000.0,0,0,0.0,0.0
2026-07-12,01_棣栫瑪鏀炬,01_棣栨鎺堜俊,RG4,CL_04,Android,Facebook,02_100%鍙婁互涓?6,6,3000000.0,3000000.0,4,6,1800000.0,3000000.0,4,6,1800000.0,3000000.0
2026-08-28,01_棣栫瑪鏀炬,02_闈為娆℃巿淇?RG5,CL_05,Android,Google,02_100%鍙婁互涓?1,1,400000.0,400000.0,0,0,0.0,0.0,0,0,0.0,0.0
2026-07-24,01_棣栫瑪鏀炬,01_棣栨鎺堜俊,RG0,CL_01,iOS,Organic,02_100%鍙婁互涓?1,1,4000000.0,4000000.0,0,1,0.0,4000000.0,0,1,0.0,4000000.0
2026-07-29,01_棣栫瑪鏀炬,02_闈為娆℃巿淇?RG3,CL_05,Android,Tiktok,02_100%鍙婁互涓?1,1,600000.0,600000.0,1,1,600000.0,600000.0,0,1,0.0,600000.0
2026-07-23,01_棣栫瑪鏀炬,01_棣栨鎺堜俊,RG4,CL_04,Android,Organic,02_100%鍙婁互涓?1,1,600000.0,600000.0,0,1,0.0,600000.0,0,1,0.0,600000.0
2026-08-07,01_棣栫瑪鏀炬,01_棣栨鎺堜俊,RG3,CL_05,Android,Facebook,02_100%鍙婁互涓?9,9,6900000.0,6400000.0,3,9,2200000.0,6900000.0,3,9,2200000.0,6900000.0
2026-07-11,01_棣栫瑪鏀炬,01_棣栨鎺堜俊,RG5,CL_04,Android,Tiktok,02_100%鍙婁互涓?2,2,800000.0,800000.0,2,2,800000.0,800000.0,1,2,400000.0,800000.0
2026-07-26,01_棣栫瑪鏀炬,01_棣栨鎺堜俊,RG3,CL_03,iOS,Organic,02_100%鍙婁互涓?1,1,1600000.0,1200000.0,0,1,0.0,1600000.0,0,1,0.0,1600000.0
2026-08-09,01_棣栫瑪鏀炬,01_棣栨鎺堜俊,RG4,CL_05,iOS,Facebook,02_100%鍙婁互涓?8,8,6200000.0,6000000.0,3,8,2600000.0,6200000.0,3,8,2600000.0,6200000.0
2026-08-12,01_棣栫瑪鏀炬,02_闈為娆℃巿淇?RG4,CL_05,Android,Organic,01_100%浠ヤ笅,1,1,400000.0,600000.0,1,1,400000.0,400000.0,1,1,400000.0,400000.0
2026-07-24,01_棣栫瑪鏀炬,02_闈為娆℃巿淇?RG5,CL_05,Android,Facebook,02_100%鍙婁互涓?4,4,1400000.0,1400000.0,2,4,800000.0,1400000.0,2,4,800000.0,1400000.0
2026-07-27,01_棣栫瑪鏀炬,02_闈為娆℃巿淇?RG5,CL_05,iOS,绌哄€?02_100%鍙婁互涓?1,1,500000.0,300000.0,0,1,0.0,500000.0,0,1,0.0,500000.0
2026-08-28,01_棣栫瑪鏀炬,01_棣栨鎺堜俊,RG0,CL_01,iOS,Organic,02_100%鍙婁互涓?1,1,4000000.0,4000000.0,0,0,0.0,0.0,0,0,0.0,0.0
2026-07-16,01_棣栫瑪鏀炬,01_棣栨鎺堜俊,RG4,CL_03,Android,Facebook,02_100%鍙婁互涓?3,3,1600000.0,1600000.0,0,3,0.0,1600000.0,0,3,0.0,1600000.0
2026-08-27,01_棣栫瑪鏀炬,01_棣栨鎺堜俊,RG1,CL_01,iOS,Facebook,02_100%鍙婁互涓?1,1,2500000.0,2500000.0,0,0,0.0,0.0,0,0,0.0,0.0
2026-07-18,01_棣栫瑪鏀炬,01_棣栨鎺堜俊,RG4,CL_05,iOS,ASA,02_100%鍙婁互涓?2,2,1200000.0,1200000.0,0,2,0.0,1200000.0,0,2,0.0,1200000.0
2026-07-14,01_棣栫瑪鏀炬,02_闈為娆℃巿淇?RG5,CL_04,Android,Organic,02_100%鍙婁互涓?1,1,400000.0,400000.0,1,1,400000.0,400000.0,0,1,0.0,400000.0
2026-08-03,01_棣栫瑪鏀炬,01_棣栨鎺堜俊,RG1,CL_01,iOS,Tiktok,02_100%鍙婁互涓?1,1,3100000.0,2500000.0,1,1,3100000.0,3100000.0,1,1,3100000.0,3100000.0
2026-07-27,01_棣栫瑪鏀炬,01_棣栨鎺堜俊,RG5,CL_03,iOS,Organic,02_100%鍙婁互涓?1,1,700000.0,300000.0,1,1,700000.0,700000.0,1,1,700000.0,700000.0
2026-08-10,01_棣栫瑪鏀炬,02_闈為娆℃巿淇?RG5,CL_05,Android,Google,02_100%鍙婁互涓?7,7,2400000.0,2400000.0,2,7,600000.0,2400000.0,1,7,300000.0,2400000.0
2026-07-28,01_棣栫瑪鏀炬,02_闈為娆℃巿淇?RG5,CL_05,iOS,Organic,02_100%鍙婁互涓?5,5,2200000.0,1800000.0,2,5,700000.0,2200000.0,2,5,700000.0,2200000.0
2026-07-29,01_棣栫瑪鏀炬,01_棣栨鎺堜俊,RG2,CL_01,Android,Facebook,02_100%鍙婁互涓?3,3,5100000.0,4500000.0,0,3,0.0,5100000.0,0,3,0.0,5100000.0
2026-08-09,01_棣栫瑪鏀炬,01_棣栨鎺堜俊,RG0,CL_06,iOS,Organic,02_100%鍙婁互涓?1,1,6000000.0,6000000.0,0,1,0.0,6000000.0,0,1,0.0,6000000.0
2026-07-22,01_棣栫瑪鏀炬,01_棣栨鎺堜俊,RG3,CL_03,Android,Facebook,02_100%鍙婁互涓?1,1,300000.0,300000.0,0,1,0.0,300000.0,0,1,0.0,300000.0
2026-07-11,01_棣栫瑪鏀炬,01_棣栨鎺堜俊,RG2,CL_01,iOS,Facebook,02_100%鍙婁互涓?1,1,2400000.0,2400000.0,0,1,0.0,2400000.0,0,1,0.0,2400000.0
2026-07-24,01_棣栫瑪鏀炬,01_棣栨鎺堜俊,RG2,CL_07,Android,Google,02_100%鍙婁互涓?1,1,1200000.0,1200000.0,1,1,1200000.0,1200000.0,1,1,1200000.0,1200000.0
2026-07-13,01_棣栫瑪鏀炬,01_棣栨鎺堜俊,RG3,CL_04,Android,Facebook,02_100%鍙婁互涓?8,8,6400000.0,6200000.0,5,8,4000000.0,6400000.0,4,8,3200000.0,6400000.0
2026-08-09,01_棣栫瑪鏀炬,01_棣栨鎺堜俊,RG2,CL_07,iOS,Tiktok,02_100%鍙婁互涓?1,1,2300000.0,1500000.0,0,1,0.0,2300000.0,0,1,0.0,2300000.0
2026-08-24,01_棣栫瑪鏀炬,01_棣栨鎺堜俊,RG3,CL_03,Android,Facebook,02_100%鍙婁互涓?1,1,800000.0,800000.0,0,0,0.0,0.0,0,0,0.0,0.0
2026-08-16,01_棣栫瑪鏀炬,02_闈為娆℃巿淇?RG5,CL_05,Android,Google,02_100%鍙婁互涓?3,3,1100000.0,1100000.0,2,3,700000.0,1100000.0,0,0,0.0,0.0
2026-08-21,01_棣栫瑪鏀炬,02_闈為娆℃巿淇?RG5,CL_05,Android,Facebook,02_100%鍙婁互涓?2,2,700000.0,700000.0,0,2,0.0,700000.0,0,0,0.0,0.0
2026-07-14,01_棣栫瑪鏀炬,01_棣栨鎺堜俊,RG5,CL_04,Android,Tiktok,02_100%鍙婁互涓?3,3,1100000.0,1100000.0,2,3,700000.0,1100000.0,2,3,700000.0,1100000.0
2026-07-20,01_棣栫瑪鏀炬,01_棣栨鎺堜俊,RG3,CL_05,iOS,Facebook,02_100%鍙婁互涓?1,1,1000000.0,800000.0,0,1,0.0,1000000.0,0,1,0.0,1000000.0
2026-08-26,01_棣栫瑪鏀炬,01_棣栨鎺堜俊,RG2,CL_07,Android,Facebook,02_100%鍙婁互涓?1,1,1200000.0,1200000.0,0,0,0.0,0.0,0,0,0.0,0.0
2026-08-25,01_棣栫瑪鏀炬,01_棣栨鎺堜俊,RG4,CL_05,iOS,Facebook,02_100%鍙婁互涓?1,1,800000.0,800000.0,0,0,0.0,0.0,0,0,0.0,0.0
2026-08-23,01_棣栫瑪鏀炬,01_棣栨鎺堜俊,RG4,CL_05,Android,Facebook,02_100%鍙婁互涓?9,9,3600000.0,3600000.0,4,9,1700000.0,3600000.0,0,0,0.0,0.0
2026-07-22,01_棣栫瑪鏀炬,01_棣栨鎺堜俊,RG3,CL_05,Android,Organic,02_100%鍙婁互涓?4,4,3200000.0,3200000.0,3,4,2400000.0,3200000.0,2,4,1600000.0,3200000.0
2026-09-01,01_棣栫瑪鏀炬,01_棣栨鎺堜俊,RG2,CL_07,Android,Google,02_100%鍙婁互涓?2,2,2400000.0,2400000.0,0,0,0.0,0.0,0,0,0.0,0.0
2026-07-27,01_棣栫瑪鏀炬,02_闈為娆℃巿淇?RG5,CL_05,Android,Facebook,02_100%鍙婁互涓?6,6,2200000.0,2200000.0,4,6,1500000.0,2200000.0,3,6,1100000.0,2200000.0
2026-09-07,01_棣栫瑪鏀炬,01_棣栨鎺堜俊,RG1,CL_01,Android,Tiktok,02_100%鍙婁互涓?3,3,6000000.0,5500000.0,0,0,0.0,0.0,0,0,0.0,0.0
2026-07-28,01_棣栫瑪鏀炬,01_棣栨鎺堜俊,RG7,CL_03,Android,Facebook,02_100%鍙婁互涓?1,1,300000.0,300000.0,0,1,0.0,300000.0,0,1,0.0,300000.0
2026-08-14,01_棣栫瑪鏀炬,01_棣栨鎺堜俊,RG2,CL_05,iOS,Facebook,01_100%浠ヤ笅,1,1,500000.0,1200000.0,1,1,500000.0,500000.0,0,0,0.0,0.0
2026-08-03,01_棣栫瑪鏀炬,01_棣栨鎺堜俊,RG4,CL_05,Android,Facebook,02_100%鍙婁互涓?18,18,9000000.0,9000000.0,10,18,5000000.0,9000000.0,6,18,2600000.0,9000000.0
2026-07-14,01_棣栫瑪鏀炬,01_棣栨鎺堜俊,RG2,CL_05,Android,Facebook,02_100%鍙婁互涓?2,2,2400000.0,2400000.0,0,2,0.0,2400000.0,0,2,0.0,2400000.0
2026-07-30,01_棣栫瑪鏀炬,02_闈為娆℃巿淇?RG3,CL_03,Android,Facebook,02_100%鍙婁互涓?1,1,1000000.0,800000.0,0,1,0.0,1000000.0,0,1,0.0,1000000.0
2026-07-22,01_棣栫瑪鏀炬,01_棣栨鎺堜俊,RG4,CL_05,Android,Organic,02_100%鍙婁互涓?3,3,1800000.0,1800000.0,2,3,1200000.0,1800000.0,2,3,1200000.0,1800000.0
2026-07-31,01_棣栫瑪鏀炬,01_棣栨鎺堜俊,RG0,CL_01,iOS,Organic,02_100%鍙婁互涓?1,1,4000000.0,4000000.0,1,1,4000000.0,4000000.0,0,1,0.0,4000000.0
2026-07-25,01_棣栫瑪鏀炬,01_棣栨鎺堜俊,RG0,CL_01,iOS,Organic,02_100%鍙婁互涓?2,2,9000000.0,8000000.0,0,2,0.0,9000000.0,0,2,0.0,9000000.0
2026-07-22,01_棣栫瑪鏀炬,01_棣栨鎺堜俊,RG2,CL_01,Android,Facebook,02_100%鍙婁互涓?9,9,1.38E7,1.35E7,1,9,1500000.0,1.38E7,1,9,1500000.0,1.38E7
2026-07-20,01_棣栫瑪鏀炬,01_棣栨鎺堜俊,RG3,CL_04,iOS,Organic,02_100%鍙婁互涓?1,1,1400000.0,1200000.0,1,1,1400000.0,1400000.0,1,1,1400000.0,1400000.0
2026-07-15,01_棣栫瑪鏀炬,01_棣栨鎺堜俊,RG5,CL_03,iOS,Facebook,02_100%鍙婁互涓?1,1,400000.0,400000.0,0,1,0.0,400000.0,0,1,0.0,400000.0
2026-08-05,01_棣栫瑪鏀炬,02_闈為娆℃巿淇?RG4,CL_05,Android,Google,02_100%鍙婁互涓?4,4,1800000.0,1800000.0,1,4,400000.0,1800000.0,1,4,400000.0,1800000.0
2026-08-01,01_棣栫瑪鏀炬,02_闈為娆℃巿淇?RG5,CL_05,iOS,Facebook,02_100%鍙婁互涓?1,1,300000.0,300000.0,0,1,0.0,300000.0,0,1,0.0,300000.0
2026-07-11,01_棣栫瑪鏀炬,01_棣栨鎺堜俊,RG4,CL_03,iOS,Facebook,02_100%鍙婁互涓?2,2,1800000.0,1400000.0,1,2,1200000.0,1800000.0,0,2,0.0,1800000.0
2026-07-20,01_棣栫瑪鏀炬,02_闈為娆℃巿淇?RG4,CL_05,Android,Facebook,02_100%鍙婁互涓?1,1,400000.0,400000.0,1,1,400000.0,400000.0,1,1,400000.0,400000.0
2026-07-15,01_棣栫瑪鏀炬,02_闈為娆℃巿淇?RG6,CL_04,Android,Facebook,02_100%鍙婁互涓?3,3,900000.0,900000.0,0,3,0.0,900000.0,0,3,0.0,900000.0
2026-07-17,01_棣栫瑪鏀炬,02_闈為娆℃巿淇?RG5,CL_05,iOS,Organic,02_100%鍙婁互涓?7,7,2500000.0,2500000.0,3,7,1100000.0,2500000.0,2,7,800000.0,2500000.0
2026-08-15,01_棣栫瑪鏀炬,01_棣栨鎺堜俊,RG2,CL_01,iOS,Organic,02_100%鍙婁互涓?2,2,4600000.0,4600000.0,1,2,2000000.0,4600000.0,0,0,0.0,0.0
2026-07-29,01_棣栫瑪鏀炬,01_棣栨鎺堜俊,RG3,CL_05,iOS,Tiktok,02_100%鍙婁互涓?1,1,1200000.0,1200000.0,0,1,0.0,1200000.0,0,1,0.0,1200000.0
2026-08-05,01_棣栫瑪鏀炬,01_棣栨鎺堜俊,RG3,CL_05,iOS,Facebook,02_100%鍙婁互涓?3,3,3900000.0,3500000.0,1,3,800000.0,3900000.0,1,3,800000.0,3900000.0
2026-08-27,01_棣栫瑪鏀炬,02_闈為娆℃巿淇?RG3,CL_05,Android,Organic,02_100%鍙婁互涓?2,2,1400000.0,1400000.0,0,0,0.0,0.0,0,0,0.0,0.0
2026-07-21,01_棣栫瑪鏀炬,02_闈為娆℃巿淇?RG5,CL_05,Android,Facebook,02_100%鍙婁互涓?7,7,2500000.0,2500000.0,4,7,1300000.0,2500000.0,3,7,1000000.0,2500000.0
2026-07-21,01_棣栫瑪鏀炬,01_棣栨鎺堜俊,RG5,CL_05,iOS,Facebook,02_100%鍙婁互涓?7,7,2500000.0,2500000.0,2,7,700000.0,2500000.0,2,7,700000.0,2500000.0
2026-07-29,01_棣栫瑪鏀炬,01_棣栨鎺堜俊,RG2,CL_07,iOS,Facebook,02_100%鍙婁互涓?1,1,2300000.0,1500000.0,0,1,0.0,2300000.0,0,1,0.0,2300000.0
2026-08-17,01_棣栫瑪鏀炬,01_棣栨鎺堜俊,RG1,CL_01,iOS,Tiktok,02_100%鍙婁互涓?1,1,2500000.0,2500000.0,0,1,0.0,2500000.0,0,0,0.0,0.0
2026-08-11,01_棣栫瑪鏀炬,02_闈為娆℃巿淇?RG2,CL_07,iOS,Facebook,02_100%鍙婁互涓?1,1,1500000.0,1500000.0,0,1,0.0,1500000.0,0,1,0.0,1500000.0
2026-07-16,01_棣栫瑪鏀炬,01_棣栨鎺堜俊,RG3,CL_03,Android,Facebook,02_100%鍙婁互涓?2,2,1700000.0,1600000.0,1,2,800000.0,1700000.0,0,2,0.0,1700000.0
2026-08-28,01_棣栫瑪鏀炬,01_棣栨鎺堜俊,RG1,CL_01,Android,Tiktok,02_100%鍙婁互涓?2,2,4000000.0,4000000.0,0,0,0.0,0.0,0,0,0.0,0.0
2026-07-29,01_棣栫瑪鏀炬,01_棣栨鎺堜俊,RG5,CL_05,Android,Facebook,02_100%鍙婁互涓?17,17,6000000.0,6000000.0,11,17,3900000.0,6000000.0,8,17,2900000.0,6000000.0
2026-08-30,01_棣栫瑪鏀炬,01_棣栨鎺堜俊,RG2,CL_05,iOS,Organic,02_100%鍙婁互涓?1,1,1200000.0,1200000.0,0,0,0.0,0.0,0,0,0.0,0.0
2026-07-13,01_棣栫瑪鏀炬,01_棣栨鎺堜俊,RG2,CL_03,Android,Tiktok,02_100%鍙婁互涓?1,1,1000000.0,1000000.0,0,1,0.0,1000000.0,0,1,0.0,1000000.0
2026-09-05,01_棣栫瑪鏀炬,01_棣栨鎺堜俊,RG3,CL_05,Android,Google,02_100%鍙婁互涓?15,15,1.14E7,1.12E7,0,0,0.0,0.0,0,0,0.0,0.0
2026-09-04,01_棣栫瑪鏀炬,01_棣栨鎺堜俊,RG4,CL_05,Android,Organic,02_100%鍙婁互涓?4,4,1600000.0,1600000.0,0,0,0.0,0.0,0,0,0.0,0.0
2026-09-02,01_棣栫瑪鏀炬,01_棣栨鎺堜俊,RG4,CL_05,iOS,绌哄€?02_100%鍙婁互涓?1,1,600000.0,600000.0,0,0,0.0,0.0,0,0,0.0,0.0
2026-07-27,01_棣栫瑪鏀炬,02_闈為娆℃巿淇?RG6,CL_05,Android,Facebook,02_100%鍙婁互涓?1,1,300000.0,300000.0,1,1,300000.0,300000.0,1,1,300000.0,300000.0
2026-08-01,01_棣栫瑪鏀炬,01_棣栨鎺堜俊,RG6,CL_05,Android,Google,02_100%鍙婁互涓?8,8,2400000.0,2400000.0,6,8,1800000.0,2400000.0,3,8,900000.0,2400000.0
2026-07-16,01_棣栫瑪鏀炬,01_棣栨鎺堜俊,RG2,CL_01,Android,Google,02_100%鍙婁互涓?1,1,1500000.0,1500000.0,1,1,1500000.0,1500000.0,1,1,1500000.0,1500000.0
2026-07-31,01_棣栫瑪鏀炬,02_闈為娆℃巿淇?RG3,CL_05,Android,Facebook,02_100%鍙婁互涓?5,5,3700000.0,3400000.0,2,4,1200000.0,2900000.0,2,4,1200000.0,2900000.0
2026-07-30,01_棣栫瑪鏀炬,01_棣栨鎺堜俊,RG4,CL_05,Android,Tiktok,02_100%鍙婁互涓?6,6,3400000.0,3400000.0,2,6,1000000.0,3400000.0,1,6,600000.0,3400000.0
2026-08-15,01_棣栫瑪鏀炬,02_闈為娆℃巿淇?RG7,CL_05,Android,Organic,02_100%鍙婁互涓?1,1,300000.0,300000.0,1,1,300000.0,300000.0,0,0,0.0,0.0
2026-08-28,01_棣栫瑪鏀炬,02_闈為娆℃巿淇?RG4,CL_05,Android,Google,02_100%鍙婁互涓?1,1,500000.0,500000.0,0,0,0.0,0.0,0,0,0.0,0.0
2026-08-12,01_棣栫瑪鏀炬,02_闈為娆℃巿淇?RG4,CL_05,iOS,ASA,02_100%鍙婁互涓?1,1,1000000.0,600000.0,1,1,1000000.0,1000000.0,1,1,1000000.0,1000000.0
2026-08-06,01_棣栫瑪鏀炬,01_棣栨鎺堜俊,RG2,CL_05,iOS,ASA,02_100%鍙婁互涓?1,1,1500000.0,1500000.0,1,1,1500000.0,1500000.0,1,1,1500000.0,1500000.0
2026-08-13,01_棣栫瑪鏀炬,01_棣栨鎺堜俊,RG4,CL_05,Android,Organic,02_100%鍙婁互涓?4,4,2000000.0,2000000.0,3,4,1400000.0,2000000.0,2,4,1000000.0,2000000.0
2026-08-02,01_棣栫瑪鏀炬,01_棣栨鎺堜俊,RG1,CL_01,iOS,Tiktok,02_100%鍙婁互涓?1,1,3000000.0,3000000.0,0,1,0.0,3000000.0,0,1,0.0,3000000.0
2026-08-08,01_棣栫瑪鏀炬,01_棣栨鎺堜俊,RG1,CL_01,Android,Google,02_100%鍙婁互涓?2,2,3000000.0,3000000.0,0,2,0.0,3000000.0,0,2,0.0,3000000.0
2026-08-19,01_棣栫瑪鏀炬,01_棣栨鎺堜俊,RG4,CL_05,Android,Google,01_100%浠ヤ笅,2,2,600000.0,1200000.0,0,2,0.0,600000.0,0,0,0.0,0.0
2026-09-01,01_棣栫瑪鏀炬,01_棣栨鎺堜俊,RG3,CL_05,Android,Tiktok,02_100%鍙婁互涓?5,5,3900000.0,3800000.0,0,0,0.0,0.0,0,0,0.0,0.0
2026-09-04,01_棣栫瑪鏀炬,01_棣栨鎺堜俊,RG1,CL_01,Android,Facebook,02_100%鍙婁互涓?8,8,1.35E7,1.2E7,0,0,0.0,0.0,0,0,0.0,0.0
2026-08-30,01_棣栫瑪鏀炬,01_棣栨鎺堜俊,RG3,CL_05,Android,Facebook,02_100%鍙婁互涓?5,5,3400000.0,3400000.0,0,0,0.0,0.0,0,0,0.0,0.0
2026-07-19,01_棣栫瑪鏀炬,02_闈為娆℃巿淇?RG5,CL_05,iOS,Google,02_100%鍙婁互涓?1,1,300000.0,300000.0,0,1,0.0,300000.0,0,1,0.0,300000.0
2026-08-10,01_棣栫瑪鏀炬,01_棣栨鎺堜俊,RG1,CL_03,Android,Organic,02_100%鍙婁互涓?1,1,500000.0,500000.0,1,1,500000.0,500000.0,0,1,0.0,500000.0
2026-09-07,01_棣栫瑪鏀炬,02_闈為娆℃巿淇?RG3,CL_05,Android,Facebook,02_100%鍙婁互涓?2,2,1600000.0,1600000.0,0,0,0.0,0.0,0,0,0.0,0.0
2026-08-09,01_棣栫瑪鏀炬,01_棣栨鎺堜俊,RG3,CL_05,iOS,Facebook,02_100%鍙婁互涓?2,2,2000000.0,2000000.0,0,2,0.0,2000000.0,0,2,0.0,2000000.0
2026-09-05,01_棣栫瑪鏀炬,01_棣栨鎺堜俊,RG1,CL_01,Android,Facebook,01_100%浠ヤ笅,1,1,1000000.0,2000000.0,0,0,0.0,0.0,0,0,0.0,0.0
2026-07-17,01_棣栫瑪鏀炬,01_棣栨鎺堜俊,RG3,CL_05,iOS,ASA,02_100%鍙婁互涓?1,1,800000.0,800000.0,0,1,0.0,800000.0,0,1,0.0,800000.0
2026-07-30,01_棣栫瑪鏀炬,01_棣栨鎺堜俊,RG2,CL_01,iOS,Facebook,02_100%鍙婁互涓?1,1,2000000.0,2000000.0,0,1,0.0,2000000.0,0,1,0.0,2000000.0
2026-07-27,01_棣栫瑪鏀炬,01_棣栨鎺堜俊,RG2,CL_07,iOS,ASA,02_100%鍙婁互涓?1,1,1500000.0,1500000.0,0,1,0.0,1500000.0,0,1,0.0,1500000.0
2026-07-31,01_棣栫瑪鏀炬,01_棣栨鎺堜俊,RG2,CL_01,iOS,Organic,02_100%鍙婁互涓?1,1,2000000.0,2000000.0,0,1,0.0,2000000.0,0,1,0.0,2000000.0
2026-07-29,01_棣栫瑪鏀炬,01_棣栨鎺堜俊,RG2,CL_01,Android,Google,02_100%鍙婁互涓?2,2,3800000.0,3000000.0,1,2,2300000.0,3800000.0,1,2,2300000.0,3800000.0
2026-09-01,01_棣栫瑪鏀炬,01_棣栨鎺堜俊,RG5,CL_05,iOS,Facebook,02_100%鍙婁互涓?2,2,1100000.0,700000.0,0,0,0.0,0.0,0,0,0.0,0.0
2026-08-23,01_棣栫瑪鏀炬,02_闈為娆℃巿淇?RG4,CL_05,iOS,Facebook,02_100%鍙婁互涓?1,1,600000.0,600000.0,1,1,600000.0,600000.0,0,0,0.0,0.0
2026-08-10,01_棣栫瑪鏀炬,02_闈為娆℃巿淇?RG1,CL_01,Android,Google,02_100%鍙婁互涓?1,1,1500000.0,1500000.0,0,1,0.0,1500000.0,0,1,0.0,1500000.0
2026-07-25,01_棣栫瑪鏀炬,02_闈為娆℃巿淇?RG5,CL_05,Android,Facebook,01_100%浠ヤ笅,1,1,300000.0,400000.0,1,1,300000.0,300000.0,1,1,300000.0,300000.0
2026-08-09,01_棣栫瑪鏀炬,02_闈為娆℃巿淇?RG4,CL_05,Android,Google,02_100%鍙婁互涓?3,3,1200000.0,1200000.0,2,3,800000.0,1200000.0,1,3,400000.0,1200000.0
2026-07-19,01_棣栫瑪鏀炬,01_棣栨鎺堜俊,RG3,CL_05,Android,Organic,02_100%鍙婁互涓?5,5,3600000.0,3600000.0,5,5,3600000.0,3600000.0,5,5,3600000.0,3600000.0
2026-08-18,01_棣栫瑪鏀炬,02_闈為娆℃巿淇?RG1,CL_01,iOS,Facebook,02_100%鍙婁互涓?1,1,2500000.0,2500000.0,1,1,2500000.0,2500000.0,0,0,0.0,0.0
2026-08-23,01_棣栫瑪鏀炬,01_棣栨鎺堜俊,RG1,CL_01,iOS,Tiktok,02_100%鍙婁互涓?2,2,5500000.0,5500000.0,0,2,0.0,5500000.0,0,0,0.0,0.0
2026-07-24,01_棣栫瑪鏀炬,01_棣栨鎺堜俊,RG3,CL_05,Android,Tiktok,02_100%鍙婁互涓?8,8,5700000.0,5600000.0,3,8,2200000.0,5700000.0,1,8,800000.0,5700000.0
2026-08-03,01_棣栫瑪鏀炬,01_棣栨鎺堜俊,RG4,CL_05,iOS,ASA,02_100%鍙婁互涓?2,2,1800000.0,1600000.0,0,2,0.0,1800000.0,0,2,0.0,1800000.0
2026-09-02,01_棣栫瑪鏀炬,01_棣栨鎺堜俊,RG2,CL_05,iOS,Organic,02_100%鍙婁互涓?3,3,4200000.0,3900000.0,0,0,0.0,0.0,0,0,0.0,0.0
2026-07-17,01_棣栫瑪鏀炬,01_棣栨鎺堜俊,RG4,CL_03,Android,Facebook,01_100%浠ヤ笅,1,1,400000.0,600000.0,1,1,400000.0,400000.0,1,1,400000.0,400000.0
2026-07-18,01_棣栫瑪鏀炬,01_棣栨鎺堜俊,RG2,CL_01,Android,Organic,02_100%鍙婁互涓?1,1,1500000.0,1500000.0,1,1,1500000.0,1500000.0,1,1,1500000.0,1500000.0
2026-08-20,01_棣栫瑪鏀炬,01_棣栨鎺堜俊,RG4,CL_05,Android,Google,02_100%鍙婁互涓?23,23,1.1E7,1.1E7,10,22,5100000.0,1.06E7,0,0,0.0,0.0
2026-08-05,01_棣栫瑪鏀炬,01_棣栨鎺堜俊,RG5,CL_05,iOS,Organic,02_100%鍙婁互涓?17,17,6600000.0,6000000.0,7,17,2400000.0,6600000.0,5,17,1700000.0,6600000.0
2026-07-30,01_棣栫瑪鏀炬,01_棣栨鎺堜俊,RG2,CL_05,Android,Facebook,02_100%鍙婁互涓?4,4,4600000.0,4400000.0,3,4,3200000.0,4600000.0,3,4,3200000.0,4600000.0
2026-07-19,01_棣栫瑪鏀炬,01_棣栨鎺堜俊,RG5,CL_05,Android,Google,02_100%鍙婁互涓?7,7,2400000.0,2400000.0,3,7,1000000.0,2400000.0,1,7,300000.0,2400000.0
2026-08-20,01_棣栫瑪鏀炬,02_闈為娆℃巿淇?RG2,CL_01,iOS,Organic,02_100%鍙婁互涓?1,1,2400000.0,2400000.0,0,1,0.0,2400000.0,0,0,0.0,0.0
2026-07-18,01_棣栫瑪鏀炬,01_棣栨鎺堜俊,RG6,CL_05,Android,Organic,02_100%鍙婁互涓?1,1,300000.0,300000.0,0,1,0.0,300000.0,0,1,0.0,300000.0
2026-07-22,01_棣栫瑪鏀炬,01_棣栨鎺堜俊,RG1,CL_01,iOS,ASA,02_100%鍙婁互涓?1,1,2500000.0,2500000.0,0,1,0.0,2500000.0,0,1,0.0,2500000.0
2026-09-02,01_棣栫瑪鏀炬,01_棣栨鎺堜俊,RG3,CL_05,Android,Facebook,02_100%鍙婁互涓?11,11,8000000.0,7800000.0,0,0,0.0,0.0,0,0,0.0,0.0
2026-07-19,01_棣栫瑪鏀炬,01_棣栨鎺堜俊,RG3,CL_04,Android,Facebook,02_100%鍙婁互涓?1,1,900000.0,800000.0,0,1,0.0,900000.0,0,1,0.0,900000.0
2026-09-01,01_棣栫瑪鏀炬,01_棣栨鎺堜俊,RG1,CL_01,iOS,Facebook,02_100%鍙婁互涓?4,4,1.08E7,1.08E7,0,0,0.0,0.0,0,0,0.0,0.0
2026-08-11,01_棣栫瑪鏀炬,01_棣栨鎺堜俊,RG3,CL_05,Android,Tiktok,02_100%鍙婁互涓?4,4,2900000.0,2800000.0,4,4,2900000.0,2900000.0,3,4,2100000.0,2900000.0
2026-07-15,01_棣栫瑪鏀炬,01_棣栨鎺堜俊,RG2,CL_04,Android,Facebook,02_100%鍙婁互涓?2,2,2400000.0,2400000.0,0,2,0.0,2400000.0,0,2,0.0,2400000.0
2026-07-21,01_棣栫瑪鏀炬,01_棣栨鎺堜俊,RG2,CL_05,Android,Facebook,02_100%鍙婁互涓?5,5,5600000.0,5600000.0,2,5,2000000.0,5600000.0,1,5,1000000.0,5600000.0
2026-08-03,01_棣栫瑪鏀炬,01_棣栨鎺堜俊,RG2,CL_01,Android,Organic,02_100%鍙婁互涓?2,2,4500000.0,3900000.0,1,2,2400000.0,4500000.0,1,2,2400000.0,4500000.0
2026-08-03,01_棣栫瑪鏀炬,02_闈為娆℃巿淇?RG5,CL_05,iOS,Organic,02_100%鍙婁互涓?4,4,1500000.0,1300000.0,2,4,700000.0,1500000.0,2,4,700000.0,1500000.0
2026-09-07,01_棣栫瑪鏀炬,01_棣栨鎺堜俊,RG1,CL_01,iOS,Organic,02_100%鍙婁互涓?4,4,1.41E7,1.41E7,0,0,0.0,0.0,0,0,0.0,0.0
2026-08-22,01_棣栫瑪鏀炬,01_棣栨鎺堜俊,RG3,CL_05,iOS,Google,02_100%鍙婁互涓?1,1,1200000.0,1200000.0,0,1,0.0,1200000.0,0,0,0.0,0.0
2026-08-15,01_棣栫瑪鏀炬,01_棣栨鎺堜俊,RG5,CL_05,Android,Tiktok,02_100%鍙婁互涓?3,3,1100000.0,1100000.0,2,3,700000.0,1100000.0,0,0,0.0,0.0
2026-08-25,01_棣栫瑪鏀炬,01_棣栨鎺堜俊,RG5,CL_05,Android,Tiktok,02_100%鍙婁互涓?1,1,300000.0,300000.0,0,0,0.0,0.0,0,0,0.0,0.0
2026-07-15,01_棣栫瑪鏀炬,02_闈為娆℃巿淇?RG7,CL_03,Android,Facebook,02_100%鍙婁互涓?3,3,900000.0,900000.0,3,3,900000.0,900000.0,3,3,900000.0,900000.0
2026-07-10,01_棣栫瑪鏀炬,01_棣栨鎺堜俊,RG5,CL_03,Android,ASA,02_100%鍙婁互涓?1,1,400000.0,400000.0,0,1,0.0,400000.0,0,1,0.0,400000.0
2026-07-16,01_棣栫瑪鏀炬,01_棣栨鎺堜俊,RG7,CL_05,Android,Facebook,02_100%鍙婁互涓?4,4,1200000.0,1200000.0,1,4,300000.0,1200000.0,1,4,300000.0,1200000.0
2026-07-22,01_棣栫瑪鏀炬,01_棣栨鎺堜俊,RG6,CL_05,Android,Organic,01_100%浠ヤ笅,1,1,300000.0,400000.0,0,1,0.0,300000.0,0,1,0.0,300000.0
2026-07-12,01_棣栫瑪鏀炬,01_棣栨鎺堜俊,RG3,CL_04,Android,Facebook,01_100%浠ヤ笅,2,2,1000000.0,1400000.0,2,2,1000000.0,1000000.0,2,2,1000000.0,1000000.0
2026-07-18,01_棣栫瑪鏀炬,02_闈為娆℃巿淇?RG1,CL_01,iOS,Organic,02_100%鍙婁互涓?1,1,3300000.0,3300000.0,0,1,0.0,3300000.0,0,1,0.0,3300000.0
2026-08-05,01_棣栫瑪鏀炬,01_棣栨鎺堜俊,RG2,CL_05,Android,Organic,02_100%鍙婁互涓?2,2,2400000.0,2400000.0,1,2,1200000.0,2400000.0,0,2,0.0,2400000.0
2026-07-13,01_棣栫瑪鏀炬,01_棣栨鎺堜俊,RG2,CL_01,Android,Facebook,02_100%鍙婁互涓?3,3,4500000.0,4500000.0,1,3,1500000.0,4500000.0,1,3,1500000.0,4500000.0
2026-07-30,01_棣栫瑪鏀炬,01_棣栨鎺堜俊,RG2,CL_05,Android,Google,02_100%鍙婁互涓?1,1,1200000.0,1200000.0,0,1,0.0,1200000.0,0,1,0.0,1200000.0
2026-08-05,01_棣栫瑪鏀炬,01_棣栨鎺堜俊,RG2,CL_07,Android,Facebook,01_100%浠ヤ笅,1,1,500000.0,1200000.0,0,1,0.0,500000.0,0,1,0.0,500000.0
2026-07-10,01_棣栫瑪鏀炬,01_棣栨鎺堜俊,RG5,CL_04,iOS,Facebook,02_100%鍙婁互涓?6,6,2000000.0,2000000.0,1,6,300000.0,2000000.0,0,6,0.0,2000000.0
2026-09-06,01_棣栫瑪鏀炬,01_棣栨鎺堜俊,RG2,CL_07,Android,Google,02_100%鍙婁互涓?1,1,1200000.0,1200000.0,0,0,0.0,0.0,0,0,0.0,0.0
2026-08-15,01_棣栫瑪鏀炬,01_棣栨鎺堜俊,RG2,CL_01,Android,Tiktok,02_100%鍙婁互涓?1,1,2100000.0,1500000.0,0,1,0.0,2100000.0,0,0,0.0,0.0
2026-08-03,01_棣栫瑪鏀炬,01_棣栨鎺堜俊,RG5,CL_05,Android,Google,01_100%浠ヤ笅,1,1,300000.0,400000.0,1,1,300000.0,300000.0,1,1,300000.0,300000.0
2026-08-24,01_棣栫瑪鏀炬,02_闈為娆℃巿淇?RG3,CL_05,iOS,Organic,02_100%鍙婁互涓?2,2,2000000.0,2000000.0,0,0,0.0,0.0,0,0,0.0,0.0
2026-08-12,01_棣栫瑪鏀炬,01_棣栨鎺堜俊,RG2,CL_07,iOS,Tiktok,02_100%鍙婁互涓?1,1,1800000.0,1800000.0,0,1,0.0,1800000.0,0,1,0.0,1800000.0
2026-08-14,01_棣栫瑪鏀炬,01_棣栨鎺堜俊,RG2,CL_07,iOS,Organic,02_100%鍙婁互涓?2,2,3000000.0,3000000.0,2,2,3000000.0,3000000.0,0,0,0.0,0.0
2026-07-27,01_棣栫瑪鏀炬,01_棣栨鎺堜俊,RG5,CL_04,iOS,Organic,02_100%鍙婁互涓?1,1,700000.0,300000.0,1,1,700000.0,700000.0,0,1,0.0,700000.0
2026-08-15,01_棣栫瑪鏀炬,02_闈為娆℃巿淇?RG3,CL_05,Android,Google,02_100%鍙婁互涓?1,1,600000.0,600000.0,1,1,600000.0,600000.0,0,0,0.0,0.0
2026-08-30,01_棣栫瑪鏀炬,01_棣栨鎺堜俊,RG3,CL_05,Android,Google,02_100%鍙婁互涓?4,4,2700000.0,2600000.0,0,0,0.0,0.0,0,0,0.0,0.0
2026-07-22,01_棣栫瑪鏀炬,01_棣栨鎺堜俊,RG4,CL_04,Android,Facebook,02_100%鍙婁互涓?1,1,400000.0,400000.0,0,1,0.0,400000.0,0,1,0.0,400000.0
2026-07-11,01_棣栫瑪鏀炬,01_棣栨鎺堜俊,RG2,CL_05,Android,Organic,01_100%浠ヤ笅,1,1,1000000.0,1200000.0,0,1,0.0,1000000.0,0,1,0.0,1000000.0
2026-08-16,01_棣栫瑪鏀炬,01_棣栨鎺堜俊,RG0,CL_06,iOS,Facebook,02_100%鍙婁互涓?1,1,6000000.0,6000000.0,0,1,0.0,6000000.0,0,0,0.0,0.0
2026-08-01,01_棣栫瑪鏀炬,01_棣栨鎺堜俊,RG7,CL_05,Android,Facebook,02_100%鍙婁互涓?4,4,1200000.0,1200000.0,3,4,900000.0,1200000.0,2,4,600000.0,1200000.0
2026-09-03,01_棣栫瑪鏀炬,02_闈為娆℃巿淇?RG4,CL_05,Android,Tiktok,02_100%鍙婁互涓?1,1,300000.0,300000.0,0,0,0.0,0.0,0,0,0.0,0.0
2026-08-20,01_棣栫瑪鏀炬,01_棣栨鎺堜俊,RG2,CL_07,iOS,Organic,02_100%鍙婁互涓?3,3,5300000.0,4500000.0,1,3,2300000.0,5300000.0,0,0,0.0,0.0
2026-07-24,01_棣栫瑪鏀炬,01_棣栨鎺堜俊,RG2,CL_05,Android,Organic,01_100%浠ヤ笅,1,1,1000000.0,1200000.0,1,1,1000000.0,1000000.0,1,1,1000000.0,1000000.0
2026-08-17,01_棣栫瑪鏀炬,01_棣栨鎺堜俊,RG0,CL_06,iOS,Tiktok,02_100%鍙婁互涓?1,1,8800000.0,7800000.0,0,1,0.0,8800000.0,0,0,0.0,0.0
2026-08-04,01_棣栫瑪鏀炬,01_棣栨鎺堜俊,RG6,CL_05,Android,Facebook,02_100%鍙婁互涓?3,3,900000.0,900000.0,2,3,600000.0,900000.0,2,3,600000.0,900000.0
2026-08-13,01_棣栫瑪鏀炬,01_棣栨鎺堜俊,RG2,CL_01,iOS,ASA,02_100%鍙婁互涓?1,1,2000000.0,2000000.0,1,1,2000000.0,2000000.0,1,1,2000000.0,2000000.0
2026-08-20,01_棣栫瑪鏀炬,01_棣栨鎺堜俊,RG4,CL_05,Android,Facebook,02_100%鍙婁互涓?6,6,2600000.0,2600000.0,1,5,500000.0,2100000.0,0,0,0.0,0.0
2026-08-06,01_棣栫瑪鏀炬,01_棣栨鎺堜俊,RG4,CL_05,iOS,Organic,02_100%鍙婁互涓?5,5,3000000.0,3000000.0,3,5,1800000.0,3000000.0,2,5,1200000.0,3000000.0
2026-08-29,01_棣栫瑪鏀炬,01_棣栨鎺堜俊,RG3,CL_05,Android,Google,01_100%浠ヤ笅,1,1,500000.0,800000.0,0,0,0.0,0.0,0,0,0.0,0.0
2026-07-14,01_棣栫瑪鏀炬,02_闈為娆℃巿淇?RG2,CL_03,iOS,Organic,02_100%鍙婁互涓?1,1,1500000.0,1500000.0,1,1,1500000.0,1500000.0,1,1,1500000.0,1500000.0
2026-08-30,01_棣栫瑪鏀炬,01_棣栨鎺堜俊,RG4,CL_05,Android,Google,02_100%鍙婁互涓?1,1,500000.0,500000.0,0,0,0.0,0.0,0,0,0.0,0.0
2026-09-06,01_棣栫瑪鏀炬,01_棣栨鎺堜俊,RG2,CL_05,Android,Google,02_100%鍙婁互涓?1,1,1200000.0,1000000.0,0,0,0.0,0.0,0,0,0.0,0.0
2026-08-25,01_棣栫瑪鏀炬,01_棣栨鎺堜俊,RG2,CL_05,iOS,Tiktok,02_100%鍙婁互涓?1,1,1800000.0,1500000.0,0,0,0.0,0.0,0,0,0.0,0.0
2026-08-17,01_棣栫瑪鏀炬,02_闈為娆℃巿淇?RG0,CL_06,iOS,Organic,02_100%鍙婁互涓?1,1,6000000.0,6000000.0,0,1,0.0,6000000.0,0,0,0.0,0.0
2026-09-06,01_棣栫瑪鏀炬,01_棣栨鎺堜俊,RG4,CL_05,Android,Tiktok,02_100%鍙婁互涓?5,5,2200000.0,2200000.0,0,0,0.0,0.0,0,0,0.0,0.0
2026-08-13,01_棣栫瑪鏀炬,01_棣栨鎺堜俊,RG2,CL_05,iOS,Facebook,02_100%鍙婁互涓?2,2,3600000.0,3000000.0,0,2,0.0,3600000.0,0,2,0.0,3600000.0
2026-07-12,01_棣栫瑪鏀炬,02_闈為娆℃巿淇?RG3,CL_03,iOS,Organic,02_100%鍙婁互涓?1,1,1200000.0,1200000.0,1,1,1200000.0,1200000.0,1,1,1200000.0,1200000.0
2026-07-21,01_棣栫瑪鏀炬,01_棣栨鎺堜俊,RG3,CL_03,iOS,Facebook,02_100%鍙婁互涓?1,1,1200000.0,800000.0,0,1,0.0,1200000.0,0,1,0.0,1200000.0
2026-08-06,01_棣栫瑪鏀炬,01_棣栨鎺堜俊,RG2,CL_07,Android,Facebook,02_100%鍙婁互涓?5,5,6600000.0,6000000.0,2,5,2400000.0,6600000.0,2,5,2400000.0,6600000.0
2026-07-12,01_棣栫瑪鏀炬,01_棣栨鎺堜俊,RG5,CL_03,iOS,ASA,02_100%鍙婁互涓?3,3,1100000.0,1100000.0,2,3,700000.0,1100000.0,2,3,700000.0,1100000.0
2026-07-11,01_棣栫瑪鏀炬,01_棣栨鎺堜俊,RG1,CL_01,Android,ASA,02_100%鍙婁互涓?1,1,2500000.0,2500000.0,0,1,0.0,2500000.0,0,1,0.0,2500000.0
2026-08-04,01_棣栫瑪鏀炬,01_棣栨鎺堜俊,RG5,CL_05,Android,Google,02_100%鍙婁互涓?23,23,8500000.0,8500000.0,14,23,5100000.0,8500000.0,11,23,4100000.0,8500000.0
2026-08-18,01_棣栫瑪鏀炬,01_棣栨鎺堜俊,RG7,CL_05,Android,Facebook,02_100%鍙婁互涓?2,2,600000.0,600000.0,2,2,600000.0,600000.0,0,0,0.0,0.0
2026-07-27,01_棣栫瑪鏀炬,02_闈為娆℃巿淇?RG5,CL_05,Android,Google,02_100%鍙婁互涓?3,3,900000.0,900000.0,2,3,600000.0,900000.0,1,3,300000.0,900000.0
2026-07-25,01_棣栫瑪鏀炬,01_棣栨鎺堜俊,RG5,CL_05,iOS,Organic,02_100%鍙婁互涓?18,18,7500000.0,6100000.0,11,18,4800000.0,7500000.0,9,18,4000000.0,7500000.0
2026-09-04,01_棣栫瑪鏀炬,01_棣栨鎺堜俊,RG3,CL_05,Android,Google,01_100%浠ヤ笅,1,1,300000.0,800000.0,0,0,0.0,0.0,0,0,0.0,0.0
2026-08-21,01_棣栫瑪鏀炬,01_棣栨鎺堜俊,RG3,CL_05,iOS,Organic,02_100%鍙婁互涓?9,9,9400000.0,8400000.0,5,9,5200000.0,9400000.0,0,0,0.0,0.0
2026-08-30,01_棣栫瑪鏀炬,01_棣栨鎺堜俊,RG2,CL_05,Android,Tiktok,02_100%鍙婁互涓?1,1,1400000.0,1000000.0,0,0,0.0,0.0,0,0,0.0,0.0
2026-07-31,01_棣栫瑪鏀炬,01_棣栨鎺堜俊,RG4,CL_05,Android,Tiktok,01_100%浠ヤ笅,1,1,300000.0,400000.0,1,1,300000.0,300000.0,1,1,300000.0,300000.0
2026-08-19,01_棣栫瑪鏀炬,01_棣栨鎺堜俊,RG4,CL_05,iOS,Tiktok,02_100%鍙婁互涓?1,1,800000.0,800000.0,0,1,0.0,800000.0,0,0,0.0,0.0
2026-08-27,01_棣栫瑪鏀炬,01_棣栨鎺堜俊,RG3,CL_05,Android,Tiktok,02_100%鍙婁互涓?9,9,6600000.0,6400000.0,0,0,0.0,0.0,0,0,0.0,0.0
2026-09-04,01_棣栫瑪鏀炬,01_棣栨鎺堜俊,RG1,CL_01,iOS,ASA,02_100%鍙婁互涓?1,1,3100000.0,2500000.0,0,0,0.0,0.0,0,0,0.0,0.0
2026-07-25,01_棣栫瑪鏀炬,01_棣栨鎺堜俊,RG2,CL_03,Android,Facebook,02_100%鍙婁互涓?1,1,2100000.0,1500000.0,0,1,0.0,2100000.0,0,1,0.0,2100000.0
2026-08-19,01_棣栫瑪鏀炬,01_棣栨鎺堜俊,RG5,CL_05,Android,Google,02_100%鍙婁互涓?2,2,700000.0,700000.0,1,2,400000.0,700000.0,0,0,0.0,0.0
2026-08-29,01_棣栫瑪鏀炬,02_闈為娆℃巿淇?RG5,CL_05,iOS,Facebook,02_100%鍙婁互涓?1,1,400000.0,400000.0,0,0,0.0,0.0,0,0,0.0,0.0
2026-08-11,01_棣栫瑪鏀炬,02_闈為娆℃巿淇?RG4,CL_05,Android,Organic,02_100%鍙婁互涓?2,2,800000.0,800000.0,1,2,400000.0,800000.0,1,2,400000.0,800000.0
2026-08-06,01_棣栫瑪鏀炬,01_棣栨鎺堜俊,RG2,CL_05,Android,Facebook,02_100%鍙婁互涓?1,1,1000000.0,1000000.0,1,1,1000000.0,1000000.0,1,1,1000000.0,1000000.0
2026-08-08,01_棣栫瑪鏀炬,01_棣栨鎺堜俊,RG2,CL_07,iOS,Facebook,02_100%鍙婁互涓?2,2,3800000.0,3000000.0,1,2,2300000.0,3800000.0,1,2,2300000.0,3800000.0
2026-08-01,01_棣栫瑪鏀炬,01_棣栨鎺堜俊,RG2,CL_01,Android,Facebook,02_100%鍙婁互涓?2,2,3600000.0,3000000.0,0,2,0.0,3600000.0,0,2,0.0,3600000.0
2026-07-22,01_棣栫瑪鏀炬,01_棣栨鎺堜俊,RG5,CL_05,iOS,ASA,02_100%鍙婁互涓?1,1,300000.0,300000.0,1,1,300000.0,300000.0,1,1,300000.0,300000.0
2026-07-12,01_棣栫瑪鏀炬,01_棣栨鎺堜俊,RG4,CL_05,Android,Facebook,02_100%鍙婁互涓?3,3,1400000.0,1400000.0,2,3,800000.0,1400000.0,1,3,400000.0,1400000.0
2026-07-23,01_棣栫瑪鏀炬,01_棣栨鎺堜俊,RG6,CL_05,Android,Organic,02_100%鍙婁互涓?3,3,1000000.0,1000000.0,1,3,400000.0,1000000.0,1,3,400000.0,1000000.0
2026-07-23,01_棣栫瑪鏀炬,01_棣栨鎺堜俊,RG3,CL_05,Android,Organic,01_100%浠ヤ笅,1,1,400000.0,600000.0,0,1,0.0,400000.0,0,1,0.0,400000.0
2026-08-23,01_棣栫瑪鏀炬,01_棣栨鎺堜俊,RG2,CL_01,iOS,Tiktok,02_100%鍙婁互涓?1,1,3000000.0,2000000.0,1,1,3000000.0,3000000.0,0,0,0.0,0.0
2026-07-20,01_棣栫瑪鏀炬,02_闈為娆℃巿淇?RG3,CL_05,Android,Facebook,02_100%鍙婁互涓?7,7,5000000.0,5000000.0,4,7,2600000.0,5000000.0,4,7,2600000.0,5000000.0
2026-08-13,01_棣栫瑪鏀炬,01_棣栨鎺堜俊,RG6,CL_05,Android,Facebook,02_100%鍙婁互涓?1,1,300000.0,300000.0,1,1,300000.0,300000.0,1,1,300000.0,300000.0
2026-07-31,01_棣栫瑪鏀炬,01_棣栨鎺堜俊,RG2,CL_05,Android,Google,01_100%浠ヤ笅,1,1,1000000.0,1200000.0,1,1,1000000.0,1000000.0,1,1,1000000.0,1000000.0
2026-08-25,01_棣栫瑪鏀炬,01_棣栨鎺堜俊,RG5,CL_05,iOS,Organic,02_100%鍙婁互涓?10,10,4200000.0,3800000.0,0,0,0.0,0.0,0,0,0.0,0.0
2026-08-16,01_棣栫瑪鏀炬,02_闈為娆℃巿淇?RG6,CL_05,Android,Google,02_100%鍙婁互涓?1,1,300000.0,300000.0,1,1,300000.0,300000.0,0,0,0.0,0.0
2026-07-25,01_棣栫瑪鏀炬,01_棣栨鎺堜俊,RG2,CL_05,Android,Organic,02_100%鍙婁互涓?4,4,5400000.0,5400000.0,2,4,2400000.0,5400000.0,1,4,1200000.0,5400000.0
2026-08-04,01_棣栫瑪鏀炬,02_闈為娆℃巿淇?RG2,CL_05,Android,Facebook,02_100%鍙婁互涓?1,1,1200000.0,1200000.0,0,1,0.0,1200000.0,0,1,0.0,1200000.0
2026-08-08,01_棣栫瑪鏀炬,01_棣栨鎺堜俊,RG3,CL_05,Android,Facebook,01_100%浠ヤ笅,5,5,2400000.0,3600000.0,2,5,900000.0,2400000.0,1,5,400000.0,2400000.0
2026-08-31,01_棣栫瑪鏀炬,01_棣栨鎺堜俊,RG1,CL_01,iOS,Organic,02_100%鍙婁互涓?5,5,1.25E7,1.25E7,0,0,0.0,0.0,0,0,0.0,0.0
2026-07-28,01_棣栫瑪鏀炬,01_棣栨鎺堜俊,RG2,CL_01,Android,Google,01_100%浠ヤ笅,1,1,1100000.0,1500000.0,0,1,0.0,1100000.0,0,1,0.0,1100000.0
2026-08-30,01_棣栫瑪鏀炬,01_棣栨鎺堜俊,RG2,CL_01,iOS,Tiktok,02_100%鍙婁互涓?1,1,2000000.0,2000000.0,0,0,0.0,0.0,0,0,0.0,0.0
2026-08-03,01_棣栫瑪鏀炬,01_棣栨鎺堜俊,RG2,CL_07,iOS,Organic,02_100%鍙婁互涓?2,2,3000000.0,3000000.0,1,2,1500000.0,3000000.0,0,2,0.0,3000000.0
2026-08-08,01_棣栫瑪鏀炬,01_棣栨鎺堜俊,RG7,CL_05,Android,Facebook,02_100%鍙婁互涓?1,1,300000.0,300000.0,1,1,300000.0,300000.0,1,1,300000.0,300000.0
2026-08-19,01_棣栫瑪鏀炬,01_棣栨鎺堜俊,RG4,CL_05,Android,Facebook,01_100%浠ヤ笅,1,1,300000.0,400000.0,0,1,0.0,300000.0,0,0,0.0,0.0
2026-07-16,01_棣栫瑪鏀炬,02_闈為娆℃巿淇?RG5,CL_05,iOS,Organic,01_100%浠ヤ笅,1,1,300000.0,400000.0,1,1,300000.0,300000.0,1,1,300000.0,300000.0
2026-08-31,01_棣栫瑪鏀炬,02_闈為娆℃巿淇?RG4,CL_05,Android,Google,02_100%鍙婁互涓?1,1,600000.0,600000.0,0,0,0.0,0.0,0,0,0.0,0.0
2026-08-04,01_棣栫瑪鏀炬,01_棣栨鎺堜俊,RG4,CL_04,iOS,ASA,02_100%鍙婁互涓?1,1,1200000.0,800000.0,0,1,0.0,1200000.0,0,1,0.0,1200000.0
2026-07-10,01_棣栫瑪鏀炬,01_棣栨鎺堜俊,RG2,CL_05,Android,Organic,02_100%鍙婁互涓?1,1,1000000.0,1000000.0,0,1,0.0,1000000.0,0,1,0.0,1000000.0
2026-08-07,01_棣栫瑪鏀炬,01_棣栨鎺堜俊,RG2,CL_07,iOS,Facebook,01_100%浠ヤ笅,1,1,1000000.0,1500000.0,0,1,0.0,1000000.0,0,1,0.0,1000000.0
2026-08-11,01_棣栫瑪鏀炬,01_棣栨鎺堜俊,RG3,CL_05,iOS,Organic,02_100%鍙婁互涓?7,7,6800000.0,6200000.0,5,7,5200000.0,6800000.0,3,7,3200000.0,6800000.0
2026-09-03,01_棣栫瑪鏀炬,01_棣栨鎺堜俊,RG4,CL_05,iOS,Tiktok,02_100%鍙婁互涓?2,2,1800000.0,1400000.0,0,0,0.0,0.0,0,0,0.0,0.0
2026-07-16,01_棣栫瑪鏀炬,01_棣栨鎺堜俊,RG4,CL_03,iOS,ASA,02_100%鍙婁互涓?1,1,800000.0,800000.0,1,1,800000.0,800000.0,0,1,0.0,800000.0
2026-08-12,01_棣栫瑪鏀炬,02_闈為娆℃巿淇?RG4,CL_05,Android,Facebook,02_100%鍙婁互涓?8,8,3600000.0,3600000.0,2,8,800000.0,3600000.0,2,8,800000.0,3600000.0
2026-07-29,01_棣栫瑪鏀炬,02_闈為娆℃巿淇?RG4,CL_05,iOS,Organic,02_100%鍙婁互涓?1,1,800000.0,800000.0,0,1,0.0,800000.0,0,1,0.0,800000.0
2026-08-24,01_棣栫瑪鏀炬,02_闈為娆℃巿淇?RG4,CL_05,iOS,Facebook,01_100%浠ヤ笅,1,1,500000.0,600000.0,0,0,0.0,0.0,0,0,0.0,0.0
2026-07-12,01_棣栫瑪鏀炬,01_棣栨鎺堜俊,RG7,CL_04,Android,Facebook,02_100%鍙婁互涓?1,1,300000.0,300000.0,0,1,0.0,300000.0,0,1,0.0,300000.0
2026-07-15,01_棣栫瑪鏀炬,02_闈為娆℃巿淇?RG3,CL_03,Android,Organic,02_100%鍙婁互涓?1,1,600000.0,600000.0,1,1,600000.0,600000.0,1,1,600000.0,600000.0
2026-07-18,01_棣栫瑪鏀炬,01_棣栨鎺堜俊,RG7,CL_05,Android,Organic,02_100%鍙婁互涓?2,2,600000.0,600000.0,1,2,300000.0,600000.0,1,2,300000.0,600000.0
2026-08-12,01_棣栫瑪鏀炬,01_棣栨鎺堜俊,RG5,CL_05,Android,Tiktok,02_100%鍙婁互涓?3,3,1100000.0,1100000.0,1,3,400000.0,1100000.0,1,3,400000.0,1100000.0
2026-07-12,01_棣栫瑪鏀炬,01_棣栨鎺堜俊,RG6,CL_05,Android,Organic,02_100%鍙婁互涓?1,1,400000.0,400000.0,1,1,400000.0,400000.0,1,1,400000.0,400000.0
2026-07-21,01_棣栫瑪鏀炬,02_闈為娆℃巿淇?RG7,CL_05,Android,Facebook,02_100%鍙婁互涓?4,4,1200000.0,1200000.0,3,4,900000.0,1200000.0,3,4,900000.0,1200000.0
2026-09-04,01_棣栫瑪鏀炬,01_棣栨鎺堜俊,RG3,CL_05,Android,鍏朵粬,02_100%鍙婁互涓?1,1,800000.0,800000.0,0,0,0.0,0.0,0,0,0.0,0.0
2026-08-27,01_棣栫瑪鏀炬,01_棣栨鎺堜俊,RG2,CL_05,Android,Google,02_100%鍙婁互涓?2,2,2000000.0,2000000.0,0,0,0.0,0.0,0,0,0.0,0.0
2026-08-21,01_棣栫瑪鏀炬,01_棣栨鎺堜俊,RG3,CL_05,Android,Tiktok,02_100%鍙婁互涓?5,5,3600000.0,3600000.0,3,5,2000000.0,3600000.0,0,0,0.0,0.0
2026-07-13,01_棣栫瑪鏀炬,02_闈為娆℃巿淇?RG5,CL_05,Android,ASA,02_100%鍙婁互涓?1,1,300000.0,300000.0,0,1,0.0,300000.0,0,1,0.0,300000.0
2026-09-01,01_棣栫瑪鏀炬,01_棣栨鎺堜俊,RG2,CL_07,Android,Facebook,02_100%鍙婁互涓?4,4,5100000.0,4800000.0,0,0,0.0,0.0,0,0,0.0,0.0
2026-08-12,01_棣栫瑪鏀炬,01_棣栨鎺堜俊,RG5,CL_05,iOS,Organic,02_100%鍙婁互涓?22,22,9400000.0,8200000.0,11,22,4600000.0,9400000.0,6,22,2400000.0,9400000.0
2026-08-05,01_棣栫瑪鏀炬,01_棣栨鎺堜俊,RG2,CL_05,Android,Facebook,01_100%浠ヤ笅,1,1,600000.0,1200000.0,0,1,0.0,600000.0,0,1,0.0,600000.0
2026-08-14,01_棣栫瑪鏀炬,01_棣栨鎺堜俊,RG2,CL_05,Android,Tiktok,02_100%鍙婁互涓?3,3,3200000.0,3200000.0,1,3,1000000.0,3200000.0,0,0,0.0,0.0
2026-08-14,01_棣栫瑪鏀炬,01_棣栨鎺堜俊,RG2,CL_05,iOS,Tiktok,02_100%鍙婁互涓?1,1,1500000.0,1500000.0,1,1,1500000.0,1500000.0,0,0,0.0,0.0
2026-07-21,01_棣栫瑪鏀炬,01_棣栨鎺堜俊,RG3,CL_05,iOS,ASA,01_100%浠ヤ笅,1,1,1100000.0,1200000.0,0,1,0.0,1100000.0,0,1,0.0,1100000.0
2026-07-13,01_棣栫瑪鏀炬,01_棣栨鎺堜俊,RG5,CL_05,iOS,Facebook,02_100%鍙婁互涓?1,1,300000.0,300000.0,0,1,0.0,300000.0,0,1,0.0,300000.0
2026-08-06,01_棣栫瑪鏀炬,01_棣栨鎺堜俊,RG4,CL_05,iOS,Tiktok,02_100%鍙婁互涓?1,1,600000.0,600000.0,0,1,0.0,600000.0,0,1,0.0,600000.0
2026-08-19,01_棣栫瑪鏀炬,01_棣栨鎺堜俊,RG1,CL_01,iOS,Facebook,02_100%鍙婁互涓?1,1,3900000.0,3300000.0,1,1,3900000.0,3900000.0,0,0,0.0,0.0
2026-08-01,01_棣栫瑪鏀炬,02_闈為娆℃巿淇?RG3,CL_05,Android,Organic,02_100%鍙婁互涓?1,1,600000.0,600000.0,1,1,600000.0,600000.0,0,1,0.0,600000.0
2026-08-26,01_棣栫瑪鏀炬,01_棣栨鎺堜俊,RG1,CL_01,Android,Google,02_100%鍙婁互涓?5,5,8000000.0,7500000.0,0,0,0.0,0.0,0,0,0.0,0.0
2026-08-25,01_棣栫瑪鏀炬,01_棣栨鎺堜俊,RG5,CL_05,iOS,Tiktok,02_100%鍙婁互涓?5,5,1600000.0,1600000.0,0,0,0.0,0.0,0,0,0.0,0.0
2026-07-24,01_棣栫瑪鏀炬,02_闈為娆℃巿淇?RG5,CL_05,Android,Tiktok,01_100%浠ヤ笅,1,1,300000.0,400000.0,1,1,300000.0,300000.0,1,1,300000.0,300000.0
2026-08-24,01_棣栫瑪鏀炬,02_闈為娆℃巿淇?RG5,CL_05,Android,Google,02_100%鍙婁互涓?1,1,400000.0,400000.0,0,0,0.0,0.0,0,0,0.0,0.0
2026-09-01,01_棣栫瑪鏀炬,02_闈為娆℃巿淇?RG3,CL_05,Android,Tiktok,02_100%鍙婁互涓?1,1,600000.0,600000.0,0,0,0.0,0.0,0,0,0.0,0.0
2026-08-22,01_棣栫瑪鏀炬,01_棣栨鎺堜俊,RG3,CL_05,Android,Facebook,02_100%鍙婁互涓?16,16,1.13E7,1.12E7,10,16,7100000.0,1.13E7,0,0,0.0,0.0
2026-07-31,01_棣栫瑪鏀炬,01_棣栨鎺堜俊,RG5,CL_05,Android,Organic,02_100%鍙婁互涓?6,6,2200000.0,2200000.0,3,6,1200000.0,2200000.0,3,6,1200000.0,2200000.0
2026-08-08,01_棣栫瑪鏀炬,01_棣栨鎺堜俊,RG2,CL_07,Android,Google,02_100%鍙婁互涓?3,3,3600000.0,3600000.0,2,3,2400000.0,3600000.0,1,3,1200000.0,3600000.0
2026-07-25,01_棣栫瑪鏀炬,02_闈為娆℃巿淇?RG5,CL_05,Android,Tiktok,02_100%鍙婁互涓?2,2,700000.0,700000.0,0,2,0.0,700000.0,0,2,0.0,700000.0
2026-07-14,01_棣栫瑪鏀炬,01_棣栨鎺堜俊,RG2,CL_04,iOS,Organic,02_100%鍙婁互涓?2,2,2700000.0,2700000.0,0,2,0.0,2700000.0,0,2,0.0,2700000.0
2026-07-11,01_棣栫瑪鏀炬,01_棣栨鎺堜俊,RG3,CL_05,Android,Organic,02_100%鍙婁互涓?2,2,1400000.0,1400000.0,0,2,0.0,1400000.0,0,2,0.0,1400000.0
2026-08-14,01_棣栫瑪鏀炬,01_棣栨鎺堜俊,RG6,CL_05,Android,Tiktok,02_100%鍙婁互涓?1,1,300000.0,300000.0,0,1,0.0,300000.0,0,0,0.0,0.0
2026-08-05,01_棣栫瑪鏀炬,01_棣栨鎺堜俊,RG2,CL_07,iOS,Organic,02_100%鍙婁互涓?3,3,5000000.0,5000000.0,2,3,3500000.0,5000000.0,2,3,3500000.0,5000000.0
2026-07-14,01_棣栫瑪鏀炬,01_棣栨鎺堜俊,RG5,CL_04,Android,Organic,02_100%鍙婁互涓?2,2,600000.0,600000.0,1,2,300000.0,600000.0,1,2,300000.0,600000.0
2026-08-15,01_棣栫瑪鏀炬,01_棣栨鎺堜俊,RG2,CL_05,Android,Tiktok,02_100%鍙婁互涓?3,3,3200000.0,3200000.0,2,3,2200000.0,3200000.0,0,0,0.0,0.0
2026-07-19,01_棣栫瑪鏀炬,01_棣栨鎺堜俊,RG2,CL_05,Android,Facebook,02_100%鍙婁互涓?5,5,5200000.0,5200000.0,1,5,1200000.0,5200000.0,1,5,1200000.0,5200000.0
2026-07-27,01_棣栫瑪鏀炬,01_棣栨鎺堜俊,RG7,CL_04,Android,Organic,02_100%鍙婁互涓?1,1,300000.0,300000.0,0,1,0.0,300000.0,0,1,0.0,300000.0
2026-07-31,01_棣栫瑪鏀炬,02_闈為娆℃巿淇?RG6,CL_05,Android,Tiktok,02_100%鍙婁互涓?1,1,300000.0,300000.0,0,1,0.0,300000.0,0,1,0.0,300000.0
2026-08-16,01_棣栫瑪鏀炬,01_棣栨鎺堜俊,RG6,CL_05,Android,Google,02_100%鍙婁互涓?5,5,1500000.0,1500000.0,4,5,1200000.0,1500000.0,0,0,0.0,0.0
2026-08-16,01_棣栫瑪鏀炬,01_棣栨鎺堜俊,RG4,CL_05,Android,Organic,02_100%鍙婁互涓?2,2,1400000.0,1400000.0,2,2,1400000.0,1400000.0,0,0,0.0,0.0
2026-08-20,01_棣栫瑪鏀炬,01_棣栨鎺堜俊,RG3,CL_05,iOS,Facebook,02_100%鍙婁互涓?4,4,4000000.0,4000000.0,1,4,800000.0,4000000.0,0,0,0.0,0.0
2026-08-01,01_棣栫瑪鏀炬,01_棣栨鎺堜俊,RG2,CL_05,Android,Facebook,02_100%鍙婁互涓?5,5,5800000.0,5400000.0,2,5,2800000.0,5800000.0,2,5,2800000.0,5800000.0
2026-08-19,01_棣栫瑪鏀炬,01_棣栨鎺堜俊,RG4,CL_05,iOS,Organic,02_100%鍙婁互涓?5,5,3600000.0,3400000.0,1,5,600000.0,3600000.0,0,0,0.0,0.0
2026-07-23,01_棣栫瑪鏀炬,02_闈為娆℃巿淇?RG5,CL_05,Android,Organic,02_100%鍙婁互涓?2,2,700000.0,700000.0,0,2,0.0,700000.0,0,2,0.0,700000.0
2026-07-21,01_棣栫瑪鏀炬,01_棣栨鎺堜俊,RG2,CL_01,Android,Facebook,02_100%鍙婁互涓?10,10,1.56E7,1.5E7,2,10,3000000.0,1.56E7,0,10,0.0,1.56E7
2026-07-19,01_棣栫瑪鏀炬,01_棣栨鎺堜俊,RG3,CL_05,iOS,Facebook,01_100%浠ヤ笅,1,1,300000.0,1200000.0,0,1,0.0,300000.0,0,1,0.0,300000.0
2026-08-06,01_棣栫瑪鏀炬,01_棣栨鎺堜俊,RG5,CL_05,iOS,ASA,02_100%鍙婁互涓?3,3,1000000.0,1000000.0,2,3,700000.0,1000000.0,2,3,700000.0,1000000.0
2026-07-29,01_棣栫瑪鏀炬,02_闈為娆℃巿淇?RG4,CL_05,Android,Organic,02_100%鍙婁互涓?1,1,400000.0,400000.0,0,1,0.0,400000.0,0,1,0.0,400000.0
2026-08-04,01_棣栫瑪鏀炬,01_棣栨鎺堜俊,RG0,CL_01,iOS,Facebook,02_100%鍙婁互涓?1,1,4800000.0,4800000.0,0,1,0.0,4800000.0,0,1,0.0,4800000.0
2026-08-03,01_棣栫瑪鏀炬,01_棣栨鎺堜俊,RG4,CL_05,iOS,Facebook,02_100%鍙婁互涓?4,4,3200000.0,2600000.0,0,4,0.0,3200000.0,0,4,0.0,3200000.0
2026-08-06,01_棣栫瑪鏀炬,01_棣栨鎺堜俊,RG6,CL_05,Android,Facebook,02_100%鍙婁互涓?2,2,600000.0,600000.0,2,2,600000.0,600000.0,2,2,600000.0,600000.0
2026-08-19,01_棣栫瑪鏀炬,01_棣栨鎺堜俊,RG5,CL_05,iOS,Google,02_100%鍙婁互涓?2,2,700000.0,700000.0,2,2,700000.0,700000.0,0,0,0.0,0.0
2026-08-10,01_棣栫瑪鏀炬,01_棣栨鎺堜俊,RG6,CL_05,Android,Facebook,02_100%鍙婁互涓?1,1,300000.0,300000.0,1,1,300000.0,300000.0,1,1,300000.0,300000.0
2026-09-07,01_棣栫瑪鏀炬,01_棣栨鎺堜俊,RG4,CL_05,Android,Google,02_100%鍙婁互涓?10,10,5200000.0,5200000.0,0,0,0.0,0.0,0,0,0.0,0.0
2026-07-20,01_棣栫瑪鏀炬,01_棣栨鎺堜俊,RG7,CL_04,Android,Facebook,02_100%鍙婁互涓?1,1,300000.0,300000.0,1,1,300000.0,300000.0,1,1,300000.0,300000.0
2026-07-20,01_棣栫瑪鏀炬,01_棣栨鎺堜俊,RG3,CL_05,iOS,ASA,02_100%鍙婁互涓?2,2,2700000.0,2700000.0,2,2,2700000.0,2700000.0,1,2,1200000.0,2700000.0
2026-07-28,01_棣栫瑪鏀炬,02_闈為娆℃巿淇?RG6,CL_05,Android,Organic,02_100%鍙婁互涓?1,1,400000.0,400000.0,1,1,400000.0,400000.0,1,1,400000.0,400000.0
2026-07-13,01_棣栫瑪鏀炬,02_闈為娆℃巿淇?RG5,CL_05,Android,Facebook,02_100%鍙婁互涓?1,1,400000.0,400000.0,0,1,0.0,400000.0,0,1,0.0,400000.0
2026-07-31,01_棣栫瑪鏀炬,01_棣栨鎺堜俊,RG7,CL_05,Android,Organic,02_100%鍙婁互涓?1,1,300000.0,300000.0,1,1,300000.0,300000.0,1,1,300000.0,300000.0
2026-07-21,01_棣栫瑪鏀炬,01_棣栨鎺堜俊,RG6,CL_05,Android,Google,02_100%鍙婁互涓?4,4,1300000.0,1300000.0,3,4,1000000.0,1300000.0,3,4,1000000.0,1300000.0
2026-07-30,01_棣栫瑪鏀炬,01_棣栨鎺堜俊,RG7,CL_05,Android,Google,02_100%鍙婁互涓?5,5,1500000.0,1500000.0,1,5,300000.0,1500000.0,1,5,300000.0,1500000.0
2026-07-17,01_棣栫瑪鏀炬,01_棣栨鎺堜俊,RG4,CL_05,Android,Tiktok,01_100%浠ヤ笅,1,1,300000.0,600000.0,0,1,0.0,300000.0,0,1,0.0,300000.0
2026-08-23,01_棣栫瑪鏀炬,01_棣栨鎺堜俊,RG5,CL_05,iOS,Organic,02_100%鍙婁互涓?14,14,4800000.0,4800000.0,5,14,1700000.0,4800000.0,0,0,0.0,0.0
2026-07-11,01_棣栫瑪鏀炬,01_棣栨鎺堜俊,RG5,CL_05,Android,Facebook,02_100%鍙婁互涓?3,3,1100000.0,1100000.0,2,3,700000.0,1100000.0,1,3,400000.0,1100000.0
2026-08-15,01_棣栫瑪鏀炬,01_棣栨鎺堜俊,RG3,CL_05,Android,Facebook,02_100%鍙婁互涓?6,6,4000000.0,4000000.0,5,6,3400000.0,4000000.0,0,0,0.0,0.0
2026-08-25,01_棣栫瑪鏀炬,01_棣栨鎺堜俊,RG1,CL_01,iOS,Tiktok,02_100%鍙婁互涓?2,2,5800000.0,5800000.0,0,0,0.0,0.0,0,0,0.0,0.0
2026-07-16,01_棣栫瑪鏀炬,01_棣栨鎺堜俊,RG3,CL_04,iOS,Facebook,02_100%鍙婁互涓?1,1,1200000.0,1200000.0,1,1,1200000.0,1200000.0,1,1,1200000.0,1200000.0
2026-08-03,01_棣栫瑪鏀炬,02_闈為娆℃巿淇?RG6,CL_05,Android,Organic,02_100%鍙婁互涓?1,1,300000.0,300000.0,0,1,0.0,300000.0,0,1,0.0,300000.0
2026-08-26,01_棣栫瑪鏀炬,01_棣栨鎺堜俊,RG1,CL_01,iOS,ASA,02_100%鍙婁互涓?2,2,6200000.0,5000000.0,0,0,0.0,0.0,0,0,0.0,0.0
2026-07-19,01_棣栫瑪鏀炬,01_棣栨鎺堜俊,RG5,CL_03,iOS,Organic,02_100%鍙婁互涓?3,3,2200000.0,1200000.0,2,3,1700000.0,2200000.0,1,3,1000000.0,2200000.0
2026-08-18,01_棣栫瑪鏀炬,01_棣栨鎺堜俊,RG4,CL_05,Android,Tiktok,02_100%鍙婁互涓?10,10,4800000.0,4800000.0,6,10,2800000.0,4800000.0,0,0,0.0,0.0
2026-07-11,01_棣栫瑪鏀炬,02_闈為娆℃巿淇?RG5,CL_03,Android,Tiktok,02_100%鍙婁互涓?1,1,300000.0,300000.0,0,1,0.0,300000.0,0,1,0.0,300000.0
2026-08-18,01_棣栫瑪鏀炬,02_闈為娆℃巿淇?RG4,CL_05,Android,Facebook,01_100%浠ヤ笅,2,2,600000.0,1200000.0,1,2,300000.0,600000.0,0,0,0.0,0.0
2026-07-10,01_棣栫瑪鏀炬,01_棣栨鎺堜俊,RG5,CL_05,Android,Organic,02_100%鍙婁互涓?1,1,400000.0,400000.0,1,1,400000.0,400000.0,0,1,0.0,400000.0
2026-07-30,01_棣栫瑪鏀炬,01_棣栨鎺堜俊,RG6,CL_05,Android,Google,02_100%鍙婁互涓?2,2,600000.0,600000.0,1,2,300000.0,600000.0,1,2,300000.0,600000.0
2026-07-12,01_棣栫瑪鏀炬,02_闈為娆℃巿淇?RG4,CL_03,Android,Organic,02_100%鍙婁互涓?1,1,600000.0,600000.0,1,1,600000.0,600000.0,1,1,600000.0,600000.0
2026-08-12,01_棣栫瑪鏀炬,02_闈為娆℃巿淇?RG6,CL_05,Android,Tiktok,02_100%鍙婁互涓?1,1,300000.0,300000.0,1,1,300000.0,300000.0,0,1,0.0,300000.0
2026-08-21,01_棣栫瑪鏀炬,01_棣栨鎺堜俊,RG2,CL_05,iOS,Facebook,02_100%鍙婁互涓?1,1,2100000.0,1500000.0,1,1,2100000.0,2100000.0,0,0,0.0,0.0
2026-08-21,01_棣栫瑪鏀炬,01_棣栨鎺堜俊,RG3,CL_03,Android,Facebook,02_100%鍙婁互涓?1,1,300000.0,300000.0,0,1,0.0,300000.0,0,0,0.0,0.0
2026-08-17,01_棣栫瑪鏀炬,02_闈為娆℃巿淇?RG2,CL_05,iOS,Organic,02_100%鍙婁互涓?1,1,1200000.0,1200000.0,0,1,0.0,1200000.0,0,0,0.0,0.0
2026-08-09,01_棣栫瑪鏀炬,02_闈為娆℃巿淇?RG4,CL_05,Android,ASA,02_100%鍙婁互涓?1,1,1000000.0,600000.0,1,1,1000000.0,1000000.0,0,1,0.0,1000000.0
2026-08-17,01_棣栫瑪鏀炬,01_棣栨鎺堜俊,RG2,CL_05,Android,Organic,02_100%鍙婁互涓?4,4,5000000.0,4600000.0,2,4,2600000.0,5000000.0,0,0,0.0,0.0
2026-07-24,01_棣栫瑪鏀炬,01_棣栨鎺堜俊,RG5,CL_05,iOS,绌哄€?02_100%鍙婁互涓?1,1,300000.0,300000.0,0,1,0.0,300000.0,0,1,0.0,300000.0
2026-09-04,01_棣栫瑪鏀炬,01_棣栨鎺堜俊,RG5,CL_05,iOS,Facebook,02_100%鍙婁互涓?2,2,700000.0,700000.0,0,0,0.0,0.0,0,0,0.0,0.0
2026-07-16,01_棣栫瑪鏀炬,01_棣栨鎺堜俊,RG6,CL_03,Android,Tiktok,02_100%鍙婁互涓?1,1,300000.0,300000.0,1,1,300000.0,300000.0,1,1,300000.0,300000.0
2026-08-09,01_棣栫瑪鏀炬,02_闈為娆℃巿淇?RG5,CL_05,iOS,Organic,02_100%鍙婁互涓?8,8,2800000.0,2600000.0,5,8,1800000.0,2800000.0,4,8,1400000.0,2800000.0
2026-08-17,01_棣栫瑪鏀炬,01_棣栨鎺堜俊,RG3,CL_05,Android,Tiktok,01_100%浠ヤ笅,2,2,900000.0,1600000.0,0,2,0.0,900000.0,0,0,0.0,0.0
2026-07-17,01_棣栫瑪鏀炬,01_棣栨鎺堜俊,RG5,CL_05,iOS,Organic,02_100%鍙婁互涓?14,14,4800000.0,4800000.0,6,14,2000000.0,4800000.0,3,14,1000000.0,4800000.0
2026-07-17,01_棣栫瑪鏀炬,01_棣栨鎺堜俊,RG5,CL_04,iOS,Facebook,02_100%鍙婁互涓?1,1,400000.0,400000.0,1,1,400000.0,400000.0,0,1,0.0,400000.0
2026-08-23,01_棣栫瑪鏀炬,02_闈為娆℃巿淇?RG3,CL_05,Android,Google,02_100%鍙婁互涓?2,2,1400000.0,1400000.0,1,2,800000.0,1400000.0,0,0,0.0,0.0
2026-07-27,01_棣栫瑪鏀炬,01_棣栨鎺堜俊,RG4,CL_03,Android,Facebook,02_100%鍙婁互涓?1,1,400000.0,400000.0,1,1,400000.0,400000.0,1,1,400000.0,400000.0
2026-07-28,01_棣栫瑪鏀炬,01_棣栨鎺堜俊,RG4,CL_05,iOS,Facebook,02_100%鍙婁互涓?2,2,1600000.0,1600000.0,1,2,800000.0,1600000.0,1,2,800000.0,1600000.0
2026-08-13,01_棣栫瑪鏀炬,01_棣栨鎺堜俊,RG2,CL_07,Android,Google,02_100%鍙婁互涓?6,6,7200000.0,7200000.0,4,6,4800000.0,7200000.0,2,6,2400000.0,7200000.0
2026-07-17,01_棣栫瑪鏀炬,02_闈為娆℃巿淇?RG4,CL_05,Android,Facebook,02_100%鍙婁互涓?3,3,1400000.0,1400000.0,3,3,1400000.0,1400000.0,1,3,600000.0,1400000.0
2026-07-27,01_棣栫瑪鏀炬,02_闈為娆℃巿淇?RG4,CL_05,Android,Tiktok,02_100%鍙婁互涓?1,1,400000.0,400000.0,0,1,0.0,400000.0,0,1,0.0,400000.0
2026-08-03,01_棣栫瑪鏀炬,01_棣栨鎺堜俊,RG0,CL_01,iOS,Organic,02_100%鍙婁互涓?4,4,1.6E7,1.6E7,0,4,0.0,1.6E7,0,4,0.0,1.6E7
2026-08-08,01_棣栫瑪鏀炬,01_棣栨鎺堜俊,RG4,CL_05,iOS,Organic,02_100%鍙婁互涓?3,3,2600000.0,2400000.0,1,3,800000.0,2600000.0,1,3,800000.0,2600000.0
2026-07-14,01_棣栫瑪鏀炬,01_棣栨鎺堜俊,RG6,CL_05,Android,Facebook,02_100%鍙婁互涓?1,1,400000.0,400000.0,0,1,0.0,400000.0,0,1,0.0,400000.0
2026-07-20,01_棣栫瑪鏀炬,01_棣栨鎺堜俊,RG7,CL_05,Android,Organic,02_100%鍙婁互涓?2,2,600000.0,600000.0,1,2,300000.0,600000.0,1,2,300000.0,600000.0
2026-07-20,01_棣栫瑪鏀炬,01_棣栨鎺堜俊,RG2,CL_01,Android,Facebook,01_100%浠ヤ笅,1,1,1000000.0,1500000.0,0,1,0.0,1000000.0,0,1,0.0,1000000.0
2026-09-06,01_棣栫瑪鏀炬,01_棣栨鎺堜俊,RG3,CL_05,Android,Google,01_100%浠ヤ笅,1,1,400000.0,800000.0,0,0,0.0,0.0,0,0,0.0,0.0
2026-08-22,01_棣栫瑪鏀炬,01_棣栨鎺堜俊,RG2,CL_01,iOS,Tiktok,02_100%鍙婁互涓?1,1,2000000.0,2000000.0,0,1,0.0,2000000.0,0,0,0.0,0.0
2026-07-22,01_棣栫瑪鏀炬,02_闈為娆℃巿淇?RG6,CL_05,Android,Facebook,02_100%鍙婁互涓?2,2,600000.0,600000.0,2,2,600000.0,600000.0,1,2,300000.0,600000.0
2026-08-18,01_棣栫瑪鏀炬,01_棣栨鎺堜俊,RG5,CL_05,iOS,Google,02_100%鍙婁互涓?2,2,700000.0,700000.0,2,2,700000.0,700000.0,0,0,0.0,0.0
2026-07-20,01_棣栫瑪鏀炬,01_棣栨鎺堜俊,RG6,CL_05,Android,Organic,02_100%鍙婁互涓?6,6,1900000.0,1900000.0,5,6,1500000.0,1900000.0,4,6,1200000.0,1900000.0
2026-07-23,01_棣栫瑪鏀炬,01_棣栨鎺堜俊,RG6,CL_05,Android,Tiktok,02_100%鍙婁互涓?1,1,300000.0,300000.0,1,1,300000.0,300000.0,1,1,300000.0,300000.0
2026-07-21,01_棣栫瑪鏀炬,01_棣栨鎺堜俊,RG5,CL_05,iOS,ASA,02_100%鍙婁互涓?5,5,1800000.0,1800000.0,3,5,1000000.0,1800000.0,1,5,300000.0,1800000.0
2026-08-26,01_棣栫瑪鏀炬,02_闈為娆℃巿淇?RG5,CL_04,iOS,Organic,02_100%鍙婁互涓?1,1,500000.0,300000.0,0,0,0.0,0.0,0,0,0.0,0.0
2026-08-23,01_棣栫瑪鏀炬,01_棣栨鎺堜俊,RG3,CL_03,iOS,Organic,02_100%鍙婁互涓?1,1,600000.0,600000.0,0,1,0.0,600000.0,0,0,0.0,0.0
2026-07-22,01_棣栫瑪鏀炬,01_棣栨鎺堜俊,RG0,CL_06,iOS,Facebook,02_100%鍙婁互涓?1,1,6000000.0,6000000.0,0,1,0.0,6000000.0,0,1,0.0,6000000.0
2026-07-22,01_棣栫瑪鏀炬,01_棣栨鎺堜俊,RG5,CL_05,iOS,Facebook,02_100%鍙婁互涓?5,5,1900000.0,1900000.0,2,5,700000.0,1900000.0,2,5,700000.0,1900000.0
2026-08-15,01_棣栫瑪鏀炬,01_棣栨鎺堜俊,RG4,CL_05,Android,Facebook,02_100%鍙婁互涓?11,11,5400000.0,5400000.0,9,11,4600000.0,5400000.0,0,0,0.0,0.0
2026-08-14,01_棣栫瑪鏀炬,01_棣栨鎺堜俊,RG5,CL_05,iOS,Organic,02_100%鍙婁互涓?13,13,4700000.0,4500000.0,6,13,2200000.0,4700000.0,0,0,0.0,0.0
2026-08-05,01_棣栫瑪鏀炬,01_棣栨鎺堜俊,RG4,CL_05,Android,Facebook,02_100%鍙婁互涓?17,17,8400000.0,8400000.0,5,17,2200000.0,8400000.0,5,17,2200000.0,8400000.0
2026-08-23,01_棣栫瑪鏀炬,01_棣栨鎺堜俊,RG3,CL_05,iOS,Facebook,02_100%鍙婁互涓?2,2,2400000.0,2400000.0,1,2,1200000.0,2400000.0,0,0,0.0,0.0
2026-07-17,01_棣栫瑪鏀炬,01_棣栨鎺堜俊,RG2,CL_01,iOS,Organic,02_100%鍙婁互涓?2,2,4000000.0,4000000.0,0,2,0.0,4000000.0,0,2,0.0,4000000.0
2026-09-06,01_棣栫瑪鏀炬,01_棣栨鎺堜俊,RG1,CL_01,Android,Google,02_100%鍙婁互涓?3,3,5500000.0,5500000.0,0,0,0.0,0.0,0,0,0.0,0.0
2026-08-21,01_棣栫瑪鏀炬,01_棣栨鎺堜俊,RG4,CL_05,Android,Organic,02_100%鍙婁互涓?4,4,2100000.0,2100000.0,1,4,400000.0,2100000.0,0,0,0.0,0.0
2026-07-25,01_棣栫瑪鏀炬,01_棣栨鎺堜俊,RG3,CL_05,Android,Facebook,02_100%鍙婁互涓?9,9,6400000.0,6400000.0,5,9,3600000.0,6400000.0,4,9,3000000.0,6400000.0
2026-08-01,01_棣栫瑪鏀炬,02_闈為娆℃巿淇?RG6,CL_05,Android,Google,02_100%鍙婁互涓?3,3,900000.0,900000.0,3,3,900000.0,900000.0,3,3,900000.0,900000.0
2026-07-12,01_棣栫瑪鏀炬,01_棣栨鎺堜俊,RG2,CL_04,Android,Facebook,02_100%鍙婁互涓?3,3,3400000.0,3400000.0,1,3,1000000.0,3400000.0,0,3,0.0,3400000.0
2026-07-21,01_棣栫瑪鏀炬,02_闈為娆℃巿淇?RG3,CL_05,iOS,Organic,02_100%鍙婁互涓?1,1,1200000.0,1200000.0,0,1,0.0,1200000.0,0,1,0.0,1200000.0
2026-07-27,01_棣栫瑪鏀炬,01_棣栨鎺堜俊,RG4,CL_05,Android,Facebook,01_100%浠ヤ笅,1,1,300000.0,600000.0,0,1,0.0,300000.0,0,1,0.0,300000.0
2026-08-03,01_棣栫瑪鏀炬,01_棣栨鎺堜俊,RG5,CL_04,iOS,Facebook,02_100%鍙婁互涓?1,1,300000.0,300000.0,0,1,0.0,300000.0,0,1,0.0,300000.0
2026-08-04,01_棣栫瑪鏀炬,01_棣栨鎺堜俊,RG2,CL_07,Android,Facebook,02_100%鍙婁互涓?1,1,1200000.0,1200000.0,0,1,0.0,1200000.0,0,1,0.0,1200000.0
2026-07-11,01_棣栫瑪鏀炬,01_棣栨鎺堜俊,RG7,CL_05,Android,Facebook,02_100%鍙婁互涓?2,2,600000.0,600000.0,1,2,300000.0,600000.0,1,2,300000.0,600000.0
2026-07-25,01_棣栫瑪鏀炬,02_闈為娆℃巿淇?RG5,CL_05,iOS,Organic,02_100%鍙婁互涓?10,10,3700000.0,3500000.0,4,10,1500000.0,3700000.0,1,10,400000.0,3700000.0
2026-07-31,01_棣栫瑪鏀炬,01_棣栨鎺堜俊,RG2,CL_07,Android,Tiktok,02_100%鍙婁互涓?1,1,1200000.0,1200000.0,1,1,1200000.0,1200000.0,0,1,0.0,1200000.0
2026-08-03,01_棣栫瑪鏀炬,01_棣栨鎺堜俊,RG1,CL_01,Android,Tiktok,02_100%鍙婁互涓?1,1,1500000.0,1500000.0,0,1,0.0,1500000.0,0,1,0.0,1500000.0
2026-09-07,01_棣栫瑪鏀炬,01_棣栨鎺堜俊,RG3,CL_05,Android,Google,02_100%鍙婁互涓?12,12,8400000.0,8400000.0,0,0,0.0,0.0,0,0,0.0,0.0
2026-08-29,01_棣栫瑪鏀炬,01_棣栨鎺堜俊,RG1,CL_01,iOS,Facebook,02_100%鍙婁互涓?1,1,2500000.0,2500000.0,0,0,0.0,0.0,0,0,0.0,0.0
2026-08-01,01_棣栫瑪鏀炬,02_闈為娆℃巿淇?RG6,CL_05,Android,Facebook,02_100%鍙婁互涓?7,7,2100000.0,2100000.0,5,7,1500000.0,2100000.0,3,7,900000.0,2100000.0
2026-07-24,01_棣栫瑪鏀炬,01_棣栨鎺堜俊,RG5,CL_05,Android,Facebook,02_100%鍙婁互涓?15,15,5800000.0,5800000.0,12,15,4600000.0,5800000.0,11,15,4200000.0,5800000.0
2026-07-30,01_棣栫瑪鏀炬,01_棣栨鎺堜俊,RG3,CL_04,Android,Facebook,02_100%鍙婁互涓?1,1,700000.0,600000.0,1,1,700000.0,700000.0,1,1,700000.0,700000.0
2026-08-02,01_棣栫瑪鏀炬,02_闈為娆℃巿淇?RG5,CL_05,Android,Organic,02_100%鍙婁互涓?5,5,1800000.0,1800000.0,4,5,1400000.0,1800000.0,3,5,1000000.0,1800000.0
2026-07-22,01_棣栫瑪鏀炬,01_棣栨鎺堜俊,RG1,CL_01,iOS,Facebook,02_100%鍙婁互涓?3,3,8500000.0,8000000.0,1,3,3000000.0,8500000.0,1,3,3000000.0,8500000.0
2026-08-28,01_棣栫瑪鏀炬,01_棣栨鎺堜俊,RG3,CL_05,iOS,Tiktok,01_100%浠ヤ笅,1,1,900000.0,1200000.0,0,0,0.0,0.0,0,0,0.0,0.0
2026-07-10,01_棣栫瑪鏀炬,01_棣栨鎺堜俊,RG7,CL_05,Android,鍏朵粬,02_100%鍙婁互涓?1,1,300000.0,300000.0,0,1,0.0,300000.0,0,1,0.0,300000.0
2026-07-11,01_棣栫瑪鏀炬,02_闈為娆℃巿淇?RG6,CL_04,Android,Tiktok,02_100%鍙婁互涓?1,1,300000.0,300000.0,0,1,0.0,300000.0,0,1,0.0,300000.0
2026-08-29,01_棣栫瑪鏀炬,01_棣栨鎺堜俊,RG2,CL_07,Android,Facebook,02_100%鍙婁互涓?1,1,1200000.0,1200000.0,0,0,0.0,0.0,0,0,0.0,0.0
2026-08-13,01_棣栫瑪鏀炬,01_棣栨鎺堜俊,RG2,CL_05,Android,Facebook,02_100%鍙婁互涓?2,2,2400000.0,2200000.0,0,2,0.0,2400000.0,0,2,0.0,2400000.0
2026-08-13,01_棣栫瑪鏀炬,01_棣栨鎺堜俊,RG5,CL_05,iOS,Facebook,02_100%鍙婁互涓?4,4,1400000.0,1400000.0,2,4,700000.0,1400000.0,1,4,300000.0,1400000.0
2026-09-01,01_棣栫瑪鏀炬,01_棣栨鎺堜俊,RG5,CL_05,Android,Facebook,02_100%鍙婁互涓?1,1,300000.0,300000.0,0,0,0.0,0.0,0,0,0.0,0.0
2026-08-13,01_棣栫瑪鏀炬,01_棣栨鎺堜俊,RG3,CL_05,iOS,Organic,02_100%鍙婁互涓?5,5,5800000.0,5200000.0,2,5,2000000.0,5800000.0,1,5,800000.0,5800000.0
2026-08-06,01_棣栫瑪鏀炬,01_棣栨鎺堜俊,RG7,CL_05,Android,Facebook,02_100%鍙婁互涓?3,3,900000.0,900000.0,1,3,300000.0,900000.0,1,3,300000.0,900000.0
2026-07-30,01_棣栫瑪鏀炬,02_闈為娆℃巿淇?RG2,CL_07,Android,Google,02_100%鍙婁互涓?1,1,1200000.0,1200000.0,0,1,0.0,1200000.0,0,1,0.0,1200000.0
2026-07-14,01_棣栫瑪鏀炬,01_棣栨鎺堜俊,RG3,CL_05,Android,Organic,02_100%鍙婁互涓?3,3,2000000.0,2000000.0,2,3,1200000.0,2000000.0,2,3,1200000.0,2000000.0
2026-08-20,01_棣栫瑪鏀炬,01_棣栨鎺堜俊,RG4,CL_05,iOS,Organic,01_100%浠ヤ笅,1,1,500000.0,800000.0,1,1,500000.0,500000.0,0,0,0.0,0.0
2026-08-18,01_棣栫瑪鏀炬,02_闈為娆℃巿淇?RG5,CL_05,Android,Google,02_100%鍙婁互涓?2,2,700000.0,700000.0,1,2,400000.0,700000.0,0,0,0.0,0.0
2026-09-07,01_棣栫瑪鏀炬,01_棣栨鎺堜俊,RG4,CL_05,Android,Facebook,02_100%鍙婁互涓?8,8,3700000.0,3700000.0,0,0,0.0,0.0,0,0,0.0,0.0
2026-07-28,01_棣栫瑪鏀炬,02_闈為娆℃巿淇?RG4,CL_05,Android,Google,02_100%鍙婁互涓?3,3,1400000.0,1400000.0,1,3,600000.0,1400000.0,1,3,600000.0,1400000.0
2026-08-04,01_棣栫瑪鏀炬,01_棣栨鎺堜俊,RG3,CL_05,Android,Tiktok,02_100%鍙婁互涓?3,3,2100000.0,2000000.0,2,3,1400000.0,2100000.0,2,3,1400000.0,2100000.0
2026-07-16,01_棣栫瑪鏀炬,01_棣栨鎺堜俊,RG2,CL_05,Android,Facebook,02_100%鍙婁互涓?1,1,1200000.0,1200000.0,0,1,0.0,1200000.0,0,1,0.0,1200000.0
2026-08-17,01_棣栫瑪鏀炬,02_闈為娆℃巿淇?RG4,CL_05,Android,Facebook,02_100%鍙婁互涓?5,5,2200000.0,2200000.0,2,5,800000.0,2200000.0,0,0,0.0,0.0
2026-07-10,01_棣栫瑪鏀炬,01_棣栨鎺堜俊,RG4,CL_03,Android,Organic,02_100%鍙婁互涓?1,1,400000.0,400000.0,0,1,0.0,400000.0,0,1,0.0,400000.0
2026-07-15,01_棣栫瑪鏀炬,02_闈為娆℃巿淇?RG5,CL_04,iOS,Facebook,02_100%鍙婁互涓?1,1,300000.0,300000.0,0,1,0.0,300000.0,0,1,0.0,300000.0
2026-07-11,01_棣栫瑪鏀炬,01_棣栨鎺堜俊,RG4,CL_05,Android,Organic,02_100%鍙婁互涓?1,1,400000.0,400000.0,1,1,400000.0,400000.0,1,1,400000.0,400000.0
2026-07-15,01_棣栫瑪鏀炬,02_闈為娆℃巿淇?RG1,CL_01,iOS,Organic,02_100%鍙婁互涓?1,1,2500000.0,2500000.0,0,1,0.0,2500000.0,0,1,0.0,2500000.0
2026-07-29,01_棣栫瑪鏀炬,01_棣栨鎺堜俊,RG2,CL_01,iOS,Facebook,02_100%鍙婁互涓?2,2,4000000.0,4000000.0,1,2,2000000.0,4000000.0,1,2,2000000.0,4000000.0
2026-08-13,01_棣栫瑪鏀炬,01_棣栨鎺堜俊,RG2,CL_05,Android,Google,02_100%鍙婁互涓?2,2,2400000.0,2400000.0,0,2,0.0,2400000.0,0,2,0.0,2400000.0
2026-07-19,01_棣栫瑪鏀炬,01_棣栨鎺堜俊,RG5,CL_04,iOS,Organic,02_100%鍙婁互涓?3,3,1800000.0,1000000.0,1,3,700000.0,1800000.0,1,3,700000.0,1800000.0
2026-08-10,01_棣栫瑪鏀炬,01_棣栨鎺堜俊,RG5,CL_05,Android,Facebook,02_100%鍙婁互涓?17,17,5900000.0,5900000.0,8,17,2900000.0,5900000.0,7,17,2600000.0,5900000.0
2026-08-27,01_棣栫瑪鏀炬,01_棣栨鎺堜俊,RG3,CL_05,iOS,Tiktok,02_100%鍙婁互涓?2,2,2600000.0,2400000.0,0,0,0.0,0.0,0,0,0.0,0.0
2026-08-15,01_棣栫瑪鏀炬,02_闈為娆℃巿淇?RG7,CL_05,Android,Tiktok,02_100%鍙婁互涓?1,1,300000.0,300000.0,0,1,0.0,300000.0,0,0,0.0,0.0
2026-08-09,01_棣栫瑪鏀炬,01_棣栨鎺堜俊,RG4,CL_05,Android,Google,02_100%鍙婁互涓?22,22,1.14E7,1.14E7,10,22,5200000.0,1.14E7,6,22,3200000.0,1.14E7
2026-08-06,01_棣栫瑪鏀炬,02_闈為娆℃巿淇?RG5,CL_05,iOS,Google,02_100%鍙婁互涓?1,1,300000.0,300000.0,1,1,300000.0,300000.0,1,1,300000.0,300000.0
2026-08-07,01_棣栫瑪鏀炬,01_棣栨鎺堜俊,RG5,CL_05,Android,Tiktok,02_100%鍙婁互涓?5,5,1900000.0,1900000.0,3,5,1100000.0,1900000.0,1,5,400000.0,1900000.0
2026-07-11,01_棣栫瑪鏀炬,02_闈為娆℃巿淇?RG4,CL_05,iOS,Organic,02_100%鍙婁互涓?1,1,1200000.0,800000.0,1,1,1200000.0,1200000.0,0,1,0.0,1200000.0
2026-08-04,01_棣栫瑪鏀炬,02_闈為娆℃巿淇?RG4,CL_05,Android,Organic,02_100%鍙婁互涓?2,2,800000.0,800000.0,1,2,400000.0,800000.0,0,2,0.0,800000.0
2026-08-12,01_棣栫瑪鏀炬,02_闈為娆℃巿淇?RG0,CL_01,iOS,Organic,02_100%鍙婁互涓?1,1,4000000.0,4000000.0,0,1,0.0,4000000.0,0,1,0.0,4000000.0
2026-07-10,01_棣栫瑪鏀炬,02_闈為娆℃巿淇?RG5,CL_05,iOS,鍏朵粬,02_100%鍙婁互涓?1,1,300000.0,300000.0,1,1,300000.0,300000.0,0,1,0.0,300000.0
2026-08-26,01_棣栫瑪鏀炬,01_棣栨鎺堜俊,RG1,CL_01,Android,Facebook,02_100%鍙婁互涓?1,1,1500000.0,1500000.0,0,0,0.0,0.0,0,0,0.0,0.0
2026-07-12,01_棣栫瑪鏀炬,01_棣栨鎺堜俊,RG5,CL_03,iOS,Facebook,02_100%鍙婁互涓?3,3,1000000.0,1000000.0,3,3,1000000.0,1000000.0,3,3,1000000.0,1000000.0
2026-07-17,01_棣栫瑪鏀炬,02_闈為娆℃巿淇?RG3,CL_05,Android,Google,02_100%鍙婁互涓?1,1,600000.0,600000.0,0,1,0.0,600000.0,0,1,0.0,600000.0
2026-08-25,01_棣栫瑪鏀炬,01_棣栨鎺堜俊,RG5,CL_04,iOS,ASA,02_100%鍙婁互涓?1,1,400000.0,400000.0,0,0,0.0,0.0,0,0,0.0,0.0
2026-07-13,01_棣栫瑪鏀炬,01_棣栨鎺堜俊,RG5,CL_04,iOS,Organic,02_100%鍙婁互涓?11,11,3900000.0,3600000.0,5,11,1700000.0,3900000.0,4,11,1300000.0,3900000.0
2026-07-30,01_棣栫瑪鏀炬,01_棣栨鎺堜俊,RG5,CL_05,iOS,ASA,02_100%鍙婁互涓?1,1,400000.0,400000.0,1,1,400000.0,400000.0,0,0,0.0,0.0
2026-07-16,01_棣栫瑪鏀炬,01_棣栨鎺堜俊,RG4,CL_05,Android,Tiktok,02_100%鍙婁互涓?1,1,400000.0,400000.0,1,1,400000.0,400000.0,1,1,400000.0,400000.0
2026-07-24,01_棣栫瑪鏀炬,01_棣栨鎺堜俊,RG6,CL_05,Android,Google,02_100%鍙婁互涓?9,9,2900000.0,2900000.0,5,9,1600000.0,2900000.0,5,9,1600000.0,2900000.0
2026-08-31,01_棣栫瑪鏀炬,01_棣栨鎺堜俊,RG1,CL_01,iOS,Tiktok,02_100%鍙婁互涓?1,1,2500000.0,2500000.0,0,0,0.0,0.0,0,0,0.0,0.0
2026-08-14,01_棣栫瑪鏀炬,01_棣栨鎺堜俊,RG0,CL_06,iOS,Organic,02_100%鍙婁互涓?2,2,1.32E7,1.32E7,0,2,0.0,1.32E7,0,0,0.0,0.0
2026-08-05,01_棣栫瑪鏀炬,01_棣栨鎺堜俊,RG1,CL_01,Android,Organic,02_100%鍙婁互涓?1,1,1500000.0,1500000.0,0,1,0.0,1500000.0,0,1,0.0,1500000.0
2026-07-15,01_棣栫瑪鏀炬,01_棣栨鎺堜俊,RG7,CL_05,Android,Organic,02_100%鍙婁互涓?1,1,300000.0,300000.0,1,1,300000.0,300000.0,1,1,300000.0,300000.0
2026-08-06,01_棣栫瑪鏀炬,01_棣栨鎺堜俊,RG4,CL_05,Android,Facebook,01_100%浠ヤ笅,1,1,300000.0,600000.0,0,1,0.0,300000.0,0,1,0.0,300000.0
2026-07-11,01_棣栫瑪鏀炬,01_棣栨鎺堜俊,RG3,CL_03,iOS,ASA,02_100%鍙婁互涓?2,2,2400000.0,2000000.0,0,2,0.0,2400000.0,0,2,0.0,2400000.0
2026-09-01,01_棣栫瑪鏀炬,01_棣栨鎺堜俊,RG1,CL_01,Android,Facebook,02_100%鍙婁互涓?6,6,1.15E7,9000000.0,0,0,0.0,0.0,0,0,0.0,0.0
2026-07-12,01_棣栫瑪鏀炬,01_棣栨鎺堜俊,RG7,CL_05,Android,Tiktok,02_100%鍙婁互涓?1,1,300000.0,300000.0,1,1,300000.0,300000.0,0,1,0.0,300000.0
2026-07-25,01_棣栫瑪鏀炬,01_棣栨鎺堜俊,RG2,CL_07,Android,Tiktok,02_100%鍙婁互涓?1,1,1200000.0,1200000.0,0,1,0.0,1200000.0,0,1,0.0,1200000.0
2026-08-11,01_棣栫瑪鏀炬,02_闈為娆℃巿淇?RG5,CL_05,iOS,Google,02_100%鍙婁互涓?1,1,300000.0,300000.0,1,1,300000.0,300000.0,1,1,300000.0,300000.0
2026-07-15,01_棣栫瑪鏀炬,01_棣栨鎺堜俊,RG3,CL_04,Android,Organic,02_100%鍙婁互涓?3,3,2200000.0,2200000.0,3,3,2200000.0,2200000.0,2,3,1400000.0,2200000.0
2026-07-13,01_棣栫瑪鏀炬,01_棣栨鎺堜俊,RG4,CL_05,Android,Tiktok,02_100%鍙婁互涓?1,1,400000.0,400000.0,1,1,400000.0,400000.0,1,1,400000.0,400000.0
2026-07-21,01_棣栫瑪鏀炬,01_棣栨鎺堜俊,RG5,CL_05,Android,Facebook,02_100%鍙婁互涓?11,11,4200000.0,4200000.0,7,11,2600000.0,4200000.0,7,11,2600000.0,4200000.0
2026-08-18,01_棣栫瑪鏀炬,01_棣栨鎺堜俊,RG3,CL_05,Android,Tiktok,02_100%鍙婁互涓?4,4,3000000.0,3000000.0,2,4,1400000.0,3000000.0,0,0,0.0,0.0
2026-07-18,01_棣栫瑪鏀炬,01_棣栨鎺堜俊,RG3,CL_05,iOS,Facebook,02_100%鍙婁互涓?4,4,3600000.0,3600000.0,4,4,3600000.0,3600000.0,2,4,1600000.0,3600000.0
2026-07-18,01_棣栫瑪鏀炬,02_闈為娆℃巿淇?RG7,CL_05,Android,Organic,02_100%鍙婁互涓?4,4,1200000.0,1200000.0,2,4,600000.0,1200000.0,2,4,600000.0,1200000.0
2026-07-14,01_棣栫瑪鏀炬,02_闈為娆℃巿淇?RG3,CL_05,iOS,Organic,02_100%鍙婁互涓?2,2,1800000.0,1600000.0,1,2,1000000.0,1800000.0,1,2,1000000.0,1800000.0
2026-08-20,01_棣栫瑪鏀炬,01_棣栨鎺堜俊,RG2,CL_07,Android,Google,01_100%浠ヤ笅,1,1,1100000.0,1200000.0,0,1,0.0,1100000.0,0,0,0.0,0.0
2026-07-16,01_棣栫瑪鏀炬,02_闈為娆℃巿淇?RG7,CL_05,Android,Facebook,02_100%鍙婁互涓?2,2,600000.0,600000.0,1,2,300000.0,600000.0,1,2,300000.0,600000.0
2026-08-01,01_棣栫瑪鏀炬,02_闈為娆℃巿淇?RG1,CL_01,Android,Facebook,02_100%鍙婁互涓?1,1,1500000.0,1500000.0,0,1,0.0,1500000.0,0,1,0.0,1500000.0
2026-07-22,01_棣栫瑪鏀炬,02_闈為娆℃巿淇?RG7,CL_05,Android,Facebook,02_100%鍙婁互涓?2,2,600000.0,600000.0,0,2,0.0,600000.0,0,2,0.0,600000.0
2026-08-24,01_棣栫瑪鏀炬,01_棣栨鎺堜俊,RG5,CL_05,iOS,Facebook,02_100%鍙婁互涓?3,3,1000000.0,1000000.0,0,0,0.0,0.0,0,0,0.0,0.0
2026-08-30,01_棣栫瑪鏀炬,02_闈為娆℃巿淇?RG4,CL_05,Android,Facebook,02_100%鍙婁互涓?1,1,300000.0,300000.0,0,0,0.0,0.0,0,0,0.0,0.0
2026-08-18,01_棣栫瑪鏀炬,02_闈為娆℃巿淇?RG1,CL_01,Android,Facebook,02_100%鍙婁互涓?1,1,1500000.0,1500000.0,1,1,1500000.0,1500000.0,0,0,0.0,0.0
2026-09-02,01_棣栫瑪鏀炬,01_棣栨鎺堜俊,RG1,CL_01,Android,Tiktok,02_100%鍙婁互涓?3,3,5000000.0,4500000.0,0,0,0.0,0.0,0,0,0.0,0.0
2026-08-01,01_棣栫瑪鏀炬,01_棣栨鎺堜俊,RG2,CL_07,Android,Google,02_100%鍙婁互涓?2,2,2400000.0,2400000.0,1,2,1200000.0,2400000.0,1,2,1200000.0,2400000.0
2026-08-18,01_棣栫瑪鏀炬,02_闈為娆℃巿淇?RG5,CL_05,Android,Facebook,02_100%鍙婁互涓?3,3,1000000.0,1000000.0,2,3,700000.0,1000000.0,0,0,0.0,0.0
2026-07-29,01_棣栫瑪鏀炬,02_闈為娆℃巿淇?RG7,CL_05,Android,Google,02_100%鍙婁互涓?1,1,300000.0,300000.0,0,1,0.0,300000.0,0,1,0.0,300000.0
2026-07-16,01_棣栫瑪鏀炬,01_棣栨鎺堜俊,RG3,CL_05,Android,Tiktok,02_100%鍙婁互涓?1,1,600000.0,600000.0,1,1,600000.0,600000.0,1,1,600000.0,600000.0
2026-07-24,01_棣栫瑪鏀炬,02_闈為娆℃巿淇?RG5,CL_05,iOS,Facebook,02_100%鍙婁互涓?6,6,2400000.0,2400000.0,5,6,2000000.0,2400000.0,3,6,1200000.0,2400000.0
2026-07-25,01_棣栫瑪鏀炬,01_棣栨鎺堜俊,RG5,CL_03,Android,Facebook,02_100%鍙婁互涓?1,1,400000.0,400000.0,0,1,0.0,400000.0,0,1,0.0,400000.0
2026-07-15,01_棣栫瑪鏀炬,01_棣栨鎺堜俊,RG6,CL_03,Android,Facebook,02_100%鍙婁互涓?3,3,900000.0,900000.0,1,3,300000.0,900000.0,1,3,300000.0,900000.0
2026-07-29,01_棣栫瑪鏀炬,01_棣栨鎺堜俊,RG3,CL_05,iOS,Organic,02_100%鍙婁互涓?5,5,4400000.0,4400000.0,3,5,2800000.0,4400000.0,3,5,2800000.0,4400000.0
2026-07-22,01_棣栫瑪鏀炬,01_棣栨鎺堜俊,RG5,CL_04,iOS,Organic,02_100%鍙婁互涓?1,1,700000.0,300000.0,1,1,700000.0,700000.0,1,1,700000.0,700000.0
2026-08-08,01_棣栫瑪鏀炬,01_棣栨鎺堜俊,RG1,CL_01,iOS,Facebook,02_100%鍙婁互涓?1,1,2500000.0,2500000.0,1,1,2500000.0,2500000.0,1,1,2500000.0,2500000.0
2026-07-31,01_棣栫瑪鏀炬,01_棣栨鎺堜俊,RG4,CL_05,Android,Facebook,02_100%鍙婁互涓?9,9,4400000.0,4400000.0,6,9,2800000.0,4400000.0,5,9,2400000.0,4400000.0
2026-09-04,01_棣栫瑪鏀炬,01_棣栨鎺堜俊,RG2,CL_07,iOS,ASA,02_100%鍙婁互涓?1,1,1500000.0,1500000.0,0,0,0.0,0.0,0,0,0.0,0.0
2026-07-14,01_棣栫瑪鏀炬,01_棣栨鎺堜俊,RG5,CL_03,Android,Organic,02_100%鍙婁互涓?1,1,400000.0,400000.0,0,1,0.0,400000.0,0,1,0.0,400000.0
2026-08-26,01_棣栫瑪鏀炬,01_棣栨鎺堜俊,RG3,CL_05,Android,Organic,02_100%鍙婁互涓?4,4,3400000.0,3400000.0,0,0,0.0,0.0,0,0,0.0,0.0
2026-08-16,01_棣栫瑪鏀炬,01_棣栨鎺堜俊,RG5,CL_05,Android,Google,02_100%鍙婁互涓?12,12,4300000.0,4300000.0,5,12,1600000.0,4300000.0,0,0,0.0,0.0
2026-08-05,01_棣栫瑪鏀炬,01_棣栨鎺堜俊,RG3,CL_04,Android,Organic,02_100%鍙婁互涓?1,1,900000.0,800000.0,0,1,0.0,900000.0,0,1,0.0,900000.0
2026-07-29,01_棣栫瑪鏀炬,02_闈為娆℃巿淇?RG5,CL_05,iOS,ASA,02_100%鍙婁互涓?1,1,300000.0,300000.0,1,1,300000.0,300000.0,1,1,300000.0,300000.0
2026-07-21,01_棣栫瑪鏀炬,01_棣栨鎺堜俊,RG6,CL_05,Android,Organic,01_100%浠ヤ笅,1,1,300000.0,400000.0,0,1,0.0,300000.0,0,1,0.0,300000.0
2026-08-24,01_棣栫瑪鏀炬,02_闈為娆℃巿淇?RG1,CL_01,Android,Google,02_100%鍙婁互涓?1,1,1500000.0,1500000.0,0,0,0.0,0.0,0,0,0.0,0.0
2026-08-27,01_棣栫瑪鏀炬,01_棣栨鎺堜俊,RG4,CL_05,iOS,Tiktok,02_100%鍙婁互涓?1,1,600000.0,600000.0,0,0,0.0,0.0,0,0,0.0,0.0
2026-09-03,01_棣栫瑪鏀炬,01_棣栨鎺堜俊,RG2,CL_05,Android,Facebook,02_100%鍙婁互涓?4,4,5200000.0,4400000.0,0,0,0.0,0.0,0,0,0.0,0.0
2026-08-31,01_棣栫瑪鏀炬,01_棣栨鎺堜俊,RG3,CL_05,iOS,绌哄€?02_100%鍙婁互涓?1,1,800000.0,800000.0,0,0,0.0,0.0,0,0,0.0,0.0
2026-08-05,01_棣栫瑪鏀炬,01_棣栨鎺堜俊,RG3,CL_05,Android,Facebook,02_100%鍙婁互涓?11,11,8000000.0,7800000.0,6,11,4200000.0,8000000.0,5,11,3400000.0,8000000.0
2026-08-19,01_棣栫瑪鏀炬,01_棣栨鎺堜俊,RG2,CL_07,Android,Google,02_100%鍙婁互涓?5,5,6600000.0,6000000.0,1,5,1200000.0,6600000.0,0,0,0.0,0.0
2026-07-21,01_棣栫瑪鏀炬,01_棣栨鎺堜俊,RG2,CL_03,iOS,Organic,02_100%鍙婁互涓?2,2,3100000.0,2500000.0,1,2,1000000.0,3100000.0,1,2,1000000.0,3100000.0
2026-07-20,01_棣栫瑪鏀炬,01_棣栨鎺堜俊,RG5,CL_05,Android,Facebook,01_100%浠ヤ笅,1,1,300000.0,400000.0,1,1,300000.0,300000.0,1,1,300000.0,300000.0
2026-08-04,01_棣栫瑪鏀炬,02_闈為娆℃巿淇?RG5,CL_05,iOS,ASA,02_100%鍙婁互涓?1,1,700000.0,300000.0,1,1,700000.0,700000.0,0,1,0.0,700000.0
2026-09-03,01_棣栫瑪鏀炬,01_棣栨鎺堜俊,RG3,CL_05,iOS,Organic,02_100%鍙婁互涓?6,6,7400000.0,6800000.0,0,0,0.0,0.0,0,0,0.0,0.0
2026-07-24,01_棣栫瑪鏀炬,01_棣栨鎺堜俊,RG3,CL_05,Android,Facebook,01_100%浠ヤ笅,1,1,600000.0,800000.0,1,1,600000.0,600000.0,1,1,600000.0,600000.0
2026-09-03,01_棣栫瑪鏀炬,02_闈為娆℃巿淇?RG5,CL_05,Android,Facebook,02_100%鍙婁互涓?1,1,400000.0,400000.0,0,0,0.0,0.0,0,0,0.0,0.0
2026-07-24,01_棣栫瑪鏀炬,01_棣栨鎺堜俊,RG2,CL_03,iOS,Organic,02_100%鍙婁互涓?1,1,1800000.0,1500000.0,1,1,1800000.0,1800000.0,1,1,1800000.0,1800000.0
2026-08-29,01_棣栫瑪鏀炬,02_闈為娆℃巿淇?RG4,CL_05,Android,Organic,02_100%鍙婁互涓?2,2,1100000.0,1100000.0,0,0,0.0,0.0,0,0,0.0,0.0
2026-07-24,01_棣栫瑪鏀炬,01_棣栨鎺堜俊,RG5,CL_05,iOS,ASA,02_100%鍙婁互涓?1,1,400000.0,400000.0,0,1,0.0,400000.0,0,1,0.0,400000.0
2026-07-13,01_棣栫瑪鏀炬,01_棣栨鎺堜俊,RG5,CL_04,iOS,鍏朵粬,02_100%鍙婁互涓?1,1,300000.0,300000.0,0,1,0.0,300000.0,0,1,0.0,300000.0
2026-08-21,01_棣栫瑪鏀炬,01_棣栨鎺堜俊,RG5,CL_05,Android,Google,02_100%鍙婁互涓?5,5,1800000.0,1800000.0,3,5,1100000.0,1800000.0,0,0,0.0,0.0
2026-08-06,01_棣栫瑪鏀炬,01_棣栨鎺堜俊,RG5,CL_05,Android,Google,02_100%鍙婁互涓?27,27,1.0E7,1.0E7,16,27,5800000.0,1.0E7,12,27,4400000.0,1.0E7
2026-07-13,01_棣栫瑪鏀炬,01_棣栨鎺堜俊,RG3,CL_03,iOS,Facebook,02_100%鍙婁互涓?1,1,1200000.0,800000.0,0,1,0.0,1200000.0,0,1,0.0,1200000.0
2026-07-26,01_棣栫瑪鏀炬,01_棣栨鎺堜俊,RG4,CL_05,Android,Facebook,02_100%鍙婁互涓?12,12,6000000.0,6000000.0,9,12,4600000.0,6000000.0,4,12,2000000.0,6000000.0
2026-07-25,01_棣栫瑪鏀炬,01_棣栨鎺堜俊,RG5,CL_05,Android,Facebook,01_100%浠ヤ笅,1,1,300000.0,400000.0,0,1,0.0,300000.0,0,1,0.0,300000.0
2026-08-11,01_棣栫瑪鏀炬,01_棣栨鎺堜俊,RG3,CL_05,iOS,Tiktok,02_100%鍙婁互涓?2,2,2000000.0,1600000.0,1,2,1200000.0,2000000.0,1,2,1200000.0,2000000.0
2026-08-12,01_棣栫瑪鏀炬,01_棣栨鎺堜俊,RG2,CL_05,iOS,Organic,02_100%鍙婁互涓?1,1,1500000.0,1500000.0,0,1,0.0,1500000.0,0,1,0.0,1500000.0
2026-07-21,01_棣栫瑪鏀炬,01_棣栨鎺堜俊,RG3,CL_05,Android,Organic,02_100%鍙婁互涓?3,3,2400000.0,2200000.0,1,3,600000.0,2400000.0,0,3,0.0,2400000.0
2026-07-13,01_棣栫瑪鏀炬,01_棣栨鎺堜俊,RG2,CL_04,Android,Organic,02_100%鍙婁互涓?1,1,1200000.0,1200000.0,0,1,0.0,1200000.0,0,1,0.0,1200000.0
2026-08-06,01_棣栫瑪鏀炬,02_闈為娆℃巿淇?RG5,CL_05,Android,Google,02_100%鍙婁互涓?4,4,1400000.0,1400000.0,2,4,600000.0,1400000.0,2,4,600000.0,1400000.0
2026-07-24,01_棣栫瑪鏀炬,01_棣栨鎺堜俊,RG5,CL_05,iOS,Facebook,02_100%鍙婁互涓?7,7,2300000.0,2300000.0,2,7,800000.0,2300000.0,1,7,400000.0,2300000.0
2026-08-25,01_棣栫瑪鏀炬,01_棣栨鎺堜俊,RG2,CL_07,iOS,Tiktok,02_100%鍙婁互涓?2,2,3400000.0,3000000.0,0,0,0.0,0.0,0,0,0.0,0.0
2026-07-30,01_棣栫瑪鏀炬,02_闈為娆℃巿淇?RG7,CL_05,Android,Google,02_100%鍙婁互涓?1,1,300000.0,300000.0,1,1,300000.0,300000.0,1,1,300000.0,300000.0
2026-08-06,01_棣栫瑪鏀炬,02_闈為娆℃巿淇?RG4,CL_05,Android,Organic,02_100%鍙婁互涓?1,1,600000.0,600000.0,0,1,0.0,600000.0,0,1,0.0,600000.0
2026-08-26,01_棣栫瑪鏀炬,01_棣栨鎺堜俊,RG4,CL_05,iOS,Organic,02_100%鍙婁互涓?4,4,3200000.0,3000000.0,0,0,0.0,0.0,0,0,0.0,0.0
2026-08-11,01_棣栫瑪鏀炬,01_棣栨鎺堜俊,RG4,CL_05,iOS,Organic,02_100%鍙婁互涓?9,9,7000000.0,6400000.0,5,9,3600000.0,7000000.0,5,9,3600000.0,7000000.0
2026-07-26,01_棣栫瑪鏀炬,02_闈為娆℃巿淇?RG4,CL_05,Android,Google,02_100%鍙婁互涓?1,1,600000.0,600000.0,0,1,0.0,600000.0,0,1,0.0,600000.0
2026-07-25,01_棣栫瑪鏀炬,01_棣栨鎺堜俊,RG4,CL_05,iOS,Organic,01_100%浠ヤ笅,1,1,700000.0,800000.0,1,1,700000.0,700000.0,1,1,700000.0,700000.0
2026-07-21,01_棣栫瑪鏀炬,01_棣栨鎺堜俊,RG4,CL_05,iOS,Organic,02_100%鍙婁互涓?12,12,8600000.0,8200000.0,8,12,5800000.0,8600000.0,6,12,4200000.0,8600000.0
2026-07-16,01_棣栫瑪鏀炬,01_棣栨鎺堜俊,RG6,CL_05,Android,Facebook,02_100%鍙婁互涓?3,3,900000.0,900000.0,2,3,600000.0,900000.0,2,3,600000.0,900000.0
2026-07-14,01_棣栫瑪鏀炬,01_棣栨鎺堜俊,RG5,CL_03,iOS,Organic,02_100%鍙婁互涓?10,10,4200000.0,3600000.0,4,10,1400000.0,4200000.0,3,10,1100000.0,4200000.0
2026-07-21,01_棣栫瑪鏀炬,02_闈為娆℃巿淇?RG6,CL_05,Android,Facebook,02_100%鍙婁互涓?1,1,400000.0,400000.0,1,1,400000.0,400000.0,0,1,0.0,400000.0
2026-07-12,01_棣栫瑪鏀炬,01_棣栨鎺堜俊,RG5,CL_03,Android,Facebook,02_100%鍙婁互涓?3,3,1100000.0,1100000.0,1,3,400000.0,1100000.0,1,3,400000.0,1100000.0
2026-08-25,01_棣栫瑪鏀炬,02_闈為娆℃巿淇?RG4,CL_05,Android,Facebook,02_100%鍙婁互涓?4,4,1700000.0,1700000.0,0,0,0.0,0.0,0,0,0.0,0.0
2026-08-04,01_棣栫瑪鏀炬,01_棣栨鎺堜俊,RG4,CL_05,Android,Organic,02_100%鍙婁互涓?4,4,1800000.0,1800000.0,0,4,0.0,1800000.0,0,4,0.0,1800000.0
2026-08-11,01_棣栫瑪鏀炬,01_棣栨鎺堜俊,RG2,CL_05,Android,Facebook,02_100%鍙婁互涓?2,2,2200000.0,2200000.0,1,2,1200000.0,2200000.0,1,2,1200000.0,2200000.0
2026-09-02,01_棣栫瑪鏀炬,01_棣栨鎺堜俊,RG5,CL_05,iOS,Tiktok,02_100%鍙婁互涓?2,2,600000.0,600000.0,0,0,0.0,0.0,0,0,0.0,0.0
2026-08-15,01_棣栫瑪鏀炬,01_棣栨鎺堜俊,RG2,CL_07,Android,Organic,02_100%鍙婁互涓?2,2,2700000.0,2400000.0,1,2,1200000.0,2700000.0,0,0,0.0,0.0
2026-08-10,01_棣栫瑪鏀炬,02_闈為娆℃巿淇?RG6,CL_05,Android,Facebook,02_100%鍙婁互涓?1,1,300000.0,300000.0,0,1,0.0,300000.0,0,1,0.0,300000.0
2026-07-27,01_棣栫瑪鏀炬,01_棣栨鎺堜俊,RG4,CL_05,iOS,Organic,02_100%鍙婁互涓?9,9,7000000.0,6800000.0,4,9,3200000.0,7000000.0,2,9,1600000.0,7000000.0
2026-08-26,01_棣栫瑪鏀炬,01_棣栨鎺堜俊,RG3,CL_05,iOS,Organic,02_100%鍙婁互涓?10,10,1.14E7,1.04E7,0,0,0.0,0.0,0,0,0.0,0.0
2026-08-10,01_棣栫瑪鏀炬,01_棣栨鎺堜俊,RG5,CL_05,iOS,Facebook,02_100%鍙婁互涓?9,9,3500000.0,3500000.0,6,9,2400000.0,3500000.0,5,9,2000000.0,3500000.0
2026-08-15,01_棣栫瑪鏀炬,01_棣栨鎺堜俊,RG0,CL_01,iOS,Organic,02_100%鍙婁互涓?1,1,4000000.0,4000000.0,0,1,0.0,4000000.0,0,0,0.0,0.0
2026-08-31,01_棣栫瑪鏀炬,01_棣栨鎺堜俊,RG1,CL_01,Android,Tiktok,02_100%鍙婁互涓?3,3,5000000.0,4500000.0,0,0,0.0,0.0,0,0,0.0,0.0
2026-07-12,01_棣栫瑪鏀炬,01_棣栨鎺堜俊,RG5,CL_04,iOS,ASA,02_100%鍙婁互涓?1,1,400000.0,400000.0,1,1,400000.0,400000.0,1,1,400000.0,400000.0
2026-07-29,01_棣栫瑪鏀炬,02_闈為娆℃巿淇?RG5,CL_05,iOS,Facebook,02_100%鍙婁互涓?3,3,900000.0,900000.0,0,3,0.0,900000.0,0,3,0.0,900000.0
2026-08-02,01_棣栫瑪鏀炬,01_棣栨鎺堜俊,RG2,CL_07,Android,Tiktok,02_100%鍙婁互涓?2,2,2400000.0,2400000.0,1,2,1200000.0,2400000.0,0,2,0.0,2400000.0
2026-08-10,01_棣栫瑪鏀炬,02_闈為娆℃巿淇?RG6,CL_03,Android,Organic,02_100%鍙婁互涓?1,1,300000.0,300000.0,1,1,300000.0,300000.0,0,1,0.0,300000.0
2026-07-13,01_棣栫瑪鏀炬,01_棣栨鎺堜俊,RG4,CL_03,iOS,ASA,02_100%鍙婁互涓?1,1,800000.0,800000.0,1,1,800000.0,800000.0,1,1,800000.0,800000.0
2026-07-20,01_棣栫瑪鏀炬,01_棣栨鎺堜俊,RG1,CL_01,iOS,Organic,02_100%鍙婁互涓?1,1,2500000.0,2500000.0,1,1,2500000.0,2500000.0,1,1,2500000.0,2500000.0
2026-09-03,01_棣栫瑪鏀炬,01_棣栨鎺堜俊,RG3,CL_05,Android,Organic,02_100%鍙婁互涓?6,6,4300000.0,4000000.0,0,0,0.0,0.0,0,0,0.0,0.0
2026-08-11,01_棣栫瑪鏀炬,01_棣栨鎺堜俊,RG5,CL_03,iOS,Organic,02_100%鍙婁互涓?1,1,600000.0,400000.0,1,1,600000.0,600000.0,1,1,600000.0,600000.0
2026-07-29,01_棣栫瑪鏀炬,01_棣栨鎺堜俊,RG6,CL_05,Android,Google,02_100%鍙婁互涓?2,2,600000.0,600000.0,2,2,600000.0,600000.0,1,2,300000.0,600000.0
2026-08-30,01_棣栫瑪鏀炬,02_闈為娆℃巿淇?RG5,CL_05,iOS,Organic,02_100%鍙婁互涓?6,6,2400000.0,2000000.0,0,0,0.0,0.0,0,0,0.0,0.0
2026-09-01,01_棣栫瑪鏀炬,01_棣栨鎺堜俊,RG3,CL_05,iOS,Organic,02_100%鍙婁互涓?6,6,6600000.0,6000000.0,0,0,0.0,0.0,0,0,0.0,0.0
2026-08-01,01_棣栫瑪鏀炬,01_棣栨鎺堜俊,RG4,CL_05,Android,Google,01_100%浠ヤ笅,3,3,900000.0,1800000.0,1,3,300000.0,900000.0,1,3,300000.0,900000.0
2026-08-25,01_棣栫瑪鏀炬,02_闈為娆℃巿淇?RG3,CL_05,Android,Organic,01_100%浠ヤ笅,1,1,500000.0,800000.0,0,0,0.0,0.0,0,0,0.0,0.0
2026-08-24,01_棣栫瑪鏀炬,01_棣栨鎺堜俊,RG1,CL_01,Android,Google,02_100%鍙婁互涓?2,2,4000000.0,3000000.0,0,0,0.0,0.0,0,0,0.0,0.0
2026-07-16,01_棣栫瑪鏀炬,02_闈為娆℃巿淇?RG4,CL_05,Android,Tiktok,02_100%鍙婁互涓?1,1,400000.0,400000.0,0,1,0.0,400000.0,0,1,0.0,400000.0
2026-08-05,01_棣栫瑪鏀炬,01_棣栨鎺堜俊,RG2,CL_07,iOS,Tiktok,02_100%鍙婁互涓?3,3,5000000.0,5000000.0,1,3,1500000.0,5000000.0,1,3,1500000.0,5000000.0
2026-07-26,01_棣栫瑪鏀炬,01_棣栨鎺堜俊,RG4,CL_05,iOS,Facebook,02_100%鍙婁互涓?2,2,1600000.0,1600000.0,1,2,800000.0,1600000.0,0,2,0.0,1600000.0
2026-09-07,01_棣栫瑪鏀炬,01_棣栨鎺堜俊,RG0,CL_01,iOS,Organic,02_100%鍙婁互涓?2,2,1.08E7,8800000.0,0,0,0.0,0.0,0,0,0.0,0.0
2026-08-02,01_棣栫瑪鏀炬,01_棣栨鎺堜俊,RG6,CL_03,Android,Facebook,02_100%鍙婁互涓?1,1,300000.0,300000.0,0,1,0.0,300000.0,0,1,0.0,300000.0
2026-08-22,01_棣栫瑪鏀炬,02_闈為娆℃巿淇?RG2,CL_05,Android,Tiktok,02_100%鍙婁互涓?1,1,1200000.0,1200000.0,1,1,1200000.0,1200000.0,0,0,0.0,0.0
2026-08-10,01_棣栫瑪鏀炬,01_棣栨鎺堜俊,RG2,CL_07,Android,Facebook,02_100%鍙婁互涓?6,6,7200000.0,7200000.0,4,6,4800000.0,7200000.0,2,6,2400000.0,7200000.0
2026-08-01,01_棣栫瑪鏀炬,01_棣栨鎺堜俊,RG4,CL_05,Android,Organic,02_100%鍙婁互涓?3,3,1600000.0,1600000.0,3,3,1600000.0,1600000.0,2,3,1000000.0,1600000.0
2026-08-01,01_棣栫瑪鏀炬,01_棣栨鎺堜俊,RG3,CL_05,Android,Facebook,01_100%浠ヤ笅,2,2,1000000.0,1600000.0,0,2,0.0,1000000.0,0,2,0.0,1000000.0
2026-07-25,01_棣栫瑪鏀炬,02_闈為娆℃巿淇?RG4,CL_05,Android,Google,02_100%鍙婁互涓?1,1,600000.0,600000.0,1,1,600000.0,600000.0,1,1,600000.0,600000.0
2026-08-11,01_棣栫瑪鏀炬,01_棣栨鎺堜俊,RG2,CL_05,Android,Google,02_100%鍙婁互涓?7,7,8000000.0,7600000.0,1,7,1000000.0,8000000.0,1,7,1000000.0,8000000.0
2026-07-10,01_棣栫瑪鏀炬,02_闈為娆℃巿淇?RG5,CL_04,Android,Google,02_100%鍙婁互涓?1,1,300000.0,300000.0,1,1,300000.0,300000.0,0,1,0.0,300000.0
2026-07-30,01_棣栫瑪鏀炬,02_闈為娆℃巿淇?RG3,CL_04,Android,Facebook,02_100%鍙婁互涓?1,1,800000.0,600000.0,0,1,0.0,800000.0,0,1,0.0,800000.0
2026-08-25,01_棣栫瑪鏀炬,01_棣栨鎺堜俊,RG3,CL_05,iOS,Facebook,02_100%鍙婁互涓?4,4,4800000.0,4400000.0,0,0,0.0,0.0,0,0,0.0,0.0
2026-07-30,01_棣栫瑪鏀炬,01_棣栨鎺堜俊,RG4,CL_05,iOS,Organic,02_100%鍙婁互涓?5,5,3400000.0,3400000.0,2,5,1400000.0,3400000.0,1,5,800000.0,3400000.0
2026-07-30,01_棣栫瑪鏀炬,02_闈為娆℃巿淇?RG6,CL_05,Android,Facebook,02_100%鍙婁互涓?3,3,900000.0,900000.0,1,3,300000.0,900000.0,1,3,300000.0,900000.0
2026-08-25,01_棣栫瑪鏀炬,02_闈為娆℃巿淇?RG3,CL_05,Android,Facebook,02_100%鍙婁互涓?1,1,800000.0,800000.0,0,0,0.0,0.0,0,0,0.0,0.0
2026-07-13,01_棣栫瑪鏀炬,01_棣栨鎺堜俊,RG2,CL_03,iOS,Organic,02_100%鍙婁互涓?2,2,3000000.0,2700000.0,1,2,1800000.0,3000000.0,1,2,1800000.0,3000000.0
2026-07-29,01_棣栫瑪鏀炬,01_棣栨鎺堜俊,RG4,CL_05,Android,Google,01_100%浠ヤ笅,1,1,300000.0,600000.0,0,1,0.0,300000.0,0,1,0.0,300000.0
2026-07-10,01_棣栫瑪鏀炬,01_棣栨鎺堜俊,RG3,CL_04,iOS,Organic,02_100%鍙婁互涓?1,1,800000.0,800000.0,1,1,800000.0,800000.0,1,1,800000.0,800000.0
2026-08-26,01_棣栫瑪鏀炬,01_棣栨鎺堜俊,RG2,CL_05,Android,Facebook,02_100%鍙婁互涓?1,1,1000000.0,1000000.0,0,0,0.0,0.0,0,0,0.0,0.0
2026-07-14,01_棣栫瑪鏀炬,01_棣栨鎺堜俊,RG4,CL_05,iOS,Organic,02_100%鍙婁互涓?4,4,2800000.0,2800000.0,1,4,800000.0,2800000.0,1,4,800000.0,2800000.0
2026-08-06,01_棣栫瑪鏀炬,01_棣栨鎺堜俊,RG1,CL_01,iOS,Facebook,02_100%鍙婁互涓?2,2,5800000.0,5800000.0,0,2,0.0,5800000.0,0,2,0.0,5800000.0
2026-08-28,01_棣栫瑪鏀炬,02_闈為娆℃巿淇?RG3,CL_05,Android,Facebook,02_100%鍙婁互涓?1,1,800000.0,800000.0,0,0,0.0,0.0,0,0,0.0,0.0
2026-07-17,01_棣栫瑪鏀炬,01_棣栨鎺堜俊,RG7,CL_05,Android,Organic,02_100%鍙婁互涓?5,5,1500000.0,1500000.0,4,5,1200000.0,1500000.0,3,5,900000.0,1500000.0
2026-08-18,01_棣栫瑪鏀炬,01_棣栨鎺堜俊,RG4,CL_05,iOS,Tiktok,02_100%鍙婁互涓?3,3,2400000.0,2200000.0,0,3,0.0,2400000.0,0,0,0.0,0.0
2026-08-25,01_棣栫瑪鏀炬,01_棣栨鎺堜俊,RG1,CL_01,iOS,Organic,02_100%鍙婁互涓?1,1,2500000.0,2500000.0,0,0,0.0,0.0,0,0,0.0,0.0
2026-07-31,01_棣栫瑪鏀炬,02_闈為娆℃巿淇?RG4,CL_05,Android,Organic,01_100%浠ヤ笅,1,1,300000.0,600000.0,1,1,300000.0,300000.0,1,1,300000.0,300000.0
2026-07-29,01_棣栫瑪鏀炬,01_棣栨鎺堜俊,RG3,CL_05,Android,Google,01_100%浠ヤ笅,1,1,500000.0,800000.0,0,1,0.0,500000.0,0,1,0.0,500000.0
2026-08-12,01_棣栫瑪鏀炬,01_棣栨鎺堜俊,RG3,CL_03,iOS,Organic,02_100%鍙婁互涓?1,1,1000000.0,600000.0,0,1,0.0,1000000.0,0,1,0.0,1000000.0
2026-07-26,01_棣栫瑪鏀炬,01_棣栨鎺堜俊,RG5,CL_05,iOS,Organic,02_100%鍙婁互涓?18,18,6500000.0,6100000.0,7,18,2600000.0,6500000.0,6,18,1900000.0,6500000.0
2026-07-14,01_棣栫瑪鏀炬,01_棣栨鎺堜俊,RG6,CL_04,Android,Tiktok,02_100%鍙婁互涓?1,1,300000.0,300000.0,0,1,0.0,300000.0,0,1,0.0,300000.0
2026-08-18,01_棣栫瑪鏀炬,01_棣栨鎺堜俊,RG6,CL_05,Android,Facebook,02_100%鍙婁互涓?1,1,300000.0,300000.0,1,1,300000.0,300000.0,0,0,0.0,0.0
2026-08-25,01_棣栫瑪鏀炬,01_棣栨鎺堜俊,RG2,CL_01,iOS,Organic,02_100%鍙婁互涓?1,1,2000000.0,2000000.0,0,0,0.0,0.0,0,0,0.0,0.0
2026-07-21,01_棣栫瑪鏀炬,01_棣栨鎺堜俊,RG4,CL_05,Android,Tiktok,02_100%鍙婁互涓?6,6,3200000.0,3200000.0,1,6,400000.0,3200000.0,1,6,400000.0,3200000.0
2026-07-29,01_棣栫瑪鏀炬,01_棣栨鎺堜俊,RG3,CL_03,Android,Facebook,02_100%鍙婁互涓?4,4,2300000.0,2100000.0,2,4,1100000.0,2300000.0,1,4,800000.0,2300000.0
2026-07-13,01_棣栫瑪鏀炬,01_棣栨鎺堜俊,RG6,CL_03,Android,Organic,02_100%鍙婁互涓?1,1,400000.0,400000.0,0,1,0.0,400000.0,0,1,0.0,400000.0
2026-07-11,01_棣栫瑪鏀炬,01_棣栨鎺堜俊,RG2,CL_05,Android,Facebook,02_100%鍙婁互涓?1,1,1000000.0,1000000.0,1,1,1000000.0,1000000.0,0,1,0.0,1000000.0
2026-08-12,01_棣栫瑪鏀炬,01_棣栨鎺堜俊,RG5,CL_03,iOS,Facebook,02_100%鍙婁互涓?1,1,500000.0,300000.0,1,1,500000.0,500000.0,0,1,0.0,500000.0
2026-07-13,01_棣栫瑪鏀炬,01_棣栨鎺堜俊,RG6,CL_05,Android,Facebook,02_100%鍙婁互涓?3,3,1000000.0,1000000.0,3,3,1000000.0,1000000.0,3,3,1000000.0,1000000.0
2026-08-05,01_棣栫瑪鏀炬,02_闈為娆℃巿淇?RG4,CL_05,Android,Organic,01_100%浠ヤ笅,1,1,300000.0,600000.0,1,1,300000.0,300000.0,1,1,300000.0,300000.0
2026-07-15,01_棣栫瑪鏀炬,02_闈為娆℃巿淇?RG5,CL_04,Android,Facebook,02_100%鍙婁互涓?1,1,400000.0,400000.0,0,1,0.0,400000.0,0,1,0.0,400000.0
2026-08-26,01_棣栫瑪鏀炬,01_棣栨鎺堜俊,RG1,CL_01,iOS,Organic,01_100%浠ヤ笅,1,1,2000000.0,3000000.0,0,0,0.0,0.0,0,0,0.0,0.0
2026-08-20,01_棣栫瑪鏀炬,01_棣栨鎺堜俊,RG2,CL_05,iOS,Organic,02_100%鍙婁互涓?1,1,1500000.0,1500000.0,1,1,1500000.0,1500000.0,0,0,0.0,0.0
2026-07-10,01_棣栫瑪鏀炬,02_闈為娆℃巿淇?RG5,CL_04,Android,Facebook,02_100%鍙婁互涓?3,3,1100000.0,1100000.0,1,3,400000.0,1100000.0,0,3,0.0,1100000.0
2026-07-30,01_棣栫瑪鏀炬,02_闈為娆℃巿淇?RG4,CL_05,Android,Organic,02_100%鍙婁互涓?2,2,800000.0,800000.0,1,2,400000.0,800000.0,1,2,400000.0,800000.0
2026-07-10,01_棣栫瑪鏀炬,01_棣栨鎺堜俊,RG3,CL_05,Android,Tiktok,01_100%浠ヤ笅,1,1,500000.0,600000.0,0,1,0.0,500000.0,0,1,0.0,500000.0
2026-08-14,01_棣栫瑪鏀炬,01_棣栨鎺堜俊,RG4,CL_05,Android,Google,02_100%鍙婁互涓?17,17,8400000.0,8400000.0,9,17,4400000.0,8400000.0,0,0,0.0,0.0
2026-08-01,01_棣栫瑪鏀炬,02_闈為娆℃巿淇?RG3,CL_05,Android,Tiktok,02_100%鍙婁互涓?1,1,600000.0,600000.0,0,1,0.0,600000.0,0,1,0.0,600000.0
2026-09-02,01_棣栫瑪鏀炬,01_棣栨鎺堜俊,RG3,CL_05,Android,Google,02_100%鍙婁互涓?12,12,9000000.0,8800000.0,0,0,0.0,0.0,0,0,0.0,0.0
2026-07-12,01_棣栫瑪鏀炬,01_棣栨鎺堜俊,RG7,CL_03,Android,Facebook,02_100%鍙婁互涓?3,3,900000.0,900000.0,2,3,600000.0,900000.0,2,3,600000.0,900000.0
2026-08-18,01_棣栫瑪鏀炬,02_闈為娆℃巿淇?RG2,CL_05,Android,Facebook,02_100%鍙婁互涓?1,1,1000000.0,1000000.0,0,1,0.0,1000000.0,0,0,0.0,0.0
2026-08-28,01_棣栫瑪鏀炬,01_棣栨鎺堜俊,RG2,CL_01,iOS,Organic,02_100%鍙婁互涓?1,1,2000000.0,2000000.0,0,0,0.0,0.0,0,0,0.0,0.0
2026-08-05,01_棣栫瑪鏀炬,01_棣栨鎺堜俊,RG2,CL_07,Android,Organic,02_100%鍙婁互涓?2,2,2400000.0,2400000.0,1,2,1200000.0,2400000.0,1,2,1200000.0,2400000.0
2026-07-19,01_棣栫瑪鏀炬,02_闈為娆℃巿淇?RG2,CL_05,Android,Google,02_100%鍙婁互涓?1,1,1200000.0,1200000.0,0,1,0.0,1200000.0,0,1,0.0,1200000.0
2026-07-23,01_棣栫瑪鏀炬,01_棣栨鎺堜俊,RG2,CL_01,Android,Organic,02_100%鍙婁互涓?2,2,3000000.0,3000000.0,1,2,1500000.0,3000000.0,1,2,1500000.0,3000000.0
2026-07-13,01_棣栫瑪鏀炬,01_棣栨鎺堜俊,RG3,CL_05,Android,Facebook,01_100%浠ヤ笅,1,1,700000.0,800000.0,1,1,700000.0,700000.0,1,1,700000.0,700000.0
2026-08-13,01_棣栫瑪鏀炬,01_棣栨鎺堜俊,RG5,CL_05,Android,Facebook,02_100%鍙婁互涓?11,11,4200000.0,4200000.0,5,11,1800000.0,4200000.0,5,11,1800000.0,4200000.0
2026-07-28,01_棣栫瑪鏀炬,01_棣栨鎺堜俊,RG4,CL_05,Android,Google,02_100%鍙婁互涓?18,18,8400000.0,8400000.0,10,18,4400000.0,8400000.0,8,18,3600000.0,8400000.0
2026-08-05,01_棣栫瑪鏀炬,01_棣栨鎺堜俊,RG5,CL_05,Android,Tiktok,02_100%鍙婁互涓?8,8,2900000.0,2900000.0,5,8,1800000.0,2900000.0,4,7,1400000.0,2500000.0
2026-07-13,01_棣栫瑪鏀炬,02_闈為娆℃巿淇?RG5,CL_04,iOS,Organic,02_100%鍙婁互涓?5,5,2200000.0,1800000.0,3,5,1200000.0,2200000.0,3,5,1200000.0,2200000.0
2026-08-25,01_棣栫瑪鏀炬,01_棣栨鎺堜俊,RG1,CL_01,Android,Tiktok,02_100%鍙婁互涓?1,1,1500000.0,1500000.0,0,0,0.0,0.0,0,0,0.0,0.0
2026-08-09,01_棣栫瑪鏀炬,01_棣栨鎺堜俊,RG1,CL_01,iOS,Organic,02_100%鍙婁互涓?4,4,1.13E7,1.13E7,1,4,3300000.0,1.13E7,0,4,0.0,1.13E7
2026-07-11,01_棣栫瑪鏀炬,02_闈為娆℃巿淇?RG4,CL_04,iOS,ASA,02_100%鍙婁互涓?1,1,800000.0,800000.0,0,1,0.0,800000.0,0,1,0.0,800000.0
2026-07-25,01_棣栫瑪鏀炬,02_闈為娆℃巿淇?RG3,CL_05,Android,Google,02_100%鍙婁互涓?1,1,600000.0,600000.0,0,1,0.0,600000.0,0,1,0.0,600000.0
2026-08-19,01_棣栫瑪鏀炬,01_棣栨鎺堜俊,RG2,CL_05,iOS,Facebook,02_100%鍙婁互涓?1,1,1200000.0,1200000.0,0,1,0.0,1200000.0,0,0,0.0,0.0
2026-07-11,01_棣栫瑪鏀炬,02_闈為娆℃巿淇?RG5,CL_03,Android,Organic,02_100%鍙婁互涓?1,1,300000.0,300000.0,1,1,300000.0,300000.0,1,1,300000.0,300000.0
2026-07-23,01_棣栫瑪鏀炬,02_闈為娆℃巿淇?RG5,CL_05,iOS,Organic,02_100%鍙婁互涓?4,4,1700000.0,1500000.0,3,4,1400000.0,1700000.0,2,4,800000.0,1700000.0
2026-08-22,01_棣栫瑪鏀炬,02_闈為娆℃巿淇?RG3,CL_05,Android,Facebook,02_100%鍙婁互涓?3,3,2200000.0,2200000.0,2,3,1600000.0,2200000.0,0,0,0.0,0.0
2026-09-03,01_棣栫瑪鏀炬,01_棣栨鎺堜俊,RG1,CL_01,Android,Google,02_100%鍙婁互涓?6,6,9000000.0,9000000.0,0,0,0.0,0.0,0,0,0.0,0.0
2026-08-13,01_棣栫瑪鏀炬,01_棣栨鎺堜俊,RG4,CL_05,iOS,Tiktok,02_100%鍙婁互涓?3,3,2800000.0,2400000.0,2,3,1800000.0,2800000.0,2,3,1800000.0,2800000.0
2026-07-13,01_棣栫瑪鏀炬,02_闈為娆℃巿淇?RG4,CL_05,iOS,Organic,02_100%鍙婁互涓?1,1,800000.0,800000.0,0,1,0.0,800000.0,0,1,0.0,800000.0
2026-08-02,01_棣栫瑪鏀炬,01_棣栨鎺堜俊,RG4,CL_05,Android,Google,02_100%鍙婁互涓?19,19,8800000.0,8800000.0,13,19,6000000.0,8800000.0,11,18,4800000.0,8200000.0
2026-07-31,01_棣栫瑪鏀炬,01_棣栨鎺堜俊,RG4,CL_05,iOS,Facebook,02_100%鍙婁互涓?2,2,1400000.0,1400000.0,1,2,800000.0,1400000.0,1,2,800000.0,1400000.0
2026-09-03,01_棣栫瑪鏀炬,02_闈為娆℃巿淇?RG3,CL_05,Android,Tiktok,02_100%鍙婁互涓?1,1,600000.0,600000.0,0,0,0.0,0.0,0,0,0.0,0.0
2026-08-20,01_棣栫瑪鏀炬,01_棣栨鎺堜俊,RG1,CL_01,iOS,Tiktok,02_100%鍙婁互涓?2,2,6200000.0,5000000.0,1,2,3700000.0,6200000.0,0,0,0.0,0.0
2026-08-06,01_棣栫瑪鏀炬,01_棣栨鎺堜俊,RG3,CL_05,iOS,Organic,02_100%鍙婁互涓?11,11,1.24E7,1.2E7,5,11,6400000.0,1.24E7,3,11,4000000.0,1.24E7
2026-08-15,01_棣栫瑪鏀炬,01_棣栨鎺堜俊,RG5,CL_05,iOS,Organic,02_100%鍙婁互涓?20,20,6700000.0,6700000.0,9,19,2900000.0,6400000.0,0,0,0.0,0.0
2026-08-31,01_棣栫瑪鏀炬,01_棣栨鎺堜俊,RG2,CL_07,Android,Organic,02_100%鍙婁互涓?1,1,1200000.0,1200000.0,0,0,0.0,0.0,0,0,0.0,0.0
2026-07-26,01_棣栫瑪鏀炬,01_棣栨鎺堜俊,RG4,CL_04,iOS,Organic,02_100%鍙婁互涓?1,1,1000000.0,800000.0,0,1,0.0,1000000.0,0,1,0.0,1000000.0
2026-08-05,01_棣栫瑪鏀炬,01_棣栨鎺堜俊,RG7,CL_05,Android,Tiktok,02_100%鍙婁互涓?1,1,300000.0,300000.0,1,1,300000.0,300000.0,1,1,300000.0,300000.0
2026-08-26,01_棣栫瑪鏀炬,02_闈為娆℃巿淇?RG3,CL_05,Android,Facebook,01_100%浠ヤ笅,1,1,500000.0,800000.0,0,0,0.0,0.0,0,0,0.0,0.0
2026-07-22,01_棣栫瑪鏀炬,01_棣栨鎺堜俊,RG5,CL_05,Android,Facebook,02_100%鍙婁互涓?15,15,6000000.0,5400000.0,12,15,4900000.0,6000000.0,10,15,4100000.0,6000000.0
2026-08-14,01_棣栫瑪鏀炬,01_棣栨鎺堜俊,RG2,CL_07,Android,Tiktok,02_100%鍙婁互涓?4,4,4800000.0,4800000.0,2,4,2400000.0,4800000.0,0,0,0.0,0.0
2026-08-07,01_棣栫瑪鏀炬,01_棣栨鎺堜俊,RG7,CL_05,Android,Organic,02_100%鍙婁互涓?2,2,600000.0,600000.0,2,2,600000.0,600000.0,2,2,600000.0,600000.0
2026-08-02,01_棣栫瑪鏀炬,01_棣栨鎺堜俊,RG7,CL_03,Android,Facebook,02_100%鍙婁互涓?2,2,600000.0,600000.0,0,2,0.0,600000.0,0,2,0.0,600000.0
2026-08-23,01_棣栫瑪鏀炬,01_棣栨鎺堜俊,RG4,CL_05,Android,Google,02_100%鍙婁互涓?16,16,6700000.0,6700000.0,12,16,5100000.0,6700000.0,0,0,0.0,0.0
2026-08-16,01_棣栫瑪鏀炬,01_棣栨鎺堜俊,RG2,CL_07,Android,Organic,01_100%浠ヤ笅,1,1,1000000.0,1200000.0,0,1,0.0,1000000.0,0,0,0.0,0.0
2026-09-02,01_棣栫瑪鏀炬,01_棣栨鎺堜俊,RG1,CL_01,Android,Facebook,01_100%浠ヤ笅,1,1,1000000.0,1500000.0,0,0,0.0,0.0,0,0,0.0,0.0
2026-08-23,01_棣栫瑪鏀炬,01_棣栨鎺堜俊,RG3,CL_05,Android,Google,02_100%鍙婁互涓?10,10,7000000.0,7000000.0,6,10,4200000.0,7000000.0,0,0,0.0,0.0
2026-08-08,01_棣栫瑪鏀炬,01_棣栨鎺堜俊,RG5,CL_05,Android,Google,02_100%鍙婁互涓?19,19,6400000.0,6400000.0,13,19,4300000.0,6400000.0,9,19,3000000.0,6400000.0
2026-07-11,01_棣栫瑪鏀炬,01_棣栨鎺堜俊,RG5,CL_03,Android,Tiktok,02_100%鍙婁互涓?1,1,400000.0,400000.0,0,1,0.0,400000.0,0,1,0.0,400000.0
2026-08-04,01_棣栫瑪鏀炬,02_闈為娆℃巿淇?RG5,CL_05,iOS,Facebook,02_100%鍙婁互涓?1,1,300000.0,300000.0,0,1,0.0,300000.0,0,1,0.0,300000.0
2026-08-26,01_棣栫瑪鏀炬,01_棣栨鎺堜俊,RG2,CL_07,Android,Google,02_100%鍙婁互涓?1,1,1200000.0,1200000.0,0,0,0.0,0.0,0,0,0.0,0.0
2026-08-29,01_棣栫瑪鏀炬,01_棣栨鎺堜俊,RG2,CL_07,iOS,Facebook,02_100%鍙婁互涓?1,1,2300000.0,1500000.0,0,0,0.0,0.0,0,0,0.0,0.0
2026-07-20,01_棣栫瑪鏀炬,01_棣栨鎺堜俊,RG0,CL_06,iOS,Organic,02_100%鍙婁互涓?1,1,8000000.0,6000000.0,0,1,0.0,8000000.0,0,1,0.0,8000000.0
2026-08-08,01_棣栫瑪鏀炬,01_棣栨鎺堜俊,RG6,CL_05,Android,Google,02_100%鍙婁互涓?2,2,600000.0,600000.0,2,2,600000.0,600000.0,2,2,600000.0,600000.0
2026-08-04,01_棣栫瑪鏀炬,01_棣栨鎺堜俊,RG3,CL_05,iOS,Tiktok,02_100%鍙婁互涓?1,1,1200000.0,1200000.0,0,1,0.0,1200000.0,0,1,0.0,1200000.0
2026-08-12,01_棣栫瑪鏀炬,01_棣栨鎺堜俊,RG3,CL_05,iOS,Facebook,02_100%鍙婁互涓?5,5,5000000.0,4400000.0,1,5,800000.0,5000000.0,0,5,0.0,5000000.0
2026-08-10,01_棣栫瑪鏀炬,01_棣栨鎺堜俊,RG5,CL_04,iOS,Organic,02_100%鍙婁互涓?1,1,400000.0,400000.0,0,1,0.0,400000.0,0,1,0.0,400000.0
2026-07-21,01_棣栫瑪鏀炬,02_闈為娆℃巿淇?RG4,CL_05,Android,Organic,02_100%鍙婁互涓?4,4,2000000.0,2000000.0,2,4,1000000.0,2000000.0,2,4,1000000.0,2000000.0
2026-08-02,01_棣栫瑪鏀炬,01_棣栨鎺堜俊,RG0,CL_06,iOS,Tiktok,02_100%鍙婁互涓?1,1,6000000.0,6000000.0,0,1,0.0,6000000.0,0,1,0.0,6000000.0
2026-08-03,01_棣栫瑪鏀炬,02_闈為娆℃巿淇?RG5,CL_05,Android,Tiktok,02_100%鍙婁互涓?1,1,400000.0,400000.0,1,1,400000.0,400000.0,0,1,0.0,400000.0
2026-08-09,01_棣栫瑪鏀炬,01_棣栨鎺堜俊,RG2,CL_07,Android,Facebook,01_100%浠ヤ笅,1,1,800000.0,1200000.0,0,1,0.0,800000.0,0,1,0.0,800000.0
2026-08-31,01_棣栫瑪鏀炬,02_闈為娆℃巿淇?RG4,CL_05,Android,Facebook,02_100%鍙婁互涓?3,3,1300000.0,1300000.0,0,0,0.0,0.0,0,0,0.0,0.0
2026-07-10,01_棣栫瑪鏀炬,01_棣栨鎺堜俊,RG4,CL_04,iOS,Organic,02_100%鍙婁互涓?2,2,1600000.0,1600000.0,2,2,1600000.0,1600000.0,2,2,1600000.0,1600000.0
2026-07-14,01_棣栫瑪鏀炬,02_闈為娆℃巿淇?RG5,CL_05,Android,Facebook,02_100%鍙婁互涓?3,3,1000000.0,1000000.0,1,3,300000.0,1000000.0,1,3,300000.0,1000000.0
2026-07-10,01_棣栫瑪鏀炬,02_闈為娆℃巿淇?RG2,CL_01,Android,Organic,02_100%鍙婁互涓?1,1,2100000.0,1500000.0,0,1,0.0,2100000.0,0,1,0.0,2100000.0
2026-08-26,01_棣栫瑪鏀炬,02_闈為娆℃巿淇?RG3,CL_05,Android,Organic,02_100%鍙婁互涓?1,1,800000.0,800000.0,0,0,0.0,0.0,0,0,0.0,0.0
2026-08-08,01_棣栫瑪鏀炬,02_闈為娆℃巿淇?RG2,CL_07,Android,Facebook,02_100%鍙婁互涓?1,1,1200000.0,1200000.0,1,1,1200000.0,1200000.0,0,1,0.0,1200000.0
2026-07-16,01_棣栫瑪鏀炬,01_棣栨鎺堜俊,RG2,CL_01,Android,Facebook,02_100%鍙婁互涓?12,12,1.8E7,1.8E7,4,12,6000000.0,1.8E7,3,12,4500000.0,1.8E7
2026-08-12,01_棣栫瑪鏀炬,01_棣栨鎺堜俊,RG2,CL_05,Android,Facebook,01_100%浠ヤ笅,1,1,300000.0,1000000.0,0,1,0.0,300000.0,0,1,0.0,300000.0
2026-07-11,01_棣栫瑪鏀炬,01_棣栨鎺堜俊,RG3,CL_05,Android,Tiktok,02_100%鍙婁互涓?2,2,1400000.0,1400000.0,2,2,1400000.0,1400000.0,1,2,600000.0,1400000.0
2026-08-04,01_棣栫瑪鏀炬,01_棣栨鎺堜俊,RG2,CL_07,iOS,Facebook,02_100%鍙婁互涓?2,2,3700000.0,3300000.0,0,2,0.0,3700000.0,0,2,0.0,3700000.0
2026-07-24,01_棣栫瑪鏀炬,01_棣栨鎺堜俊,RG2,CL_07,iOS,ASA,02_100%鍙婁互涓?2,2,3300000.0,3300000.0,0,2,0.0,3300000.0,0,2,0.0,3300000.0
2026-07-23,01_棣栫瑪鏀炬,01_棣栨鎺堜俊,RG3,CL_05,Android,Google,02_100%鍙婁互涓?12,12,9000000.0,9000000.0,7,12,5200000.0,9000000.0,7,12,5200000.0,9000000.0
2026-08-07,01_棣栫瑪鏀炬,01_棣栨鎺堜俊,RG2,CL_05,iOS,Organic,02_100%鍙婁互涓?2,2,3000000.0,2400000.0,0,2,0.0,3000000.0,0,2,0.0,3000000.0
2026-07-30,01_棣栫瑪鏀炬,01_棣栨鎺堜俊,RG5,CL_05,iOS,Organic,01_100%浠ヤ笅,1,1,300000.0,400000.0,1,1,300000.0,300000.0,0,1,0.0,300000.0
2026-07-12,01_棣栫瑪鏀炬,01_棣栨鎺堜俊,RG3,CL_05,Android,Facebook,02_100%鍙婁互涓?5,5,3500000.0,3400000.0,4,5,2700000.0,3500000.0,4,5,2700000.0,3500000.0
2026-08-22,01_棣栫瑪鏀炬,01_棣栨鎺堜俊,RG3,CL_03,iOS,Organic,02_100%鍙婁互涓?1,1,600000.0,600000.0,1,1,600000.0,600000.0,0,0,0.0,0.0
2026-07-24,01_棣栫瑪鏀炬,01_棣栨鎺堜俊,RG5,CL_04,iOS,Organic,02_100%鍙婁互涓?1,1,700000.0,300000.0,1,1,700000.0,700000.0,1,1,700000.0,700000.0
2026-09-03,01_棣栫瑪鏀炬,01_棣栨鎺堜俊,RG5,CL_05,Android,Facebook,02_100%鍙婁互涓?3,3,1100000.0,1100000.0,0,0,0.0,0.0,0,0,0.0,0.0
2026-07-16,01_棣栫瑪鏀炬,01_棣栨鎺堜俊,RG3,CL_04,Android,Facebook,02_100%鍙婁互涓?5,5,3200000.0,3200000.0,2,5,1200000.0,3200000.0,2,5,1200000.0,3200000.0
2026-08-06,01_棣栫瑪鏀炬,02_闈為娆℃巿淇?RG6,CL_05,Android,Google,02_100%鍙婁互涓?1,1,300000.0,300000.0,1,1,300000.0,300000.0,1,1,300000.0,300000.0
2026-08-21,01_棣栫瑪鏀炬,01_棣栨鎺堜俊,RG5,CL_05,iOS,Facebook,02_100%鍙婁互涓?2,2,900000.0,700000.0,0,2,0.0,900000.0,0,0,0.0,0.0
2026-07-31,01_棣栫瑪鏀炬,01_棣栨鎺堜俊,RG5,CL_05,iOS,Organic,02_100%鍙婁互涓?14,14,5000000.0,4800000.0,9,14,3200000.0,5000000.0,8,14,2900000.0,5000000.0
2026-08-27,01_棣栫瑪鏀炬,01_棣栨鎺堜俊,RG2,CL_01,iOS,Facebook,02_100%鍙婁互涓?1,1,2000000.0,2000000.0,0,0,0.0,0.0,0,0,0.0,0.0
2026-08-27,01_棣栫瑪鏀炬,01_棣栨鎺堜俊,RG2,CL_07,iOS,ASA,02_100%鍙婁互涓?1,1,2300000.0,1500000.0,0,0,0.0,0.0,0,0,0.0,0.0
2026-08-14,01_棣栫瑪鏀炬,02_闈為娆℃巿淇?RG2,CL_07,Android,Organic,02_100%鍙婁互涓?1,1,1500000.0,1200000.0,0,1,0.0,1500000.0,0,0,0.0,0.0
2026-07-20,01_棣栫瑪鏀炬,01_棣栨鎺堜俊,RG6,CL_05,Android,Tiktok,02_100%鍙婁互涓?2,2,700000.0,700000.0,1,2,300000.0,700000.0,1,2,300000.0,700000.0
2026-08-24,01_棣栫瑪鏀炬,01_棣栨鎺堜俊,RG4,CL_05,Android,Google,01_100%浠ヤ笅,1,1,500000.0,600000.0,0,0,0.0,0.0,0,0,0.0,0.0
2026-07-16,01_棣栫瑪鏀炬,01_棣栨鎺堜俊,RG5,CL_05,iOS,ASA,02_100%鍙婁互涓?2,2,1200000.0,800000.0,1,2,800000.0,1200000.0,1,2,800000.0,1200000.0
2026-07-30,01_棣栫瑪鏀炬,02_闈為娆℃巿淇?RG3,CL_05,Android,Organic,02_100%鍙婁互涓?2,2,1800000.0,1800000.0,1,2,600000.0,1800000.0,1,2,600000.0,1800000.0
2026-09-05,01_棣栫瑪鏀炬,01_棣栨鎺堜俊,RG3,CL_05,Android,Facebook,02_100%鍙婁互涓?7,7,5200000.0,5000000.0,0,0,0.0,0.0,0,0,0.0,0.0
2026-07-17,01_棣栫瑪鏀炬,01_棣栨鎺堜俊,RG6,CL_05,Android,Organic,02_100%鍙婁互涓?4,4,1300000.0,1300000.0,3,4,900000.0,1300000.0,2,4,600000.0,1300000.0
2026-08-11,01_棣栫瑪鏀炬,01_棣栨鎺堜俊,RG2,CL_07,Android,Facebook,02_100%鍙婁互涓?12,12,1.53E7,1.44E7,4,12,4800000.0,1.53E7,3,12,3600000.0,1.53E7
2026-07-18,01_棣栫瑪鏀炬,01_棣栨鎺堜俊,RG2,CL_03,iOS,Facebook,02_100%鍙婁互涓?1,1,1800000.0,1200000.0,1,1,1800000.0,1800000.0,1,1,1800000.0,1800000.0
2026-09-03,01_棣栫瑪鏀炬,01_棣栨鎺堜俊,RG1,CL_01,Android,Facebook,02_100%鍙婁互涓?3,3,5000000.0,4500000.0,0,0,0.0,0.0,0,0,0.0,0.0
2026-08-07,01_棣栫瑪鏀炬,01_棣栨鎺堜俊,RG2,CL_07,Android,Tiktok,02_100%鍙婁互涓?1,1,1500000.0,1200000.0,0,1,0.0,1500000.0,0,1,0.0,1500000.0
2026-08-09,01_棣栫瑪鏀炬,01_棣栨鎺堜俊,RG2,CL_07,Android,Organic,02_100%鍙婁互涓?2,2,2400000.0,2400000.0,0,2,0.0,2400000.0,0,2,0.0,2400000.0
2026-08-02,01_棣栫瑪鏀炬,01_棣栨鎺堜俊,RG3,CL_05,Android,Facebook,02_100%鍙婁互涓?9,9,6500000.0,6000000.0,4,9,2600000.0,6500000.0,2,9,1400000.0,6500000.0
2026-07-19,01_棣栫瑪鏀炬,01_棣栨鎺堜俊,RG4,CL_05,Android,Google,01_100%浠ヤ笅,1,1,500000.0,600000.0,1,1,500000.0,500000.0,1,1,500000.0,500000.0
2026-08-21,01_棣栫瑪鏀炬,02_闈為娆℃巿淇?RG5,CL_05,iOS,ASA,02_100%鍙婁互涓?2,2,900000.0,700000.0,1,2,500000.0,900000.0,0,0,0.0,0.0
2026-08-29,01_棣栫瑪鏀炬,01_棣栨鎺堜俊,RG1,CL_01,Android,Facebook,02_100%鍙婁互涓?6,6,9500000.0,9000000.0,0,0,0.0,0.0,0,0,0.0,0.0
2026-08-08,01_棣栫瑪鏀炬,01_棣栨鎺堜俊,RG3,CL_05,iOS,Tiktok,02_100%鍙婁互涓?3,3,3800000.0,3200000.0,2,3,2800000.0,3800000.0,0,3,0.0,3800000.0
2026-08-13,01_棣栫瑪鏀炬,01_棣栨鎺堜俊,RG2,CL_07,iOS,Facebook,02_100%鍙婁互涓?2,2,4100000.0,3300000.0,0,2,0.0,4100000.0,0,2,0.0,4100000.0
2026-07-18,01_棣栫瑪鏀炬,01_棣栨鎺堜俊,RG2,CL_05,iOS,Organic,02_100%鍙婁互涓?5,5,6300000.0,6300000.0,3,5,3600000.0,6300000.0,2,5,2400000.0,6300000.0
2026-07-16,01_棣栫瑪鏀炬,02_闈為娆℃巿淇?RG4,CL_05,iOS,Organic,02_100%鍙婁互涓?1,1,800000.0,800000.0,0,1,0.0,800000.0,0,1,0.0,800000.0
2026-07-12,01_棣栫瑪鏀炬,01_棣栨鎺堜俊,RG7,CL_05,Android,Organic,02_100%鍙婁互涓?1,1,300000.0,300000.0,0,1,0.0,300000.0,0,1,0.0,300000.0
2026-07-31,01_棣栫瑪鏀炬,02_闈為娆℃巿淇?RG7,CL_05,Android,Organic,02_100%鍙婁互涓?1,1,300000.0,300000.0,1,1,300000.0,300000.0,1,1,300000.0,300000.0
2026-09-02,01_棣栫瑪鏀炬,01_棣栨鎺堜俊,RG2,CL_05,Android,Tiktok,02_100%鍙婁互涓?1,1,1000000.0,1000000.0,0,0,0.0,0.0,0,0,0.0,0.0
2026-07-10,01_棣栫瑪鏀炬,01_棣栨鎺堜俊,RG5,CL_04,Android,ASA,02_100%鍙婁互涓?1,1,500000.0,300000.0,1,1,500000.0,500000.0,1,1,500000.0,500000.0
2026-08-24,01_棣栫瑪鏀炬,01_棣栨鎺堜俊,RG5,CL_05,iOS,ASA,02_100%鍙婁互涓?1,1,300000.0,300000.0,0,0,0.0,0.0,0,0,0.0,0.0
2026-08-02,01_棣栫瑪鏀炬,01_棣栨鎺堜俊,RG5,CL_05,Android,Organic,02_100%鍙婁互涓?4,4,1500000.0,1500000.0,3,4,1200000.0,1500000.0,1,4,400000.0,1500000.0
2026-07-18,01_棣栫瑪鏀炬,01_棣栨鎺堜俊,RG4,CL_05,Android,Google,02_100%鍙婁互涓?2,2,1000000.0,1000000.0,1,2,600000.0,1000000.0,1,2,600000.0,1000000.0
2026-07-13,01_棣栫瑪鏀炬,02_闈為娆℃巿淇?RG5,CL_03,iOS,Organic,02_100%鍙婁互涓?6,6,2800000.0,2400000.0,4,6,2100000.0,2800000.0,4,6,2100000.0,2800000.0
2026-08-01,01_棣栫瑪鏀炬,01_棣栨鎺堜俊,RG4,CL_05,iOS,Tiktok,02_100%鍙婁互涓?2,2,1400000.0,1400000.0,1,2,600000.0,1400000.0,1,2,600000.0,1400000.0
2026-08-12,01_棣栫瑪鏀炬,01_棣栨鎺堜俊,RG1,CL_01,iOS,Organic,02_100%鍙婁互涓?6,6,1.65E7,1.5E7,2,6,6000000.0,1.65E7,1,6,3500000.0,1.65E7
2026-08-19,01_棣栫瑪鏀炬,01_棣栨鎺堜俊,RG1,CL_01,Android,Facebook,02_100%鍙婁互涓?3,3,4500000.0,4500000.0,1,3,1500000.0,4500000.0,0,0,0.0,0.0
2026-08-23,01_棣栫瑪鏀炬,01_棣栨鎺堜俊,RG3,CL_05,Android,Facebook,02_100%鍙婁互涓?9,9,6300000.0,6200000.0,4,9,2600000.0,6300000.0,0,0,0.0,0.0
2026-07-18,01_棣栫瑪鏀炬,01_棣栨鎺堜俊,RG3,CL_05,Android,Facebook,02_100%鍙婁互涓?13,13,9000000.0,9000000.0,7,13,5200000.0,9000000.0,6,13,4400000.0,9000000.0
2026-08-07,01_棣栫瑪鏀炬,01_棣栨鎺堜俊,RG5,CL_05,iOS,Tiktok,02_100%鍙婁互涓?6,6,2200000.0,2200000.0,4,6,1500000.0,2200000.0,4,6,1500000.0,2200000.0
2026-08-08,01_棣栫瑪鏀炬,01_棣栨鎺堜俊,RG2,CL_05,Android,Tiktok,01_100%浠ヤ笅,1,1,800000.0,1200000.0,0,1,0.0,800000.0,0,1,0.0,800000.0
2026-08-10,01_棣栫瑪鏀炬,02_闈為娆℃巿淇?RG7,CL_05,Android,Facebook,02_100%鍙婁互涓?1,1,300000.0,300000.0,1,1,300000.0,300000.0,0,1,0.0,300000.0
2026-08-02,01_棣栫瑪鏀炬,02_闈為娆℃巿淇?RG5,CL_05,iOS,Organic,02_100%鍙婁互涓?6,6,2000000.0,2000000.0,4,6,1300000.0,2000000.0,4,6,1300000.0,2000000.0
2026-07-14,01_棣栫瑪鏀炬,01_棣栨鎺堜俊,RG4,CL_05,Android,Tiktok,02_100%鍙婁互涓?1,1,400000.0,400000.0,1,1,400000.0,400000.0,1,1,400000.0,400000.0
2026-07-21,01_棣栫瑪鏀炬,01_棣栨鎺堜俊,RG5,CL_03,iOS,Organic,02_100%鍙婁互涓?3,3,1800000.0,1200000.0,1,3,700000.0,1800000.0,1,3,700000.0,1800000.0
2026-08-16,01_棣栫瑪鏀炬,01_棣栨鎺堜俊,RG4,CL_05,iOS,Organic,02_100%鍙婁互涓?4,4,3200000.0,2600000.0,3,4,2600000.0,3200000.0,0,0,0.0,0.0
2026-08-18,01_棣栫瑪鏀炬,02_闈為娆℃巿淇?RG2,CL_05,Android,Organic,01_100%浠ヤ笅,1,1,1000000.0,1200000.0,0,1,0.0,1000000.0,0,0,0.0,0.0
2026-07-21,01_棣栫瑪鏀炬,01_棣栨鎺堜俊,RG0,CL_01,iOS,Facebook,02_100%鍙婁互涓?1,1,4000000.0,4000000.0,1,1,4000000.0,4000000.0,0,1,0.0,4000000.0
2026-09-06,01_棣栫瑪鏀炬,01_棣栨鎺堜俊,RG2,CL_05,Android,Facebook,02_100%鍙婁互涓?2,2,2600000.0,2400000.0,0,0,0.0,0.0,0,0,0.0,0.0
2026-07-19,01_棣栫瑪鏀炬,01_棣栨鎺堜俊,RG3,CL_05,Android,Facebook,01_100%浠ヤ笅,1,1,300000.0,800000.0,0,1,0.0,300000.0,0,1,0.0,300000.0
2026-08-31,01_棣栫瑪鏀炬,01_棣栨鎺堜俊,RG3,CL_03,iOS,Organic,02_100%鍙婁互涓?1,1,1600000.0,1200000.0,0,0,0.0,0.0,0,0,0.0,0.0
2026-08-01,01_棣栫瑪鏀炬,01_棣栨鎺堜俊,RG0,CL_06,iOS,Tiktok,01_100%浠ヤ笅,1,1,5000000.0,7800000.0,0,1,0.0,5000000.0,0,1,0.0,5000000.0
2026-08-02,01_棣栫瑪鏀炬,02_闈為娆℃巿淇?RG4,CL_05,Android,绌哄€?02_100%鍙婁互涓?2,2,1000000.0,1000000.0,0,1,0.0,400000.0,0,1,0.0,400000.0
2026-09-05,01_棣栫瑪鏀炬,01_棣栨鎺堜俊,RG3,CL_05,iOS,ASA,02_100%鍙婁互涓?1,1,1200000.0,1200000.0,0,0,0.0,0.0,0,0,0.0,0.0
2026-08-08,01_棣栫瑪鏀炬,01_棣栨鎺堜俊,RG4,CL_05,Android,Facebook,01_100%浠ヤ笅,1,1,500000.0,600000.0,1,1,500000.0,500000.0,1,1,500000.0,500000.0
2026-07-11,01_棣栫瑪鏀炬,01_棣栨鎺堜俊,RG2,CL_03,Android,Organic,02_100%鍙婁互涓?2,2,2800000.0,2400000.0,1,2,1600000.0,2800000.0,1,2,1600000.0,2800000.0
2026-08-12,01_棣栫瑪鏀炬,02_闈為娆℃巿淇?RG5,CL_05,Android,Organic,02_100%鍙婁互涓?1,1,300000.0,300000.0,1,1,300000.0,300000.0,1,1,300000.0,300000.0
2026-07-24,01_棣栫瑪鏀炬,01_棣栨鎺堜俊,RG4,CL_05,iOS,Organic,02_100%鍙婁互涓?9,9,6800000.0,6400000.0,3,9,2200000.0,6800000.0,3,9,2200000.0,6800000.0
2026-08-07,01_棣栫瑪鏀炬,01_棣栨鎺堜俊,RG4,CL_05,Android,Facebook,02_100%鍙婁互涓?19,19,1.04E7,1.04E7,10,19,5800000.0,1.04E7,9,19,5200000.0,1.04E7
2026-08-15,01_棣栫瑪鏀炬,01_棣栨鎺堜俊,RG1,CL_01,Android,Tiktok,02_100%鍙婁互涓?1,1,1500000.0,1500000.0,0,1,0.0,1500000.0,0,0,0.0,0.0
2026-08-30,01_棣栫瑪鏀炬,01_棣栨鎺堜俊,RG1,CL_01,Android,Facebook,01_100%浠ヤ笅,1,1,1000000.0,1500000.0,0,0,0.0,0.0,0,0,0.0,0.0
2026-07-27,01_棣栫瑪鏀炬,01_棣栨鎺堜俊,RG5,CL_04,iOS,鍏朵粬,02_100%鍙婁互涓?1,1,300000.0,300000.0,1,1,300000.0,300000.0,1,1,300000.0,300000.0
2026-07-25,01_棣栫瑪鏀炬,02_闈為娆℃巿淇?RG4,CL_05,Android,Facebook,02_100%鍙婁互涓?8,8,3600000.0,3600000.0,4,8,1600000.0,3600000.0,3,8,1200000.0,3600000.0
2026-07-22,01_棣栫瑪鏀炬,01_棣栨鎺堜俊,RG7,CL_05,Android,Facebook,02_100%鍙婁互涓?2,2,600000.0,600000.0,1,2,300000.0,600000.0,1,2,300000.0,600000.0
2026-09-06,01_棣栫瑪鏀炬,01_棣栨鎺堜俊,RG2,CL_07,Android,Facebook,02_100%鍙婁互涓?1,1,1500000.0,1500000.0,0,0,0.0,0.0,0,0,0.0,0.0
2026-07-28,01_棣栫瑪鏀炬,01_棣栨鎺堜俊,RG3,CL_05,Android,Google,02_100%鍙婁互涓?20,20,1.45E7,1.44E7,10,20,7000000.0,1.45E7,7,20,5000000.0,1.45E7
2026-07-19,01_棣栫瑪鏀炬,01_棣栨鎺堜俊,RG7,CL_05,Android,Facebook,02_100%鍙婁互涓?3,3,900000.0,900000.0,2,3,600000.0,900000.0,1,3,300000.0,900000.0
2026-07-27,01_棣栫瑪鏀炬,02_闈為娆℃巿淇?RG3,CL_05,Android,Organic,02_100%鍙婁互涓?1,1,600000.0,600000.0,0,1,0.0,600000.0,0,1,0.0,600000.0
2026-07-19,01_棣栫瑪鏀炬,01_棣栨鎺堜俊,RG4,CL_05,iOS,Facebook,02_100%鍙婁互涓?2,2,1200000.0,1200000.0,2,2,1200000.0,1200000.0,1,2,600000.0,1200000.0
2026-07-20,01_棣栫瑪鏀炬,01_棣栨鎺堜俊,RG5,CL_05,iOS,ASA,02_100%鍙婁互涓?2,2,700000.0,700000.0,0,2,0.0,700000.0,0,2,0.0,700000.0
2026-08-29,01_棣栫瑪鏀炬,01_棣栨鎺堜俊,RG0,CL_06,iOS,Organic,02_100%鍙婁互涓?1,1,6000000.0,6000000.0,0,0,0.0,0.0,0,0,0.0,0.0
2026-08-19,01_棣栫瑪鏀炬,01_棣栨鎺堜俊,RG3,CL_05,Android,ASA,02_100%鍙婁互涓?1,1,1200000.0,1200000.0,0,1,0.0,1200000.0,0,0,0.0,0.0
2026-08-15,01_棣栫瑪鏀炬,01_棣栨鎺堜俊,RG7,CL_05,Android,Google,02_100%鍙婁互涓?1,1,300000.0,300000.0,1,1,300000.0,300000.0,0,0,0.0,0.0
2026-09-02,01_棣栫瑪鏀炬,01_棣栨鎺堜俊,RG3,CL_05,Android,Tiktok,02_100%鍙婁互涓?8,8,5400000.0,5400000.0,0,0,0.0,0.0,0,0,0.0,0.0
2026-07-25,01_棣栫瑪鏀炬,01_棣栨鎺堜俊,RG2,CL_01,Android,Facebook,02_100%鍙婁互涓?1,1,1500000.0,1500000.0,0,1,0.0,1500000.0,0,1,0.0,1500000.0
2026-07-15,01_棣栫瑪鏀炬,01_棣栨鎺堜俊,RG7,CL_05,Android,Facebook,02_100%鍙婁互涓?3,3,900000.0,900000.0,1,3,300000.0,900000.0,1,3,300000.0,900000.0
2026-07-21,01_棣栫瑪鏀炬,02_闈為娆℃巿淇?RG0,CL_01,iOS,Organic,02_100%鍙婁互涓?1,1,4800000.0,4800000.0,0,1,0.0,4800000.0,0,1,0.0,4800000.0
2026-09-02,01_棣栫瑪鏀炬,01_棣栨鎺堜俊,RG3,CL_03,iOS,Facebook,02_100%鍙婁互涓?1,1,1200000.0,800000.0,0,0,0.0,0.0,0,0,0.0,0.0
2026-08-24,01_棣栫瑪鏀炬,01_棣栨鎺堜俊,RG3,CL_05,iOS,Organic,01_100%浠ヤ笅,1,1,1000000.0,1200000.0,0,0,0.0,0.0,0,0,0.0,0.0
2026-09-06,01_棣栫瑪鏀炬,01_棣栨鎺堜俊,RG3,CL_05,Android,Facebook,02_100%鍙婁互涓?10,10,7100000.0,7000000.0,0,0,0.0,0.0,0,0,0.0,0.0
2026-07-13,01_棣栫瑪鏀炬,02_闈為娆℃巿淇?RG5,CL_03,Android,Facebook,02_100%鍙婁互涓?2,2,800000.0,800000.0,2,2,800000.0,800000.0,2,2,800000.0,800000.0
2026-09-04,01_棣栫瑪鏀炬,01_棣栨鎺堜俊,RG1,CL_01,Android,Tiktok,02_100%鍙婁互涓?3,3,6000000.0,4500000.0,0,0,0.0,0.0,0,0,0.0,0.0
2026-07-12,01_棣栫瑪鏀炬,01_棣栨鎺堜俊,RG5,CL_03,Android,Tiktok,02_100%鍙婁互涓?1,1,300000.0,300000.0,0,1,0.0,300000.0,0,1,0.0,300000.0
2026-08-21,01_棣栫瑪鏀炬,01_棣栨鎺堜俊,RG3,CL_05,iOS,Tiktok,01_100%浠ヤ笅,1,1,500000.0,800000.0,0,1,0.0,500000.0,0,0,0.0,0.0
2026-08-05,01_棣栫瑪鏀炬,01_棣栨鎺堜俊,RG5,CL_03,Android,Organic,02_100%鍙婁互涓?1,1,400000.0,400000.0,0,1,0.0,400000.0,0,1,0.0,400000.0
2026-07-15,01_棣栫瑪鏀炬,01_棣栨鎺堜俊,RG5,CL_05,Android,Facebook,02_100%鍙婁互涓?2,2,700000.0,700000.0,1,2,400000.0,700000.0,1,2,400000.0,700000.0
2026-07-30,01_棣栫瑪鏀炬,01_棣栨鎺堜俊,RG4,CL_05,iOS,ASA,02_100%鍙婁互涓?1,1,800000.0,800000.0,0,1,0.0,800000.0,0,1,0.0,800000.0
2026-07-18,01_棣栫瑪鏀炬,01_棣栨鎺堜俊,RG5,CL_04,iOS,Organic,02_100%鍙婁互涓?1,1,800000.0,600000.0,0,1,0.0,800000.0,0,1,0.0,800000.0
2026-08-21,01_棣栫瑪鏀炬,01_棣栨鎺堜俊,RG2,CL_05,iOS,Organic,02_100%鍙婁互涓?2,2,2700000.0,2400000.0,1,2,1500000.0,2700000.0,0,0,0.0,0.0
2026-08-22,01_棣栫瑪鏀炬,01_棣栨鎺堜俊,RG2,CL_07,iOS,Facebook,02_100%鍙婁互涓?1,1,1500000.0,1500000.0,0,1,0.0,1500000.0,0,0,0.0,0.0
2026-08-20,01_棣栫瑪鏀炬,01_棣栨鎺堜俊,RG3,CL_05,iOS,Organic,02_100%鍙婁互涓?5,5,4400000.0,4400000.0,2,5,2000000.0,4400000.0,0,0,0.0,0.0
2026-07-11,01_棣栫瑪鏀炬,01_棣栨鎺堜俊,RG7,CL_05,Android,Organic,02_100%鍙婁互涓?1,1,300000.0,300000.0,0,1,0.0,300000.0,0,1,0.0,300000.0
2026-08-15,01_棣栫瑪鏀炬,01_棣栨鎺堜俊,RG2,CL_04,iOS,Organic,02_100%鍙婁互涓?1,1,1800000.0,1200000.0,0,1,0.0,1800000.0,0,0,0.0,0.0
2026-08-11,01_棣栫瑪鏀炬,01_棣栨鎺堜俊,RG2,CL_07,iOS,Organic,02_100%鍙婁互涓?3,3,4800000.0,4800000.0,1,3,1800000.0,4800000.0,1,3,1800000.0,4800000.0
2026-07-16,01_棣栫瑪鏀炬,01_棣栨鎺堜俊,RG2,CL_04,Android,Facebook,02_100%鍙婁互涓?3,3,3800000.0,3000000.0,0,3,0.0,3800000.0,0,3,0.0,3800000.0
2026-07-15,01_棣栫瑪鏀炬,01_棣栨鎺堜俊,RG6,CL_04,Android,Organic,02_100%鍙婁互涓?1,1,300000.0,300000.0,0,1,0.0,300000.0,0,1,0.0,300000.0
2026-07-24,01_棣栫瑪鏀炬,01_棣栨鎺堜俊,RG4,CL_05,iOS,ASA,02_100%鍙婁互涓?1,1,800000.0,800000.0,1,1,800000.0,800000.0,1,1,800000.0,800000.0
2026-07-27,01_棣栫瑪鏀炬,01_棣栨鎺堜俊,RG3,CL_04,Android,Organic,02_100%鍙婁互涓?1,1,800000.0,800000.0,1,1,800000.0,800000.0,1,1,800000.0,800000.0
2026-09-03,01_棣栫瑪鏀炬,01_棣栨鎺堜俊,RG2,CL_05,Android,Organic,02_100%鍙婁互涓?2,2,2800000.0,2400000.0,0,0,0.0,0.0,0,0,0.0,0.0
2026-09-02,01_棣栫瑪鏀炬,01_棣栨鎺堜俊,RG2,CL_05,Android,Facebook,02_100%鍙婁互涓?5,5,5400000.0,5400000.0,0,0,0.0,0.0,0,0,0.0,0.0
2026-09-02,01_棣栫瑪鏀炬,01_棣栨鎺堜俊,RG2,CL_07,Android,Facebook,02_100%鍙婁互涓?3,3,3900000.0,3600000.0,0,0,0.0,0.0,0,0,0.0,0.0
2026-07-30,01_棣栫瑪鏀炬,01_棣栨鎺堜俊,RG4,CL_05,Android,Facebook,02_100%鍙婁互涓?9,9,4600000.0,4600000.0,4,9,1800000.0,4600000.0,3,9,1400000.0,4600000.0
2026-07-10,01_棣栫瑪鏀炬,01_棣栨鎺堜俊,RG7,CL_05,Android,Facebook,02_100%鍙婁互涓?1,1,300000.0,300000.0,0,1,0.0,300000.0,0,1,0.0,300000.0
2026-08-08,01_棣栫瑪鏀炬,02_闈為娆℃巿淇?RG5,CL_05,Android,Organic,02_100%鍙婁互涓?1,1,300000.0,300000.0,1,1,300000.0,300000.0,1,1,300000.0,300000.0
2026-08-28,01_棣栫瑪鏀炬,01_棣栨鎺堜俊,RG3,CL_05,Android,Facebook,01_100%浠ヤ笅,2,2,800000.0,1400000.0,0,0,0.0,0.0,0,0,0.0,0.0
2026-07-28,01_棣栫瑪鏀炬,02_闈為娆℃巿淇?RG5,CL_05,Android,Google,02_100%鍙婁互涓?2,2,600000.0,600000.0,1,2,300000.0,600000.0,1,2,300000.0,600000.0
2026-08-15,01_棣栫瑪鏀炬,01_棣栨鎺堜俊,RG5,CL_05,Android,Google,02_100%鍙婁互涓?12,12,4500000.0,4500000.0,6,12,2400000.0,4500000.0,0,0,0.0,0.0
2026-07-24,01_棣栫瑪鏀炬,01_棣栨鎺堜俊,RG5,CL_03,iOS,ASA,02_100%鍙婁互涓?1,1,300000.0,300000.0,1,1,300000.0,300000.0,0,1,0.0,300000.0
2026-08-07,01_棣栫瑪鏀炬,01_棣栨鎺堜俊,RG5,CL_05,iOS,Facebook,02_100%鍙婁互涓?4,4,1400000.0,1400000.0,3,4,1100000.0,1400000.0,2,4,700000.0,1400000.0
2026-07-18,01_棣栫瑪鏀炬,01_棣栨鎺堜俊,RG4,CL_05,Android,Tiktok,02_100%鍙婁互涓?3,3,1400000.0,1400000.0,2,3,1000000.0,1400000.0,1,3,400000.0,1400000.0
2026-07-13,01_棣栫瑪鏀炬,01_棣栨鎺堜俊,RG5,CL_04,iOS,Facebook,02_100%鍙婁互涓?3,3,1000000.0,1000000.0,2,3,700000.0,1000000.0,2,3,700000.0,1000000.0
2026-07-12,01_棣栫瑪鏀炬,02_闈為娆℃巿淇?RG5,CL_03,Android,Organic,02_100%鍙婁互涓?1,1,300000.0,300000.0,0,1,0.0,300000.0,0,1,0.0,300000.0
2026-09-02,01_棣栫瑪鏀炬,01_棣栨鎺堜俊,RG1,CL_01,Android,Tiktok,01_100%浠ヤ笅,1,1,1200000.0,1500000.0,0,0,0.0,0.0,0,0,0.0,0.0
2026-07-31,01_棣栫瑪鏀炬,01_棣栨鎺堜俊,RG6,CL_05,Android,Facebook,02_100%鍙婁互涓?5,5,1500000.0,1500000.0,3,5,900000.0,1500000.0,0,5,0.0,1500000.0
2026-08-12,01_棣栫瑪鏀炬,01_棣栨鎺堜俊,RG1,CL_01,iOS,ASA,02_100%鍙婁互涓?1,1,2500000.0,2500000.0,0,1,0.0,2500000.0,0,1,0.0,2500000.0
2026-07-20,01_棣栫瑪鏀炬,01_棣栨鎺堜俊,RG6,CL_05,Android,Google,02_100%鍙婁互涓?4,4,1200000.0,1200000.0,2,4,600000.0,1200000.0,2,4,600000.0,1200000.0
2026-07-27,01_棣栫瑪鏀炬,01_棣栨鎺堜俊,RG3,CL_05,Android,Facebook,02_100%鍙婁互涓?21,21,1.51E7,1.5E7,14,21,1.01E7,1.51E7,13,21,9500000.0,1.51E7
2026-08-03,01_棣栫瑪鏀炬,01_棣栨鎺堜俊,RG2,CL_07,Android,Facebook,02_100%鍙婁互涓?4,4,5100000.0,4800000.0,1,4,1500000.0,5100000.0,1,4,1500000.0,5100000.0
2026-09-07,01_棣栫瑪鏀炬,01_棣栨鎺堜俊,RG5,CL_05,iOS,ASA,02_100%鍙婁互涓?2,2,1100000.0,700000.0,0,0,0.0,0.0,0,0,0.0,0.0
2026-08-20,01_棣栫瑪鏀炬,01_棣栨鎺堜俊,RG2,CL_07,Android,Google,02_100%鍙婁互涓?2,2,2700000.0,2400000.0,2,2,2700000.0,2700000.0,0,0,0.0,0.0
2026-07-25,01_棣栫瑪鏀炬,01_棣栨鎺堜俊,RG7,CL_05,Android,Facebook,02_100%鍙婁互涓?1,1,300000.0,300000.0,0,1,0.0,300000.0,0,1,0.0,300000.0
2026-07-30,01_棣栫瑪鏀炬,01_棣栨鎺堜俊,RG2,CL_05,iOS,Organic,02_100%鍙婁互涓?2,2,2700000.0,2700000.0,0,2,0.0,2700000.0,0,2,0.0,2700000.0
2026-08-04,01_棣栫瑪鏀炬,02_闈為娆℃巿淇?RG7,CL_05,Android,Organic,02_100%鍙婁互涓?1,1,300000.0,300000.0,1,1,300000.0,300000.0,1,1,300000.0,300000.0
2026-08-04,01_棣栫瑪鏀炬,01_棣栨鎺堜俊,RG5,CL_03,iOS,Facebook,02_100%鍙婁互涓?2,2,1500000.0,700000.0,2,2,1500000.0,1500000.0,2,2,1500000.0,1500000.0
2026-07-27,01_棣栫瑪鏀炬,02_闈為娆℃巿淇?RG5,CL_05,iOS,Organic,02_100%鍙婁互涓?7,7,2500000.0,2300000.0,7,7,2500000.0,2500000.0,6,7,2100000.0,2500000.0
2026-07-18,01_棣栫瑪鏀炬,01_棣栨鎺堜俊,RG3,CL_05,Android,Tiktok,02_100%鍙婁互涓?2,2,1400000.0,1400000.0,1,2,800000.0,1400000.0,1,2,800000.0,1400000.0
2026-07-13,01_棣栫瑪鏀炬,01_棣栨鎺堜俊,RG4,CL_04,iOS,Organic,02_100%鍙婁互涓?2,2,1400000.0,1400000.0,0,2,0.0,1400000.0,0,2,0.0,1400000.0
2026-08-28,01_棣栫瑪鏀炬,01_棣栨鎺堜俊,RG4,CL_05,iOS,Tiktok,02_100%鍙婁互涓?3,3,2600000.0,2400000.0,0,0,0.0,0.0,0,0,0.0,0.0
2026-07-18,01_棣栫瑪鏀炬,01_棣栨鎺堜俊,RG2,CL_05,Android,Organic,01_100%浠ヤ笅,1,1,700000.0,1000000.0,1,1,700000.0,700000.0,1,1,700000.0,700000.0
2026-08-04,01_棣栫瑪鏀炬,01_棣栨鎺堜俊,RG4,CL_05,iOS,Facebook,02_100%鍙婁互涓?8,8,5600000.0,5600000.0,4,8,2600000.0,5600000.0,3,8,2000000.0,5600000.0
2026-08-02,01_棣栫瑪鏀炬,01_棣栨鎺堜俊,RG2,CL_05,Android,Google,02_100%鍙婁互涓?2,2,2400000.0,2400000.0,2,2,2400000.0,2400000.0,0,1,0.0,1200000.0
2026-08-24,01_棣栫瑪鏀炬,01_棣栨鎺堜俊,RG4,CL_05,iOS,Facebook,02_100%鍙婁互涓?3,3,3200000.0,2400000.0,0,0,0.0,0.0,0,0,0.0,0.0
2026-08-03,01_棣栫瑪鏀炬,01_棣栨鎺堜俊,RG2,CL_05,Android,Google,02_100%鍙婁互涓?1,1,1000000.0,1000000.0,0,1,0.0,1000000.0,0,1,0.0,1000000.0
2026-07-23,01_棣栫瑪鏀炬,01_棣栨鎺堜俊,RG5,CL_03,iOS,Organic,02_100%鍙婁互涓?1,1,500000.0,300000.0,1,1,500000.0,500000.0,0,1,0.0,500000.0
2026-07-28,01_棣栫瑪鏀炬,02_闈為娆℃巿淇?RG7,CL_03,Android,Organic,02_100%鍙婁互涓?1,1,300000.0,300000.0,1,1,300000.0,300000.0,0,1,0.0,300000.0
2026-08-01,01_棣栫瑪鏀炬,01_棣栨鎺堜俊,RG0,CL_01,iOS,Organic,02_100%鍙婁互涓?1,1,4800000.0,4800000.0,0,1,0.0,4800000.0,0,1,0.0,4800000.0
2026-08-21,01_棣栫瑪鏀炬,02_闈為娆℃巿淇?RG2,CL_07,Android,Organic,02_100%鍙婁互涓?1,1,1200000.0,1200000.0,0,1,0.0,1200000.0,0,0,0.0,0.0
2026-08-07,01_棣栫瑪鏀炬,02_闈為娆℃巿淇?RG5,CL_05,Android,Google,02_100%鍙婁互涓?4,4,1300000.0,1300000.0,2,4,700000.0,1300000.0,2,4,700000.0,1300000.0
2026-08-30,01_棣栫瑪鏀炬,01_棣栨鎺堜俊,RG2,CL_05,Android,Facebook,02_100%鍙婁互涓?1,1,1200000.0,1200000.0,0,0,0.0,0.0,0,0,0.0,0.0
2026-07-31,01_棣栫瑪鏀炬,01_棣栨鎺堜俊,RG5,CL_05,Android,Facebook,02_100%鍙婁互涓?10,10,3800000.0,3800000.0,6,10,2200000.0,3800000.0,5,10,1800000.0,3800000.0
2026-07-26,01_棣栫瑪鏀炬,01_棣栨鎺堜俊,RG4,CL_05,Android,Organic,02_100%鍙婁互涓?2,2,1200000.0,1200000.0,2,2,1200000.0,1200000.0,1,2,600000.0,1200000.0
2026-08-05,01_棣栫瑪鏀炬,01_棣栨鎺堜俊,RG6,CL_05,Android,Google,02_100%鍙婁互涓?4,4,1200000.0,1200000.0,3,4,900000.0,1200000.0,2,4,600000.0,1200000.0
2026-08-04,01_棣栫瑪鏀炬,01_棣栨鎺堜俊,RG2,CL_07,Android,Facebook,01_100%浠ヤ笅,1,1,1000000.0,1200000.0,0,1,0.0,1000000.0,0,1,0.0,1000000.0
2026-08-29,01_棣栫瑪鏀炬,01_棣栨鎺堜俊,RG2,CL_05,Android,Organic,02_100%鍙婁互涓?1,1,1000000.0,1000000.0,0,0,0.0,0.0,0,0,0.0,0.0
2026-07-29,01_棣栫瑪鏀炬,01_棣栨鎺堜俊,RG3,CL_05,iOS,Facebook,02_100%鍙婁互涓?3,3,3200000.0,3200000.0,2,3,2000000.0,3200000.0,1,3,1200000.0,3200000.0
2026-08-12,01_棣栫瑪鏀炬,01_棣栨鎺堜俊,RG2,CL_03,iOS,Organic,02_100%鍙婁互涓?1,1,2100000.0,1500000.0,0,1,0.0,2100000.0,0,1,0.0,2100000.0
2026-07-15,01_棣栫瑪鏀炬,01_棣栨鎺堜俊,RG7,CL_04,Android,Organic,02_100%鍙婁互涓?1,1,300000.0,300000.0,1,1,300000.0,300000.0,1,1,300000.0,300000.0
2026-08-12,01_棣栫瑪鏀炬,01_棣栨鎺堜俊,RG4,CL_05,Android,Organic,02_100%鍙婁互涓?2,2,1000000.0,1000000.0,2,2,1000000.0,1000000.0,1,2,400000.0,1000000.0
2026-09-05,01_棣栫瑪鏀炬,01_棣栨鎺堜俊,RG1,CL_01,iOS,Facebook,02_100%鍙婁互涓?1,1,2500000.0,2500000.0,0,0,0.0,0.0,0,0,0.0,0.0
2026-07-20,01_棣栫瑪鏀炬,01_棣栨鎺堜俊,RG7,CL_05,Android,Google,02_100%鍙婁互涓?4,4,1200000.0,1200000.0,1,4,300000.0,1200000.0,0,4,0.0,1200000.0
2026-08-15,01_棣栫瑪鏀炬,01_棣栨鎺堜俊,RG2,CL_07,iOS,Facebook,02_100%鍙婁互涓?1,1,2000000.0,2000000.0,1,1,2000000.0,2000000.0,0,0,0.0,0.0
2026-08-11,01_棣栫瑪鏀炬,01_棣栨鎺堜俊,RG3,CL_05,Android,Facebook,02_100%鍙婁互涓?8,8,6000000.0,6000000.0,2,8,2000000.0,6000000.0,2,8,2000000.0,6000000.0
2026-08-17,01_棣栫瑪鏀炬,02_闈為娆℃巿淇?RG5,CL_05,Android,Facebook,02_100%鍙婁互涓?6,6,2200000.0,2200000.0,2,6,800000.0,2200000.0,0,0,0.0,0.0
2026-08-26,01_棣栫瑪鏀炬,01_棣栨鎺堜俊,RG4,CL_05,Android,Google,02_100%鍙婁互涓?6,6,2200000.0,2200000.0,0,0,0.0,0.0,0,0,0.0,0.0
2026-09-03,01_棣栫瑪鏀炬,02_闈為娆℃巿淇?RG3,CL_05,Android,Google,02_100%鍙婁互涓?2,2,1200000.0,1200000.0,0,0,0.0,0.0,0,0,0.0,0.0
2026-07-13,01_棣栫瑪鏀炬,01_棣栨鎺堜俊,RG3,CL_04,iOS,鍏朵粬,02_100%鍙婁互涓?1,1,1200000.0,1200000.0,1,1,1200000.0,1200000.0,0,1,0.0,1200000.0
2026-07-13,01_棣栫瑪鏀炬,01_棣栨鎺堜俊,RG0,CL_06,iOS,Organic,02_100%鍙婁互涓?1,1,6000000.0,6000000.0,0,1,0.0,6000000.0,0,1,0.0,6000000.0
2026-08-25,01_棣栫瑪鏀炬,02_闈為娆℃巿淇?RG1,CL_01,iOS,Facebook,02_100%鍙婁互涓?1,1,3000000.0,3000000.0,0,0,0.0,0.0,0,0,0.0,0.0
2026-07-17,01_棣栫瑪鏀炬,02_闈為娆℃巿淇?RG7,CL_05,Android,Facebook,02_100%鍙婁互涓?2,2,600000.0,600000.0,0,2,0.0,600000.0,0,2,0.0,600000.0
2026-08-15,01_棣栫瑪鏀炬,01_棣栨鎺堜俊,RG4,CL_05,iOS,Tiktok,02_100%鍙婁互涓?2,2,1600000.0,1200000.0,1,2,1000000.0,1600000.0,0,0,0.0,0.0
2026-07-29,01_棣栫瑪鏀炬,01_棣栨鎺堜俊,RG2,CL_05,Android,Facebook,01_100%浠ヤ笅,1,1,500000.0,1000000.0,0,1,0.0,500000.0,0,1,0.0,500000.0
2026-07-31,01_棣栫瑪鏀炬,02_闈為娆℃巿淇?RG2,CL_05,Android,Facebook,02_100%鍙婁互涓?1,1,1200000.0,1200000.0,0,1,0.0,1200000.0,0,1,0.0,1200000.0
2026-07-21,01_棣栫瑪鏀炬,01_棣栨鎺堜俊,RG6,CL_04,Android,Facebook,02_100%鍙婁互涓?1,1,300000.0,300000.0,1,1,300000.0,300000.0,1,1,300000.0,300000.0
2026-07-31,01_棣栫瑪鏀炬,01_棣栨鎺堜俊,RG4,CL_05,Android,Facebook,01_100%浠ヤ笅,2,2,600000.0,800000.0,0,2,0.0,600000.0,0,2,0.0,600000.0
2026-08-22,01_棣栫瑪鏀炬,02_闈為娆℃巿淇?RG5,CL_05,iOS,Google,02_100%鍙婁互涓?1,1,300000.0,300000.0,0,1,0.0,300000.0,0,0,0.0,0.0
2026-07-25,01_棣栫瑪鏀炬,01_棣栨鎺堜俊,RG5,CL_05,Android,Google,02_100%鍙婁互涓?30,30,1.11E7,1.11E7,16,30,6000000.0,1.11E7,13,30,4900000.0,1.11E7
2026-08-25,01_棣栫瑪鏀炬,01_棣栨鎺堜俊,RG5,CL_05,Android,Google,02_100%鍙婁互涓?1,1,300000.0,300000.0,0,0,0.0,0.0,0,0,0.0,0.0
2026-07-13,01_棣栫瑪鏀炬,01_棣栨鎺堜俊,RG2,CL_01,iOS,Organic,02_100%鍙婁互涓?5,5,1.0E7,1.0E7,3,5,6000000.0,1.0E7,3,5,6000000.0,1.0E7
2026-08-21,01_棣栫瑪鏀炬,01_棣栨鎺堜俊,RG2,CL_07,Android,Tiktok,02_100%鍙婁互涓?1,1,1800000.0,1200000.0,1,1,1800000.0,1800000.0,0,0,0.0,0.0
2026-08-15,01_棣栫瑪鏀炬,02_闈為娆℃巿淇?RG4,CL_05,iOS,Organic,02_100%鍙婁互涓?1,1,600000.0,600000.0,0,1,0.0,600000.0,0,0,0.0,0.0
2026-08-30,01_棣栫瑪鏀炬,01_棣栨鎺堜俊,RG2,CL_07,Android,Google,02_100%鍙婁互涓?1,1,1200000.0,1200000.0,0,0,0.0,0.0,0,0,0.0,0.0
2026-08-26,01_棣栫瑪鏀炬,01_棣栨鎺堜俊,RG2,CL_07,Android,Tiktok,02_100%鍙婁互涓?2,2,2400000.0,2400000.0,0,0,0.0,0.0,0,0,0.0,0.0
2026-09-05,01_棣栫瑪鏀炬,01_棣栨鎺堜俊,RG2,CL_05,Android,Google,02_100%鍙婁互涓?3,3,3400000.0,3200000.0,0,0,0.0,0.0,0,0,0.0,0.0
2026-08-26,01_棣栫瑪鏀炬,01_棣栨鎺堜俊,RG1,CL_01,Android,Organic,02_100%鍙婁互涓?1,1,2500000.0,1500000.0,0,0,0.0,0.0,0,0,0.0,0.0
2026-09-02,01_棣栫瑪鏀炬,01_棣栨鎺堜俊,RG2,CL_05,Android,Google,02_100%鍙婁互涓?1,1,1000000.0,1000000.0,0,0,0.0,0.0,0,0,0.0,0.0
2026-07-12,01_棣栫瑪鏀炬,01_棣栨鎺堜俊,RG3,CL_03,Android,Tiktok,01_100%浠ヤ笅,1,1,600000.0,800000.0,0,1,0.0,600000.0,0,1,0.0,600000.0
2026-07-28,01_棣栫瑪鏀炬,01_棣栨鎺堜俊,RG2,CL_05,Android,Facebook,02_100%鍙婁互涓?1,1,1000000.0,1000000.0,1,1,1000000.0,1000000.0,1,1,1000000.0,1000000.0
2026-08-31,01_棣栫瑪鏀炬,01_棣栨鎺堜俊,RG3,CL_05,Android,Organic,02_100%鍙婁互涓?3,3,1800000.0,1800000.0,0,0,0.0,0.0,0,0,0.0,0.0
2026-07-11,01_棣栫瑪鏀炬,01_棣栨鎺堜俊,RG5,CL_03,iOS,ASA,02_100%鍙婁互涓?1,1,400000.0,400000.0,1,1,400000.0,400000.0,1,1,400000.0,400000.0
2026-07-11,01_棣栫瑪鏀炬,01_棣栨鎺堜俊,RG5,CL_04,Android,Facebook,02_100%鍙婁互涓?4,4,1400000.0,1400000.0,2,4,800000.0,1400000.0,2,4,800000.0,1400000.0
2026-08-13,01_棣栫瑪鏀炬,01_棣栨鎺堜俊,RG3,CL_03,iOS,Organic,02_100%鍙婁互涓?1,1,1200000.0,800000.0,1,1,1200000.0,1200000.0,1,1,1200000.0,1200000.0
2026-07-20,01_棣栫瑪鏀炬,02_闈為娆℃巿淇?RG5,CL_04,iOS,Organic,02_100%鍙婁互涓?1,1,800000.0,400000.0,0,1,0.0,800000.0,0,1,0.0,800000.0
2026-08-22,01_棣栫瑪鏀炬,01_棣栨鎺堜俊,RG5,CL_05,Android,Facebook,02_100%鍙婁互涓?4,4,1500000.0,1500000.0,1,4,400000.0,1500000.0,0,0,0.0,0.0
2026-08-05,01_棣栫瑪鏀炬,01_棣栨鎺堜俊,RG3,CL_05,Android,Facebook,01_100%浠ヤ笅,1,1,500000.0,800000.0,1,1,500000.0,500000.0,1,1,500000.0,500000.0
2026-08-12,01_棣栫瑪鏀炬,01_棣栨鎺堜俊,RG3,CL_05,Android,Facebook,01_100%浠ヤ笅,1,1,500000.0,600000.0,0,1,0.0,500000.0,0,1,0.0,500000.0
2026-08-09,01_棣栫瑪鏀炬,01_棣栨鎺堜俊,RG5,CL_05,Android,Facebook,02_100%鍙婁互涓?15,15,5300000.0,5300000.0,9,15,3100000.0,5300000.0,7,15,2400000.0,5300000.0
2026-09-06,01_棣栫瑪鏀炬,01_棣栨鎺堜俊,RG1,CL_01,iOS,Tiktok,02_100%鍙婁互涓?2,2,6900000.0,6900000.0,0,0,0.0,0.0,0,0,0.0,0.0
2026-08-17,01_棣栫瑪鏀炬,01_棣栨鎺堜俊,RG5,CL_05,iOS,Organic,01_100%浠ヤ笅,1,1,300000.0,400000.0,1,1,300000.0,300000.0,0,0,0.0,0.0
2026-08-25,01_棣栫瑪鏀炬,01_棣栨鎺堜俊,RG4,CL_05,Android,Organic,02_100%鍙婁互涓?5,5,1800000.0,1800000.0,0,0,0.0,0.0,0,0,0.0,0.0
2026-09-06,01_棣栫瑪鏀炬,02_闈為娆℃巿淇?RG5,CL_05,iOS,Organic,02_100%鍙婁互涓?2,2,800000.0,800000.0,0,0,0.0,0.0,0,0,0.0,0.0
2026-08-14,01_棣栫瑪鏀炬,01_棣栨鎺堜俊,RG3,CL_05,iOS,Organic,02_100%鍙婁互涓?5,5,4800000.0,4400000.0,1,5,1600000.0,4800000.0,0,0,0.0,0.0
2026-08-04,01_棣栫瑪鏀炬,02_闈為娆℃巿淇?RG3,CL_05,Android,Facebook,02_100%鍙婁互涓?4,4,2800000.0,2800000.0,3,4,2000000.0,2800000.0,3,4,2000000.0,2800000.0
2026-07-30,01_棣栫瑪鏀炬,01_棣栨鎺堜俊,RG1,CL_01,iOS,Tiktok,02_100%鍙婁互涓?1,1,2500000.0,2500000.0,0,1,0.0,2500000.0,0,1,0.0,2500000.0
2026-08-14,01_棣栫瑪鏀炬,01_棣栨鎺堜俊,RG5,CL_05,iOS,Facebook,02_100%鍙婁互涓?5,5,1600000.0,1600000.0,2,5,600000.0,1600000.0,0,0,0.0,0.0
2026-08-25,01_棣栫瑪鏀炬,01_棣栨鎺堜俊,RG5,CL_05,Android,Facebook,02_100%鍙婁互涓?1,1,300000.0,300000.0,0,0,0.0,0.0,0,0,0.0,0.0
2026-07-11,01_棣栫瑪鏀炬,01_棣栨鎺堜俊,RG3,CL_05,Android,Facebook,02_100%鍙婁互涓?4,4,2400000.0,2400000.0,3,4,1800000.0,2400000.0,3,4,1800000.0,2400000.0
2026-08-10,01_棣栫瑪鏀炬,01_棣栨鎺堜俊,RG3,CL_05,Android,Google,02_100%鍙婁互涓?12,12,8200000.0,7800000.0,5,12,3400000.0,8200000.0,4,12,2600000.0,8200000.0
2026-07-30,01_棣栫瑪鏀炬,01_棣栨鎺堜俊,RG4,CL_05,Android,Google,02_100%鍙婁互涓?16,16,8000000.0,8000000.0,8,16,4200000.0,8000000.0,5,16,2600000.0,8000000.0
2026-08-03,01_棣栫瑪鏀炬,01_棣栨鎺堜俊,RG1,CL_01,iOS,Facebook,02_100%鍙婁互涓?4,4,1.28E7,1.16E7,0,4,0.0,1.28E7,0,4,0.0,1.28E7
2026-07-22,01_棣栫瑪鏀炬,01_棣栨鎺堜俊,RG5,CL_05,Android,Tiktok,02_100%鍙婁互涓?1,1,400000.0,400000.0,0,1,0.0,400000.0,0,1,0.0,400000.0
2026-07-11,01_棣栫瑪鏀炬,02_闈為娆℃巿淇?RG7,CL_05,Android,Tiktok,02_100%鍙婁互涓?1,1,300000.0,300000.0,1,1,300000.0,300000.0,1,1,300000.0,300000.0
2026-08-06,01_棣栫瑪鏀炬,01_棣栨鎺堜俊,RG3,CL_05,Android,Facebook,02_100%鍙婁互涓?11,11,8200000.0,7800000.0,3,11,2200000.0,8200000.0,1,11,800000.0,8200000.0
2026-08-07,01_棣栫瑪鏀炬,01_棣栨鎺堜俊,RG3,CL_04,iOS,Facebook,02_100%鍙婁互涓?1,1,800000.0,800000.0,1,1,800000.0,800000.0,1,1,800000.0,800000.0
2026-07-18,01_棣栫瑪鏀炬,01_棣栨鎺堜俊,RG3,CL_05,iOS,Organic,02_100%鍙婁互涓?9,9,9200000.0,9200000.0,4,9,3600000.0,9200000.0,1,9,800000.0,9200000.0
2026-07-22,01_棣栫瑪鏀炬,01_棣栨鎺堜俊,RG2,CL_01,iOS,Organic,02_100%鍙婁互涓?5,5,1.04E7,1.04E7,1,5,2000000.0,1.04E7,1,5,2000000.0,1.04E7
2026-07-22,01_棣栫瑪鏀炬,02_闈為娆℃巿淇?RG4,CL_05,Android,Facebook,02_100%鍙婁互涓?3,3,1600000.0,1600000.0,2,3,1200000.0,1600000.0,2,3,1200000.0,1600000.0
2026-07-27,01_棣栫瑪鏀炬,01_棣栨鎺堜俊,RG4,CL_05,Android,Google,02_100%鍙婁互涓?19,19,9600000.0,9600000.0,10,19,5400000.0,9600000.0,9,19,4800000.0,9600000.0
2026-07-16,01_棣栫瑪鏀炬,02_闈為娆℃巿淇?RG4,CL_05,Android,Facebook,02_100%鍙婁互涓?2,2,1000000.0,1000000.0,1,2,400000.0,1000000.0,1,2,400000.0,1000000.0
2026-07-28,01_棣栫瑪鏀炬,01_棣栨鎺堜俊,RG3,CL_05,iOS,Organic,02_100%鍙婁互涓?1,1,1200000.0,1200000.0,0,1,0.0,1200000.0,0,1,0.0,1200000.0
2026-07-11,01_棣栫瑪鏀炬,01_棣栨鎺堜俊,RG4,CL_03,Android,Organic,02_100%鍙婁互涓?3,3,1600000.0,1600000.0,2,3,1200000.0,1600000.0,2,3,1200000.0,1600000.0
2026-08-31,01_棣栫瑪鏀炬,01_棣栨鎺堜俊,RG2,CL_01,iOS,ASA,02_100%鍙婁互涓?3,3,6500000.0,6000000.0,0,0,0.0,0.0,0,0,0.0,0.0
2026-08-11,01_棣栫瑪鏀炬,01_棣栨鎺堜俊,RG4,CL_05,iOS,ASA,02_100%鍙婁互涓?1,1,800000.0,800000.0,1,1,800000.0,800000.0,0,1,0.0,800000.0
2026-08-23,01_棣栫瑪鏀炬,01_棣栨鎺堜俊,RG3,CL_05,iOS,Organic,02_100%鍙婁互涓?5,5,5600000.0,5200000.0,1,5,1200000.0,5600000.0,0,0,0.0,0.0
2026-08-28,01_棣栫瑪鏀炬,01_棣栨鎺堜俊,RG2,CL_05,iOS,Facebook,02_100%鍙婁互涓?1,1,1500000.0,1500000.0,0,0,0.0,0.0,0,0,0.0,0.0
2026-09-01,01_棣栫瑪鏀炬,02_闈為娆℃巿淇?RG4,CL_05,Android,绌哄€?02_100%鍙婁互涓?1,1,300000.0,300000.0,0,0,0.0,0.0,0,0,0.0,0.0
2026-07-26,01_棣栫瑪鏀炬,01_棣栨鎺堜俊,RG5,CL_05,iOS,ASA,02_100%鍙婁互涓?2,2,800000.0,800000.0,1,2,400000.0,800000.0,0,2,0.0,800000.0
2026-07-20,01_棣栫瑪鏀炬,01_棣栨鎺堜俊,RG6,CL_05,Android,Facebook,02_100%鍙婁互涓?7,7,2400000.0,2400000.0,5,7,1800000.0,2400000.0,3,7,1100000.0,2400000.0
2026-08-20,01_棣栫瑪鏀炬,01_棣栨鎺堜俊,RG2,CL_01,iOS,Facebook,02_100%鍙婁互涓?2,2,4000000.0,4000000.0,1,2,2000000.0,4000000.0,0,0,0.0,0.0
2026-07-12,01_棣栫瑪鏀炬,01_棣栨鎺堜俊,RG4,CL_04,iOS,Organic,01_100%浠ヤ笅,1,1,500000.0,600000.0,0,1,0.0,500000.0,0,1,0.0,500000.0
2026-08-26,01_棣栫瑪鏀炬,01_棣栨鎺堜俊,RG0,CL_01,iOS,Tiktok,02_100%鍙婁互涓?1,1,5000000.0,4000000.0,0,0,0.0,0.0,0,0,0.0,0.0
2026-07-30,01_棣栫瑪鏀炬,02_闈為娆℃巿淇?RG5,CL_05,Android,Tiktok,02_100%鍙婁互涓?3,3,1100000.0,1100000.0,2,3,700000.0,1100000.0,2,3,700000.0,1100000.0
2026-08-18,01_棣栫瑪鏀炬,02_闈為娆℃巿淇?RG5,CL_05,Android,Facebook,01_100%浠ヤ笅,1,1,300000.0,400000.0,1,1,300000.0,300000.0,0,0,0.0,0.0
2026-08-20,01_棣栫瑪鏀炬,01_棣栨鎺堜俊,RG2,CL_05,Android,Google,02_100%鍙婁互涓?2,2,2200000.0,2000000.0,0,2,0.0,2200000.0,0,0,0.0,0.0
2026-08-07,01_棣栫瑪鏀炬,02_闈為娆℃巿淇?RG5,CL_05,iOS,ASA,02_100%鍙婁互涓?1,1,400000.0,400000.0,1,1,400000.0,400000.0,0,1,0.0,400000.0
2026-07-22,01_棣栫瑪鏀炬,02_闈為娆℃巿淇?RG4,CL_05,Android,Google,02_100%鍙婁互涓?1,1,400000.0,400000.0,0,1,0.0,400000.0,0,1,0.0,400000.0
2026-09-07,01_棣栫瑪鏀炬,02_闈為娆℃巿淇?RG5,CL_05,iOS,Organic,01_100%浠ヤ笅,1,1,300000.0,400000.0,0,0,0.0,0.0,0,0,0.0,0.0
2026-07-18,01_棣栫瑪鏀炬,02_闈為娆℃巿淇?RG7,CL_05,Android,Facebook,02_100%鍙婁互涓?1,1,300000.0,300000.0,0,1,0.0,300000.0,0,1,0.0,300000.0
2026-08-01,01_棣栫瑪鏀炬,01_棣栨鎺堜俊,RG2,CL_05,Android,Google,01_100%浠ヤ笅,1,1,300000.0,1200000.0,0,1,0.0,300000.0,0,1,0.0,300000.0
2026-07-11,01_棣栫瑪鏀炬,01_棣栨鎺堜俊,RG5,CL_03,Android,Facebook,02_100%鍙婁互涓?12,12,4500000.0,4500000.0,10,12,3800000.0,4500000.0,7,12,2600000.0,4500000.0
2026-07-15,01_棣栫瑪鏀炬,02_闈為娆℃巿淇?RG7,CL_04,Android,Tiktok,02_100%鍙婁互涓?1,1,300000.0,300000.0,0,1,0.0,300000.0,0,1,0.0,300000.0
2026-08-01,01_棣栫瑪鏀炬,01_棣栨鎺堜俊,RG1,CL_01,iOS,Organic,02_100%鍙婁互涓?1,1,2500000.0,2500000.0,0,1,0.0,2500000.0,0,1,0.0,2500000.0
2026-07-25,01_棣栫瑪鏀炬,01_棣栨鎺堜俊,RG2,CL_05,Android,绌哄€?02_100%鍙婁互涓?1,1,1000000.0,1000000.0,1,1,1000000.0,1000000.0,1,1,1000000.0,1000000.0
2026-08-23,01_棣栫瑪鏀炬,01_棣栨鎺堜俊,RG4,CL_05,Android,Tiktok,02_100%鍙婁互涓?11,11,4700000.0,4700000.0,5,11,2000000.0,4700000.0,0,0,0.0,0.0
2026-07-19,01_棣栫瑪鏀炬,01_棣栨鎺堜俊,RG5,CL_04,iOS,Organic,01_100%浠ヤ笅,1,1,300000.0,400000.0,1,1,300000.0,300000.0,0,1,0.0,300000.0
2026-07-14,01_棣栫瑪鏀炬,01_棣栨鎺堜俊,RG5,CL_03,Android,Facebook,02_100%鍙婁互涓?3,3,1200000.0,1200000.0,1,3,400000.0,1200000.0,1,3,400000.0,1200000.0
2026-07-12,01_棣栫瑪鏀炬,02_闈為娆℃巿淇?RG3,CL_05,Android,Organic,02_100%鍙婁互涓?1,1,600000.0,600000.0,1,1,600000.0,600000.0,1,1,600000.0,600000.0
2026-07-31,01_棣栫瑪鏀炬,01_棣栨鎺堜俊,RG0,CL_01,iOS,ASA,02_100%鍙婁互涓?1,1,4000000.0,4000000.0,0,1,0.0,4000000.0,0,1,0.0,4000000.0
2026-07-23,01_棣栫瑪鏀炬,01_棣栨鎺堜俊,RG3,CL_03,iOS,Facebook,02_100%鍙婁互涓?1,1,1000000.0,800000.0,0,1,0.0,1000000.0,0,1,0.0,1000000.0
2026-07-26,01_棣栫瑪鏀炬,01_棣栨鎺堜俊,RG3,CL_05,Android,Facebook,01_100%浠ヤ笅,1,1,400000.0,600000.0,0,1,0.0,400000.0,0,1,0.0,400000.0
2026-09-01,01_棣栫瑪鏀炬,01_棣栨鎺堜俊,RG2,CL_07,iOS,Organic,02_100%鍙婁互涓?1,1,2300000.0,1500000.0,0,0,0.0,0.0,0,0,0.0,0.0
2026-07-10,01_棣栫瑪鏀炬,01_棣栨鎺堜俊,RG2,CL_03,iOS,Organic,02_100%鍙婁互涓?1,1,1500000.0,1500000.0,0,1,0.0,1500000.0,0,1,0.0,1500000.0
2026-08-07,01_棣栫瑪鏀炬,01_棣栨鎺堜俊,RG2,CL_07,Android,Facebook,02_100%鍙婁互涓?6,6,7500000.0,7200000.0,2,6,2400000.0,7500000.0,1,6,1200000.0,7500000.0
2026-08-22,01_棣栫瑪鏀炬,01_棣栨鎺堜俊,RG3,CL_05,iOS,Tiktok,02_100%鍙婁互涓?1,1,1200000.0,1200000.0,0,1,0.0,1200000.0,0,0,0.0,0.0
2026-07-12,01_棣栫瑪鏀炬,01_棣栨鎺堜俊,RG1,CL_01,iOS,Facebook,02_100%鍙婁互涓?1,1,2500000.0,2500000.0,1,1,2500000.0,2500000.0,0,1,0.0,2500000.0
2026-08-02,01_棣栫瑪鏀炬,02_闈為娆℃巿淇?RG1,CL_01,Android,Facebook,02_100%鍙婁互涓?1,1,1500000.0,1500000.0,0,1,0.0,1500000.0,0,1,0.0,1500000.0
2026-08-18,01_棣栫瑪鏀炬,01_棣栨鎺堜俊,RG5,CL_05,iOS,Organic,02_100%鍙婁互涓?24,24,9400000.0,8200000.0,10,24,3800000.0,9400000.0,0,0,0.0,0.0
2026-08-21,01_棣栫瑪鏀炬,01_棣栨鎺堜俊,RG1,CL_01,iOS,Tiktok,02_100%鍙婁互涓?1,1,3700000.0,2500000.0,0,1,0.0,3700000.0,0,0,0.0,0.0
2026-08-04,01_棣栫瑪鏀炬,02_闈為娆℃巿淇?RG6,CL_05,Android,Organic,02_100%鍙婁互涓?1,1,300000.0,300000.0,1,1,300000.0,300000.0,0,1,0.0,300000.0
2026-07-10,01_棣栫瑪鏀炬,02_闈為娆℃巿淇?RG3,CL_05,iOS,Organic,02_100%鍙婁互涓?2,2,2400000.0,2000000.0,0,2,0.0,2400000.0,0,2,0.0,2400000.0
2026-08-22,01_棣栫瑪鏀炬,01_棣栨鎺堜俊,RG1,CL_01,Android,Facebook,02_100%鍙婁互涓?4,4,6000000.0,6000000.0,0,4,0.0,6000000.0,0,0,0.0,0.0
2026-09-03,01_棣栫瑪鏀炬,02_闈為娆℃巿淇?RG4,CL_05,Android,Facebook,02_100%鍙婁互涓?1,1,400000.0,400000.0,0,0,0.0,0.0,0,0,0.0,0.0
2026-07-16,01_棣栫瑪鏀炬,01_棣栨鎺堜俊,RG3,CL_05,iOS,Facebook,02_100%鍙婁互涓?4,4,3200000.0,3200000.0,1,4,800000.0,3200000.0,1,4,800000.0,3200000.0
2026-07-19,01_棣栫瑪鏀炬,02_闈為娆℃巿淇?RG5,CL_05,Android,Organic,02_100%鍙婁互涓?2,2,700000.0,700000.0,0,2,0.0,700000.0,0,2,0.0,700000.0
2026-07-22,01_棣栫瑪鏀炬,01_棣栨鎺堜俊,RG4,CL_05,iOS,Facebook,02_100%鍙婁互涓?2,2,1600000.0,1400000.0,0,2,0.0,1600000.0,0,2,0.0,1600000.0
2026-07-15,01_棣栫瑪鏀炬,02_闈為娆℃巿淇?RG4,CL_03,iOS,Facebook,02_100%鍙婁互涓?1,1,800000.0,800000.0,0,1,0.0,800000.0,0,1,0.0,800000.0
2026-07-15,01_棣栫瑪鏀炬,02_闈為娆℃巿淇?RG5,CL_05,iOS,Facebook,02_100%鍙婁互涓?1,1,300000.0,300000.0,0,1,0.0,300000.0,0,1,0.0,300000.0
2026-07-25,01_棣栫瑪鏀炬,01_棣栨鎺堜俊,RG5,CL_05,Android,Facebook,02_100%鍙婁互涓?15,15,5100000.0,5100000.0,5,15,1700000.0,5100000.0,2,15,600000.0,5100000.0
2026-07-31,01_棣栫瑪鏀炬,02_闈為娆℃巿淇?RG4,CL_05,iOS,Organic,02_100%鍙婁互涓?2,2,2000000.0,1600000.0,1,2,800000.0,2000000.0,1,2,800000.0,2000000.0
2026-08-25,01_棣栫瑪鏀炬,01_棣栨鎺堜俊,RG6,CL_05,Android,Google,02_100%鍙婁互涓?1,1,300000.0,300000.0,0,0,0.0,0.0,0,0,0.0,0.0
2026-08-02,01_棣栫瑪鏀炬,01_棣栨鎺堜俊,RG1,CL_01,iOS,Facebook,02_100%鍙婁互涓?2,2,5500000.0,5500000.0,2,2,5500000.0,5500000.0,1,2,3000000.0,5500000.0
2026-08-24,01_棣栫瑪鏀炬,01_棣栨鎺堜俊,RG3,CL_05,iOS,Facebook,02_100%鍙婁互涓?3,3,3200000.0,3200000.0,0,0,0.0,0.0,0,0,0.0,0.0
2026-08-16,01_棣栫瑪鏀炬,02_闈為娆℃巿淇?RG4,CL_05,iOS,Organic,01_100%浠ヤ笅,1,1,500000.0,600000.0,1,1,500000.0,500000.0,0,0,0.0,0.0
2026-07-29,01_棣栫瑪鏀炬,01_棣栨鎺堜俊,RG6,CL_05,Android,Tiktok,02_100%鍙婁互涓?1,1,300000.0,300000.0,1,1,300000.0,300000.0,1,1,300000.0,300000.0
2026-07-20,01_棣栫瑪鏀炬,01_棣栨鎺堜俊,RG3,CL_03,Android,Facebook,02_100%鍙婁互涓?2,2,1100000.0,900000.0,1,2,800000.0,1100000.0,1,2,800000.0,1100000.0
2026-08-04,01_棣栫瑪鏀炬,01_棣栨鎺堜俊,RG2,CL_05,Android,Google,01_100%浠ヤ笅,1,1,400000.0,1200000.0,1,1,400000.0,400000.0,1,1,400000.0,400000.0
2026-08-06,01_棣栫瑪鏀炬,02_闈為娆℃巿淇?RG4,CL_05,Android,绌哄€?02_100%鍙婁互涓?2,2,1200000.0,1200000.0,1,2,600000.0,1200000.0,1,2,600000.0,1200000.0
2026-07-10,01_棣栫瑪鏀炬,01_棣栨鎺堜俊,RG5,CL_05,Android,Facebook,02_100%鍙婁互涓?2,2,800000.0,800000.0,1,2,400000.0,800000.0,0,2,0.0,800000.0
2026-07-27,01_棣栫瑪鏀炬,01_棣栨鎺堜俊,RG2,CL_07,iOS,Organic,02_100%鍙婁互涓?2,2,3000000.0,3000000.0,1,2,1500000.0,3000000.0,1,2,1500000.0,3000000.0
2026-07-17,01_棣栫瑪鏀炬,01_棣栨鎺堜俊,RG3,CL_05,iOS,Organic,02_100%鍙婁互涓?5,5,4800000.0,4600000.0,2,5,2000000.0,4800000.0,1,5,1000000.0,4800000.0
2026-09-04,01_棣栫瑪鏀炬,01_棣栨鎺堜俊,RG2,CL_07,Android,Organic,02_100%鍙婁互涓?1,1,1800000.0,1200000.0,0,0,0.0,0.0,0,0,0.0,0.0
2026-07-19,01_棣栫瑪鏀炬,01_棣栨鎺堜俊,RG2,CL_05,Android,Organic,02_100%鍙婁互涓?2,2,2000000.0,2000000.0,2,2,2000000.0,2000000.0,2,2,2000000.0,2000000.0
2026-08-20,01_棣栫瑪鏀炬,01_棣栨鎺堜俊,RG5,CL_05,iOS,Facebook,02_100%鍙婁互涓?4,4,1600000.0,1400000.0,3,4,1200000.0,1600000.0,0,0,0.0,0.0
2026-08-05,01_棣栫瑪鏀炬,01_棣栨鎺堜俊,RG3,CL_05,iOS,Tiktok,02_100%鍙婁互涓?3,3,2800000.0,2800000.0,2,3,1600000.0,2800000.0,0,3,0.0,2800000.0
2026-07-21,01_棣栫瑪鏀炬,01_棣栨鎺堜俊,RG7,CL_05,Android,Organic,02_100%鍙婁互涓?2,2,600000.0,600000.0,2,2,600000.0,600000.0,1,2,300000.0,600000.0
2026-08-05,01_棣栫瑪鏀炬,01_棣栨鎺堜俊,RG2,CL_05,iOS,Facebook,02_100%鍙婁互涓?3,3,3600000.0,3600000.0,1,3,1200000.0,3600000.0,1,3,1200000.0,3600000.0
2026-08-09,01_棣栫瑪鏀炬,01_棣栨鎺堜俊,RG3,CL_05,Android,Google,01_100%浠ヤ笅,2,2,900000.0,1600000.0,2,2,900000.0,900000.0,0,2,0.0,900000.0
2026-07-20,01_棣栫瑪鏀炬,01_棣栨鎺堜俊,RG7,CL_05,Android,Facebook,02_100%鍙婁互涓?5,5,1500000.0,1500000.0,3,5,900000.0,1500000.0,2,5,600000.0,1500000.0
2026-09-01,01_棣栫瑪鏀炬,01_棣栨鎺堜俊,RG3,CL_05,Android,Facebook,02_100%鍙婁互涓?6,6,4100000.0,3800000.0,0,0,0.0,0.0,0,0,0.0,0.0
2026-07-25,01_棣栫瑪鏀炬,01_棣栨鎺堜俊,RG4,CL_03,Android,Facebook,02_100%鍙婁互涓?1,1,600000.0,600000.0,1,1,600000.0,600000.0,1,1,600000.0,600000.0
2026-08-31,01_棣栫瑪鏀炬,01_棣栨鎺堜俊,RG3,CL_05,Android,Facebook,01_100%浠ヤ笅,1,1,400000.0,600000.0,0,0,0.0,0.0,0,0,0.0,0.0
2026-08-16,01_棣栫瑪鏀炬,02_闈為娆℃巿淇?RG2,CL_01,iOS,Organic,02_100%鍙婁互涓?1,1,2000000.0,2000000.0,1,1,2000000.0,2000000.0,0,0,0.0,0.0
2026-09-05,01_棣栫瑪鏀炬,01_棣栨鎺堜俊,RG3,CL_05,iOS,Organic,02_100%鍙婁互涓?4,4,4800000.0,4800000.0,0,0,0.0,0.0,0,0,0.0,0.0
2026-08-27,01_棣栫瑪鏀炬,01_棣栨鎺堜俊,RG3,CL_05,Android,Facebook,02_100%鍙婁互涓?8,8,6000000.0,5800000.0,0,0,0.0,0.0,0,0,0.0,0.0
2026-09-06,01_棣栫瑪鏀炬,01_棣栨鎺堜俊,RG2,CL_05,Android,Tiktok,02_100%鍙婁互涓?2,2,2600000.0,2200000.0,0,0,0.0,0.0,0,0,0.0,0.0
2026-07-20,01_棣栫瑪鏀炬,01_棣栨鎺堜俊,RG4,CL_05,Android,Organic,02_100%鍙婁互涓?8,8,3600000.0,3600000.0,5,8,2200000.0,3600000.0,3,8,1400000.0,3600000.0
2026-08-15,01_棣栫瑪鏀炬,02_闈為娆℃巿淇?RG4,CL_05,Android,Tiktok,02_100%鍙婁互涓?1,1,400000.0,400000.0,0,1,0.0,400000.0,0,0,0.0,0.0
2026-08-27,01_棣栫瑪鏀炬,01_棣栨鎺堜俊,RG2,CL_07,Android,Tiktok,02_100%鍙婁互涓?2,2,2400000.0,2400000.0,0,0,0.0,0.0,0,0,0.0,0.0
2026-08-30,01_棣栫瑪鏀炬,02_闈為娆℃巿淇?RG3,CL_05,Android,Google,01_100%浠ヤ笅,2,2,1000000.0,1600000.0,0,0,0.0,0.0,0,0,0.0,0.0
2026-07-22,01_棣栫瑪鏀炬,02_闈為娆℃巿淇?RG3,CL_05,Android,Google,02_100%鍙婁互涓?1,1,600000.0,600000.0,1,1,600000.0,600000.0,0,1,0.0,600000.0
2026-07-16,01_棣栫瑪鏀炬,02_闈為娆℃巿淇?RG4,CL_04,Android,Organic,02_100%鍙婁互涓?2,2,800000.0,800000.0,0,2,0.0,800000.0,0,2,0.0,800000.0
2026-08-29,01_棣栫瑪鏀炬,02_闈為娆℃巿淇?RG3,CL_05,Android,Google,02_100%鍙婁互涓?2,2,1600000.0,1400000.0,0,0,0.0,0.0,0,0,0.0,0.0
2026-07-25,01_棣栫瑪鏀炬,01_棣栨鎺堜俊,RG3,CL_04,Android,Facebook,02_100%鍙婁互涓?1,1,800000.0,800000.0,0,1,0.0,800000.0,0,1,0.0,800000.0
2026-07-19,01_棣栫瑪鏀炬,01_棣栨鎺堜俊,RG2,CL_01,iOS,Organic,02_100%鍙婁互涓?1,1,2000000.0,2000000.0,0,1,0.0,2000000.0,0,1,0.0,2000000.0
2026-08-16,01_棣栫瑪鏀炬,01_棣栨鎺堜俊,RG2,CL_07,Android,Tiktok,02_100%鍙婁互涓?6,6,9000000.0,7200000.0,2,6,3000000.0,9000000.0,0,0,0.0,0.0
2026-09-03,01_棣栫瑪鏀炬,01_棣栨鎺堜俊,RG1,CL_01,Android,Tiktok,02_100%鍙婁互涓?5,5,1.0E7,7500000.0,0,0,0.0,0.0,0,0,0.0,0.0
2026-08-30,01_棣栫瑪鏀炬,02_闈為娆℃巿淇?RG2,CL_01,iOS,ASA,02_100%鍙婁互涓?1,1,2000000.0,2000000.0,0,0,0.0,0.0,0,0,0.0,0.0
2026-08-24,01_棣栫瑪鏀炬,02_闈為娆℃巿淇?RG4,CL_05,Android,Facebook,02_100%鍙婁互涓?6,6,2300000.0,2300000.0,0,0,0.0,0.0,0,0,0.0,0.0
2026-07-23,01_棣栫瑪鏀炬,01_棣栨鎺堜俊,RG3,CL_05,Android,Tiktok,02_100%鍙婁互涓?3,3,2300000.0,2200000.0,1,3,800000.0,2300000.0,1,3,800000.0,2300000.0
2026-08-29,01_棣栫瑪鏀炬,01_棣栨鎺堜俊,RG3,CL_05,iOS,Facebook,02_100%鍙婁互涓?1,1,800000.0,800000.0,0,0,0.0,0.0,0,0,0.0,0.0
2026-08-24,01_棣栫瑪鏀炬,01_棣栨鎺堜俊,RG5,CL_05,iOS,Organic,02_100%鍙婁互涓?12,12,4600000.0,4000000.0,0,0,0.0,0.0,0,0,0.0,0.0
2026-08-11,01_棣栫瑪鏀炬,01_棣栨鎺堜俊,RG2,CL_07,Android,Tiktok,02_100%鍙婁互涓?2,2,3000000.0,2400000.0,1,2,1200000.0,3000000.0,0,2,0.0,3000000.0
2026-08-16,01_棣栫瑪鏀炬,02_闈為娆℃巿淇?RG7,CL_05,Android,Tiktok,02_100%鍙婁互涓?1,1,300000.0,300000.0,0,1,0.0,300000.0,0,0,0.0,0.0
2026-09-04,01_棣栫瑪鏀炬,01_棣栨鎺堜俊,RG0,CL_01,iOS,Organic,02_100%鍙婁互涓?1,1,4000000.0,4000000.0,0,0,0.0,0.0,0,0,0.0,0.0
2026-07-17,01_棣栫瑪鏀炬,02_闈為娆℃巿淇?RG4,CL_03,Android,Facebook,02_100%鍙婁互涓?2,2,1200000.0,1200000.0,0,2,0.0,1200000.0,0,2,0.0,1200000.0
2026-07-25,01_棣栫瑪鏀炬,01_棣栨鎺堜俊,RG0,CL_06,iOS,ASA,02_100%鍙婁互涓?1,1,8200000.0,7200000.0,0,1,0.0,8200000.0,0,1,0.0,8200000.0
2026-07-12,01_棣栫瑪鏀炬,01_棣栨鎺堜俊,RG4,CL_04,iOS,Facebook,02_100%鍙婁互涓?1,1,800000.0,800000.0,0,1,0.0,800000.0,0,1,0.0,800000.0
2026-09-02,01_棣栫瑪鏀炬,01_棣栨鎺堜俊,RG4,CL_05,iOS,Organic,02_100%鍙婁互涓?2,2,1400000.0,1200000.0,0,0,0.0,0.0,0,0,0.0,0.0
2026-08-30,01_棣栫瑪鏀炬,02_闈為娆℃巿淇?RG1,CL_01,Android,Google,02_100%鍙婁互涓?1,1,1500000.0,1500000.0,0,0,0.0,0.0,0,0,0.0,0.0
2026-08-01,01_棣栫瑪鏀炬,01_棣栨鎺堜俊,RG5,CL_05,iOS,Organic,02_100%鍙婁互涓?16,16,6800000.0,5600000.0,6,16,2500000.0,6800000.0,6,16,2500000.0,6800000.0
2026-08-30,01_棣栫瑪鏀炬,01_棣栨鎺堜俊,RG1,CL_01,iOS,Facebook,02_100%鍙婁互涓?1,1,2500000.0,2500000.0,0,0,0.0,0.0,0,0,0.0,0.0
2026-08-16,01_棣栫瑪鏀炬,02_闈為娆℃巿淇?RG5,CL_05,iOS,Facebook,01_100%浠ヤ笅,1,1,300000.0,400000.0,1,1,300000.0,300000.0,0,0,0.0,0.0
2026-08-06,01_棣栫瑪鏀炬,01_棣栨鎺堜俊,RG4,CL_05,iOS,ASA,02_100%鍙婁互涓?3,3,2200000.0,2000000.0,1,3,600000.0,2200000.0,0,3,0.0,2200000.0
2026-08-13,01_棣栫瑪鏀炬,01_棣栨鎺堜俊,RG0,CL_06,iOS,Organic,02_100%鍙婁互涓?1,1,7800000.0,7800000.0,1,1,7800000.0,7800000.0,0,1,0.0,7800000.0
2026-08-24,01_棣栫瑪鏀炬,01_棣栨鎺堜俊,RG3,CL_05,Android,Tiktok,01_100%浠ヤ笅,1,1,500000.0,800000.0,0,0,0.0,0.0,0,0,0.0,0.0
2026-08-09,01_棣栫瑪鏀炬,01_棣栨鎺堜俊,RG3,CL_05,Android,Organic,02_100%鍙婁互涓?3,3,2200000.0,2000000.0,2,3,1400000.0,2200000.0,2,3,1400000.0,2200000.0
2026-08-19,01_棣栫瑪鏀炬,01_棣栨鎺堜俊,RG2,CL_01,iOS,Organic,02_100%鍙婁互涓?1,1,2000000.0,2000000.0,0,1,0.0,2000000.0,0,0,0.0,0.0
2026-08-24,01_棣栫瑪鏀炬,02_闈為娆℃巿淇?RG3,CL_05,Android,Facebook,02_100%鍙婁互涓?4,4,3200000.0,3200000.0,0,0,0.0,0.0,0,0,0.0,0.0
2026-08-04,01_棣栫瑪鏀炬,01_棣栨鎺堜俊,RG2,CL_05,Android,Organic,02_100%鍙婁互涓?1,1,1200000.0,1200000.0,1,1,1200000.0,1200000.0,1,1,1200000.0,1200000.0
2026-07-22,01_棣栫瑪鏀炬,01_棣栨鎺堜俊,RG5,CL_05,iOS,Organic,02_100%鍙婁互涓?21,21,8100000.0,7300000.0,8,21,3200000.0,8100000.0,5,21,1700000.0,8100000.0
2026-08-03,01_棣栫瑪鏀炬,01_棣栨鎺堜俊,RG4,CL_05,iOS,Organic,02_100%鍙婁互涓?3,3,2600000.0,2400000.0,1,3,1000000.0,2600000.0,1,3,1000000.0,2600000.0
2026-08-25,01_棣栫瑪鏀炬,01_棣栨鎺堜俊,RG1,CL_01,Android,Google,02_100%鍙婁互涓?2,2,4000000.0,3000000.0,0,0,0.0,0.0,0,0,0.0,0.0
2026-07-21,01_棣栫瑪鏀炬,02_闈為娆℃巿淇?RG5,CL_05,Android,Tiktok,02_100%鍙婁互涓?1,1,400000.0,400000.0,1,1,400000.0,400000.0,1,1,400000.0,400000.0
2026-07-22,01_棣栫瑪鏀炬,01_棣栨鎺堜俊,RG7,CL_05,Android,Tiktok,02_100%鍙婁互涓?2,2,600000.0,600000.0,1,2,300000.0,600000.0,0,2,0.0,600000.0
2026-09-03,01_棣栫瑪鏀炬,01_棣栨鎺堜俊,RG0,CL_06,iOS,Organic,02_100%鍙婁互涓?2,2,1.42E7,1.32E7,0,0,0.0,0.0,0,0,0.0,0.0
2026-07-31,01_棣栫瑪鏀炬,01_棣栨鎺堜俊,RG7,CL_05,Android,Facebook,02_100%鍙婁互涓?2,2,600000.0,600000.0,1,2,300000.0,600000.0,1,2,300000.0,600000.0
2026-07-22,01_棣栫瑪鏀炬,02_闈為娆℃巿淇?RG6,CL_05,Android,Organic,02_100%鍙婁互涓?4,4,1300000.0,1300000.0,3,4,1000000.0,1300000.0,3,4,1000000.0,1300000.0
2026-07-20,01_棣栫瑪鏀炬,02_闈為娆℃巿淇?RG5,CL_05,iOS,Facebook,02_100%鍙婁互涓?1,1,400000.0,400000.0,1,1,400000.0,400000.0,0,1,0.0,400000.0
2026-08-10,01_棣栫瑪鏀炬,02_闈為娆℃巿淇?RG6,CL_05,Android,Tiktok,02_100%鍙婁互涓?1,1,300000.0,300000.0,1,1,300000.0,300000.0,1,1,300000.0,300000.0
2026-08-15,01_棣栫瑪鏀炬,01_棣栨鎺堜俊,RG6,CL_05,Android,Google,02_100%鍙婁互涓?5,5,1500000.0,1500000.0,2,5,600000.0,1500000.0,0,0,0.0,0.0
2026-08-04,01_棣栫瑪鏀炬,01_棣栨鎺堜俊,RG4,CL_03,iOS,Organic,02_100%鍙婁互涓?1,1,400000.0,400000.0,0,1,0.0,400000.0,0,1,0.0,400000.0
2026-07-29,01_棣栫瑪鏀炬,01_棣栨鎺堜俊,RG0,CL_01,iOS,Organic,02_100%鍙婁互涓?2,2,9200000.0,9200000.0,0,2,0.0,9200000.0,0,2,0.0,9200000.0
2026-09-07,01_棣栫瑪鏀炬,01_棣栨鎺堜俊,RG1,CL_01,Android,Google,02_100%鍙婁互涓?5,5,9000000.0,8000000.0,0,0,0.0,0.0,0,0,0.0,0.0
2026-07-31,01_棣栫瑪鏀炬,01_棣栨鎺堜俊,RG3,CL_05,Android,Google,01_100%浠ヤ笅,1,1,500000.0,800000.0,0,1,0.0,500000.0,0,1,0.0,500000.0
2026-09-03,01_棣栫瑪鏀炬,01_棣栨鎺堜俊,RG4,CL_05,iOS,Facebook,02_100%鍙婁互涓?2,2,1400000.0,1400000.0,0,0,0.0,0.0,0,0,0.0,0.0
2026-07-27,01_棣栫瑪鏀炬,01_棣栨鎺堜俊,RG4,CL_05,iOS,ASA,02_100%鍙婁互涓?2,2,1400000.0,1400000.0,2,2,1400000.0,1400000.0,1,2,800000.0,1400000.0
2026-08-09,01_棣栫瑪鏀炬,01_棣栨鎺堜俊,RG2,CL_05,iOS,Facebook,02_100%鍙婁互涓?2,2,2400000.0,2400000.0,0,2,0.0,2400000.0,0,2,0.0,2400000.0
2026-08-04,01_棣栫瑪鏀炬,01_棣栨鎺堜俊,RG0,CL_01,iOS,Organic,02_100%鍙婁互涓?1,1,4000000.0,4000000.0,0,1,0.0,4000000.0,0,1,0.0,4000000.0
2026-07-11,01_棣栫瑪鏀炬,01_棣栨鎺堜俊,RG3,CL_04,Android,Organic,02_100%鍙婁互涓?1,1,800000.0,800000.0,1,1,800000.0,800000.0,0,1,0.0,800000.0
2026-08-14,01_棣栫瑪鏀炬,01_棣栨鎺堜俊,RG4,CL_05,iOS,Organic,02_100%鍙婁互涓?7,7,4800000.0,4800000.0,4,7,2800000.0,4800000.0,0,0,0.0,0.0
2026-07-10,01_棣栫瑪鏀炬,01_棣栨鎺堜俊,RG3,CL_03,iOS,ASA,02_100%鍙婁互涓?1,1,1200000.0,1200000.0,1,1,1200000.0,1200000.0,0,1,0.0,1200000.0
2026-07-17,01_棣栫瑪鏀炬,01_棣栨鎺堜俊,RG3,CL_05,Android,Tiktok,02_100%鍙婁互涓?3,3,2400000.0,2400000.0,2,3,1600000.0,2400000.0,2,3,1600000.0,2400000.0
2026-08-05,01_棣栫瑪鏀炬,01_棣栨鎺堜俊,RG1,CL_01,Android,Google,02_100%鍙婁互涓?2,2,3000000.0,3000000.0,0,2,0.0,3000000.0,0,2,0.0,3000000.0
2026-08-22,01_棣栫瑪鏀炬,02_闈為娆℃巿淇?RG4,CL_05,iOS,Organic,02_100%鍙婁互涓?1,1,800000.0,600000.0,1,1,800000.0,800000.0,0,0,0.0,0.0
2026-08-15,01_棣栫瑪鏀炬,01_棣栨鎺堜俊,RG3,CL_03,Android,Facebook,02_100%鍙婁互涓?1,1,800000.0,800000.0,1,1,800000.0,800000.0,0,0,0.0,0.0
2026-08-03,01_棣栫瑪鏀炬,01_棣栨鎺堜俊,RG3,CL_05,Android,Tiktok,02_100%鍙婁互涓?6,6,4100000.0,4000000.0,3,6,2100000.0,4100000.0,3,6,2100000.0,4100000.0
2026-08-12,01_棣栫瑪鏀炬,01_棣栨鎺堜俊,RG3,CL_05,iOS,Tiktok,02_100%鍙婁互涓?3,3,3200000.0,3200000.0,2,3,2000000.0,3200000.0,1,3,800000.0,3200000.0
2026-07-27,01_棣栫瑪鏀炬,01_棣栨鎺堜俊,RG3,CL_05,Android,Google,02_100%鍙婁互涓?24,24,1.71E7,1.68E7,13,24,9000000.0,1.71E7,10,24,6800000.0,1.71E7
2026-08-31,01_棣栫瑪鏀炬,02_闈為娆℃巿淇?RG4,CL_05,Android,Tiktok,02_100%鍙婁互涓?2,2,1000000.0,1000000.0,0,0,0.0,0.0,0,0,0.0,0.0
2026-07-13,01_棣栫瑪鏀炬,01_棣栨鎺堜俊,RG0,CL_01,iOS,Organic,02_100%鍙婁互涓?4,4,1.68E7,1.68E7,0,4,0.0,1.68E7,0,4,0.0,1.68E7
2026-08-08,01_棣栫瑪鏀炬,02_闈為娆℃巿淇?RG3,CL_05,Android,Google,02_100%鍙婁互涓?1,1,600000.0,600000.0,0,1,0.0,600000.0,0,1,0.0,600000.0
2026-07-17,01_棣栫瑪鏀炬,02_闈為娆℃巿淇?RG4,CL_05,Android,Organic,02_100%鍙婁互涓?2,2,800000.0,800000.0,1,2,400000.0,800000.0,1,2,400000.0,800000.0
2026-07-21,01_棣栫瑪鏀炬,01_棣栨鎺堜俊,RG5,CL_05,Android,Google,01_100%浠ヤ笅,1,1,300000.0,400000.0,1,1,300000.0,300000.0,0,1,0.0,300000.0
2026-07-28,01_棣栫瑪鏀炬,02_闈為娆℃巿淇?RG5,CL_05,Android,Facebook,02_100%鍙婁互涓?6,6,2200000.0,2200000.0,3,6,1100000.0,2200000.0,3,6,1100000.0,2200000.0
2026-08-15,01_棣栫瑪鏀炬,01_棣栨鎺堜俊,RG5,CL_05,iOS,ASA,02_100%鍙婁互涓?5,5,2400000.0,1800000.0,4,5,2000000.0,2400000.0,0,0,0.0,0.0
2026-08-03,01_棣栫瑪鏀炬,02_闈為娆℃巿淇?RG1,CL_01,iOS,绌哄€?02_100%鍙婁互涓?1,1,3700000.0,2500000.0,0,1,0.0,3700000.0,0,1,0.0,3700000.0
2026-08-11,01_棣栫瑪鏀炬,02_闈為娆℃巿淇?RG5,CL_05,Android,Tiktok,02_100%鍙婁互涓?2,2,700000.0,700000.0,2,2,700000.0,700000.0,1,2,400000.0,700000.0
2026-08-06,01_棣栫瑪鏀炬,01_棣栨鎺堜俊,RG2,CL_05,iOS,Organic,02_100%鍙婁互涓?1,1,1200000.0,1200000.0,0,1,0.0,1200000.0,0,1,0.0,1200000.0
2026-08-12,01_棣栫瑪鏀炬,02_闈為娆℃巿淇?RG2,CL_05,Android,Facebook,02_100%鍙婁互涓?1,1,1600000.0,1200000.0,0,1,0.0,1600000.0,0,1,0.0,1600000.0
2026-08-13,01_棣栫瑪鏀炬,01_棣栨鎺堜俊,RG3,CL_05,iOS,Facebook,02_100%鍙婁互涓?3,3,2800000.0,2800000.0,2,3,1600000.0,2800000.0,2,3,1600000.0,2800000.0
2026-09-04,01_棣栫瑪鏀炬,02_闈為娆℃巿淇?RG3,CL_05,Android,Google,02_100%鍙婁互涓?1,1,600000.0,600000.0,0,0,0.0,0.0,0,0,0.0,0.0
2026-08-12,01_棣栫瑪鏀炬,01_棣栨鎺堜俊,RG2,CL_08,Android,Organic,02_100%鍙婁互涓?1,1,8.0E7,8.0E7,0,0,0.0,0.0,0,0,0.0,0.0
2026-08-23,01_棣栫瑪鏀炬,01_棣栨鎺堜俊,RG2,CL_07,Android,Google,02_100%鍙婁互涓?2,2,3300000.0,2400000.0,2,2,3300000.0,3300000.0,0,0,0.0,0.0
2026-08-23,01_棣栫瑪鏀炬,02_闈為娆℃巿淇?RG2,CL_05,iOS,Facebook,02_100%鍙婁互涓?1,1,1200000.0,1200000.0,0,1,0.0,1200000.0,0,0,0.0,0.0
2026-07-16,01_棣栫瑪鏀炬,01_棣栨鎺堜俊,RG1,CL_01,iOS,Organic,02_100%鍙婁互涓?3,3,8800000.0,8800000.0,1,3,3000000.0,8800000.0,1,3,3000000.0,8800000.0
2026-09-02,01_棣栫瑪鏀炬,02_闈為娆℃巿淇?RG3,CL_05,Android,Organic,02_100%鍙婁互涓?1,1,800000.0,800000.0,0,0,0.0,0.0,0,0,0.0,0.0
2026-07-15,01_棣栫瑪鏀炬,01_棣栨鎺堜俊,RG1,CL_01,iOS,ASA,02_100%鍙婁互涓?1,1,2500000.0,2500000.0,0,1,0.0,2500000.0,0,1,0.0,2500000.0
2026-07-14,01_棣栫瑪鏀炬,01_棣栨鎺堜俊,RG7,CL_04,Android,Facebook,02_100%鍙婁互涓?4,4,1200000.0,1200000.0,2,4,600000.0,1200000.0,2,4,600000.0,1200000.0
2026-08-23,01_棣栫瑪鏀炬,01_棣栨鎺堜俊,RG3,CL_05,Android,Tiktok,02_100%鍙婁互涓?4,4,3200000.0,3000000.0,1,4,800000.0,3200000.0,0,0,0.0,0.0
2026-08-11,01_棣栫瑪鏀炬,01_棣栨鎺堜俊,RG4,CL_05,Android,Facebook,02_100%鍙婁互涓?12,12,6000000.0,6000000.0,6,12,3000000.0,6000000.0,5,12,2400000.0,6000000.0
2026-07-11,01_棣栫瑪鏀炬,01_棣栨鎺堜俊,RG7,CL_04,Android,Facebook,02_100%鍙婁互涓?2,2,600000.0,600000.0,2,2,600000.0,600000.0,2,2,600000.0,600000.0
2026-07-28,01_棣栫瑪鏀炬,01_棣栨鎺堜俊,RG5,CL_05,iOS,Facebook,02_100%鍙婁互涓?4,4,1300000.0,1300000.0,1,4,300000.0,1300000.0,1,4,300000.0,1300000.0
2026-09-04,01_棣栫瑪鏀炬,02_闈為娆℃巿淇?RG4,CL_05,Android,Facebook,02_100%鍙婁互涓?2,2,1000000.0,1000000.0,0,0,0.0,0.0,0,0,0.0,0.0
2026-08-06,01_棣栫瑪鏀炬,01_棣栨鎺堜俊,RG4,CL_05,iOS,Tiktok,01_100%浠ヤ笅,1,1,400000.0,600000.0,0,1,0.0,400000.0,0,1,0.0,400000.0
2026-07-20,01_棣栫瑪鏀炬,01_棣栨鎺堜俊,RG4,CL_03,Android,Facebook,02_100%鍙婁互涓?1,1,600000.0,600000.0,1,1,600000.0,600000.0,1,1,600000.0,600000.0
2026-08-08,01_棣栫瑪鏀炬,01_棣栨鎺堜俊,RG2,CL_05,iOS,Tiktok,02_100%鍙婁互涓?3,3,4200000.0,4200000.0,1,3,1500000.0,4200000.0,1,3,1500000.0,4200000.0
2026-08-27,01_棣栫瑪鏀炬,01_棣栨鎺堜俊,RG2,CL_05,iOS,Organic,02_100%鍙婁互涓?1,1,2100000.0,1500000.0,0,0,0.0,0.0,0,0,0.0,0.0
2026-07-26,01_棣栫瑪鏀炬,01_棣栨鎺堜俊,RG3,CL_05,Android,Organic,02_100%鍙婁互涓?4,4,3700000.0,3200000.0,0,4,0.0,3700000.0,0,4,0.0,3700000.0
2026-07-22,01_棣栫瑪鏀炬,01_棣栨鎺堜俊,RG5,CL_03,Android,ASA,02_100%鍙婁互涓?1,1,300000.0,300000.0,0,1,0.0,300000.0,0,1,0.0,300000.0
2026-08-09,01_棣栫瑪鏀炬,02_闈為娆℃巿淇?RG2,CL_07,Android,Facebook,02_100%鍙婁互涓?1,1,1200000.0,1200000.0,0,1,0.0,1200000.0,0,1,0.0,1200000.0
2026-08-17,01_棣栫瑪鏀炬,01_棣栨鎺堜俊,RG2,CL_05,Android,Google,02_100%鍙婁互涓?1,1,1200000.0,1200000.0,0,1,0.0,1200000.0,0,0,0.0,0.0
2026-08-06,01_棣栫瑪鏀炬,01_棣栨鎺堜俊,RG2,CL_05,Android,Tiktok,02_100%鍙婁互涓?1,1,1200000.0,1200000.0,0,1,0.0,1200000.0,0,1,0.0,1200000.0
2026-07-11,01_棣栫瑪鏀炬,02_闈為娆℃巿淇?RG5,CL_05,iOS,Organic,02_100%鍙婁互涓?3,3,1000000.0,1000000.0,2,3,600000.0,1000000.0,1,3,300000.0,1000000.0
2026-08-15,01_棣栫瑪鏀炬,01_棣栨鎺堜俊,RG1,CL_01,Android,Google,02_100%鍙婁互涓?6,6,9500000.0,9000000.0,1,6,1500000.0,9500000.0,0,0,0.0,0.0
2026-08-21,01_棣栫瑪鏀炬,01_棣栨鎺堜俊,RG5,CL_05,iOS,Tiktok,02_100%鍙婁互涓?2,2,1000000.0,600000.0,1,2,300000.0,1000000.0,0,0,0.0,0.0
2026-08-04,01_棣栫瑪鏀炬,01_棣栨鎺堜俊,RG2,CL_07,iOS,Tiktok,02_100%鍙婁互涓?1,1,1500000.0,1500000.0,0,1,0.0,1500000.0,0,1,0.0,1500000.0
2026-08-31,01_棣栫瑪鏀炬,01_棣栨鎺堜俊,RG4,CL_05,Android,Organic,02_100%鍙婁互涓?1,1,400000.0,400000.0,0,0,0.0,0.0,0,0,0.0,0.0
2026-08-12,01_棣栫瑪鏀炬,01_棣栨鎺堜俊,RG4,CL_05,Android,Facebook,01_100%浠ヤ笅,1,1,400000.0,600000.0,0,1,0.0,400000.0,0,1,0.0,400000.0
2026-09-03,01_棣栫瑪鏀炬,02_闈為娆℃巿淇?RG4,CL_05,Android,Google,02_100%鍙婁互涓?1,1,600000.0,600000.0,0,0,0.0,0.0,0,0,0.0,0.0
2026-07-13,01_棣栫瑪鏀炬,01_棣栨鎺堜俊,RG5,CL_05,iOS,Organic,02_100%鍙婁互涓?1,1,400000.0,400000.0,1,1,400000.0,400000.0,1,1,400000.0,400000.0
2026-08-26,01_棣栫瑪鏀炬,01_棣栨鎺堜俊,RG2,CL_05,iOS,Organic,02_100%鍙婁互涓?1,1,1200000.0,1200000.0,0,0,0.0,0.0,0,0,0.0,0.0
2026-07-14,01_棣栫瑪鏀炬,01_棣栨鎺堜俊,RG5,CL_04,iOS,ASA,02_100%鍙婁互涓?2,2,700000.0,700000.0,1,2,300000.0,700000.0,1,2,300000.0,700000.0
2026-09-02,01_棣栫瑪鏀炬,01_棣栨鎺堜俊,RG0,CL_06,iOS,Google,02_100%鍙婁互涓?1,1,8200000.0,7200000.0,0,0,0.0,0.0,0,0,0.0,0.0
2026-07-24,01_棣栫瑪鏀炬,02_闈為娆℃巿淇?RG4,CL_05,Android,绌哄€?02_100%鍙婁互涓?1,1,600000.0,600000.0,1,1,600000.0,600000.0,0,1,0.0,600000.0
2026-07-27,01_棣栫瑪鏀炬,01_棣栨鎺堜俊,RG6,CL_05,Android,Organic,02_100%鍙婁互涓?2,2,600000.0,600000.0,1,2,300000.0,600000.0,1,2,300000.0,600000.0
2026-08-03,01_棣栫瑪鏀炬,01_棣栨鎺堜俊,RG3,CL_05,iOS,Organic,02_100%鍙婁互涓?5,5,5600000.0,5200000.0,2,5,2000000.0,5600000.0,2,5,2000000.0,5600000.0
2026-07-16,01_棣栫瑪鏀炬,01_棣栨鎺堜俊,RG4,CL_04,Android,Tiktok,02_100%鍙婁互涓?1,1,600000.0,600000.0,0,1,0.0,600000.0,0,1,0.0,600000.0
2026-07-24,01_棣栫瑪鏀炬,02_闈為娆℃巿淇?RG6,CL_05,Android,Tiktok,02_100%鍙婁互涓?2,2,600000.0,600000.0,0,2,0.0,600000.0,0,2,0.0,600000.0
2026-07-13,01_棣栫瑪鏀炬,02_闈為娆℃巿淇?RG6,CL_04,Android,Facebook,02_100%鍙婁互涓?1,1,300000.0,300000.0,1,1,300000.0,300000.0,1,1,300000.0,300000.0
2026-08-29,01_棣栫瑪鏀炬,02_闈為娆℃巿淇?RG4,CL_05,Android,Google,02_100%鍙婁互涓?1,1,500000.0,500000.0,0,0,0.0,0.0,0,0,0.0,0.0
2026-07-31,01_棣栫瑪鏀炬,01_棣栨鎺堜俊,RG2,CL_01,Android,Facebook,02_100%鍙婁互涓?1,1,2100000.0,1500000.0,1,1,2100000.0,2100000.0,1,1,2100000.0,2100000.0
2026-08-19,01_棣栫瑪鏀炬,02_闈為娆℃巿淇?RG3,CL_05,Android,Google,02_100%鍙婁互涓?3,3,2000000.0,2000000.0,1,3,800000.0,2000000.0,0,0,0.0,0.0
2026-09-03,01_棣栫瑪鏀炬,01_棣栨鎺堜俊,RG2,CL_01,iOS,Organic,02_100%鍙婁互涓?1,1,2000000.0,2000000.0,0,0,0.0,0.0,0,0,0.0,0.0
2026-07-30,01_棣栫瑪鏀炬,01_棣栨鎺堜俊,RG2,CL_05,Android,Tiktok,02_100%鍙婁互涓?2,2,2400000.0,2400000.0,1,2,1200000.0,2400000.0,1,2,1200000.0,2400000.0
2026-08-25,01_棣栫瑪鏀炬,01_棣栨鎺堜俊,RG3,CL_05,iOS,Tiktok,02_100%鍙婁互涓?1,1,1200000.0,1200000.0,0,0,0.0,0.0,0,0,0.0,0.0
2026-08-10,01_棣栫瑪鏀炬,01_棣栨鎺堜俊,RG3,CL_05,Android,Facebook,02_100%鍙婁互涓?16,16,1.18E7,1.12E7,6,16,4500000.0,1.18E7,5,16,3700000.0,1.18E7
2026-07-25,01_棣栫瑪鏀炬,02_闈為娆℃巿淇?RG5,CL_05,Android,绌哄€?02_100%鍙婁互涓?1,1,400000.0,400000.0,1,1,400000.0,400000.0,1,1,400000.0,400000.0
2026-09-03,01_棣栫瑪鏀炬,01_棣栨鎺堜俊,RG1,CL_01,iOS,Organic,02_100%鍙婁互涓?2,2,5800000.0,5800000.0,0,0,0.0,0.0,0,0,0.0,0.0
2026-08-29,01_棣栫瑪鏀炬,02_闈為娆℃巿淇?RG4,CL_05,Android,Facebook,02_100%鍙婁互涓?1,1,500000.0,500000.0,0,0,0.0,0.0,0,0,0.0,0.0
2026-08-20,01_棣栫瑪鏀炬,01_棣栨鎺堜俊,RG5,CL_05,iOS,Google,02_100%鍙婁互涓?1,1,500000.0,300000.0,0,1,0.0,500000.0,0,0,0.0,0.0
2026-07-18,01_棣栫瑪鏀炬,01_棣栨鎺堜俊,RG5,CL_03,iOS,Organic,02_100%鍙婁互涓?1,1,300000.0,300000.0,1,1,300000.0,300000.0,1,1,300000.0,300000.0
2026-07-22,01_棣栫瑪鏀炬,01_棣栨鎺堜俊,RG2,CL_05,Android,Organic,02_100%鍙婁互涓?3,3,3200000.0,3200000.0,1,3,1200000.0,3200000.0,1,3,1200000.0,3200000.0
2026-08-29,01_棣栫瑪鏀炬,02_闈為娆℃巿淇?RG2,CL_05,Android,Tiktok,02_100%鍙婁互涓?1,1,1000000.0,1000000.0,0,0,0.0,0.0,0,0,0.0,0.0
2026-08-03,01_棣栫瑪鏀炬,02_闈為娆℃巿淇?RG6,CL_05,Android,Facebook,02_100%鍙婁互涓?1,1,300000.0,300000.0,1,1,300000.0,300000.0,1,1,300000.0,300000.0
2026-08-14,01_棣栫瑪鏀炬,01_棣栨鎺堜俊,RG1,CL_01,iOS,Facebook,02_100%鍙婁互涓?6,6,1.65E7,1.55E7,0,6,0.0,1.65E7,0,0,0.0,0.0
2026-08-11,01_棣栫瑪鏀炬,02_闈為娆℃巿淇?RG2,CL_01,iOS,Organic,02_100%鍙婁互涓?1,1,2000000.0,2000000.0,0,1,0.0,2000000.0,0,1,0.0,2000000.0
2026-07-10,01_棣栫瑪鏀炬,01_棣栨鎺堜俊,RG5,CL_04,Android,Organic,02_100%鍙婁互涓?1,1,400000.0,400000.0,0,1,0.0,400000.0,0,1,0.0,400000.0
2026-08-05,01_棣栫瑪鏀炬,01_棣栨鎺堜俊,RG4,CL_05,iOS,Tiktok,02_100%鍙婁互涓?1,1,600000.0,600000.0,1,1,600000.0,600000.0,0,1,0.0,600000.0
2026-08-05,01_棣栫瑪鏀炬,01_棣栨鎺堜俊,RG7,CL_05,Android,Facebook,02_100%鍙婁互涓?1,1,300000.0,300000.0,1,1,300000.0,300000.0,1,1,300000.0,300000.0
2026-07-18,01_棣栫瑪鏀炬,02_闈為娆℃巿淇?RG4,CL_05,Android,Organic,02_100%鍙婁互涓?3,3,1400000.0,1400000.0,1,3,400000.0,1400000.0,1,3,400000.0,1400000.0
2026-08-04,01_棣栫瑪鏀炬,02_闈為娆℃巿淇?RG5,CL_05,Android,Organic,02_100%鍙婁互涓?4,4,1600000.0,1600000.0,0,4,0.0,1600000.0,0,4,0.0,1600000.0
2026-07-12,01_棣栫瑪鏀炬,01_棣栨鎺堜俊,RG2,CL_03,Android,Organic,02_100%鍙婁互涓?1,1,1400000.0,1000000.0,0,1,0.0,1400000.0,0,1,0.0,1400000.0
2026-07-15,01_棣栫瑪鏀炬,01_棣栨鎺堜俊,RG3,CL_05,Android,Organic,02_100%鍙婁互涓?1,1,800000.0,800000.0,1,1,800000.0,800000.0,1,1,800000.0,800000.0
2026-08-17,01_棣栫瑪鏀炬,01_棣栨鎺堜俊,RG2,CL_07,Android,Facebook,02_100%鍙婁互涓?4,4,5400000.0,4800000.0,1,4,1800000.0,5400000.0,0,0,0.0,0.0
2026-07-29,01_棣栫瑪鏀炬,02_闈為娆℃巿淇?RG3,CL_05,Android,Facebook,02_100%鍙婁互涓?1,1,1000000.0,800000.0,0,1,0.0,1000000.0,0,1,0.0,1000000.0
2026-07-24,01_棣栫瑪鏀炬,01_棣栨鎺堜俊,RG3,CL_05,Android,Facebook,02_100%鍙婁互涓?11,11,7500000.0,7400000.0,7,11,4700000.0,7500000.0,6,11,4100000.0,7500000.0
2026-07-18,01_棣栫瑪鏀炬,02_闈為娆℃巿淇?RG6,CL_05,Android,Facebook,02_100%鍙婁互涓?1,1,300000.0,300000.0,1,1,300000.0,300000.0,1,1,300000.0,300000.0
2026-08-02,01_棣栫瑪鏀炬,02_闈為娆℃巿淇?RG2,CL_05,Android,绌哄€?02_100%鍙婁互涓?1,1,1200000.0,1200000.0,1,1,1200000.0,1200000.0,1,1,1200000.0,1200000.0
2026-07-25,01_棣栫瑪鏀炬,02_闈為娆℃巿淇?RG4,CL_05,iOS,Organic,02_100%鍙婁互涓?2,2,1600000.0,1600000.0,1,2,800000.0,1600000.0,1,2,800000.0,1600000.0
2026-07-12,01_棣栫瑪鏀炬,01_棣栨鎺堜俊,RG3,CL_05,Android,Tiktok,02_100%鍙婁互涓?1,1,600000.0,600000.0,1,1,600000.0,600000.0,0,1,0.0,600000.0
2026-07-25,01_棣栫瑪鏀炬,01_棣栨鎺堜俊,RG5,CL_05,iOS,ASA,02_100%鍙婁互涓?1,1,400000.0,400000.0,0,1,0.0,400000.0,0,1,0.0,400000.0
2026-07-22,01_棣栫瑪鏀炬,01_棣栨鎺堜俊,RG1,CL_01,iOS,Organic,02_100%鍙婁互涓?3,3,8500000.0,8500000.0,1,3,3000000.0,8500000.0,0,3,0.0,8500000.0
2026-07-26,01_棣栫瑪鏀炬,01_棣栨鎺堜俊,RG6,CL_05,Android,Google,02_100%鍙婁互涓?2,2,600000.0,600000.0,1,2,300000.0,600000.0,1,2,300000.0,600000.0
2026-07-16,01_棣栫瑪鏀炬,01_棣栨鎺堜俊,RG5,CL_05,iOS,Organic,02_100%鍙婁互涓?15,15,5200000.0,5200000.0,8,15,2800000.0,5200000.0,6,15,2100000.0,5200000.0
2026-07-11,01_棣栫瑪鏀炬,01_棣栨鎺堜俊,RG2,CL_04,iOS,Facebook,02_100%鍙婁互涓?1,1,1500000.0,1500000.0,0,1,0.0,1500000.0,0,1,0.0,1500000.0
2026-08-28,01_棣栫瑪鏀炬,01_棣栨鎺堜俊,RG5,CL_05,Android,Facebook,02_100%鍙婁互涓?1,1,400000.0,400000.0,0,0,0.0,0.0,0,0,0.0,0.0
2026-07-30,01_棣栫瑪鏀炬,01_棣栨鎺堜俊,RG3,CL_05,Android,Google,02_100%鍙婁互涓?5,5,3600000.0,3600000.0,2,5,1400000.0,3600000.0,1,5,800000.0,3600000.0
2026-08-12,01_棣栫瑪鏀炬,01_棣栨鎺堜俊,RG5,CL_05,Android,Google,02_100%鍙婁互涓?9,9,3200000.0,3200000.0,7,9,2500000.0,3200000.0,4,9,1400000.0,3200000.0
2026-08-30,01_棣栫瑪鏀炬,01_棣栨鎺堜俊,RG2,CL_01,iOS,Facebook,02_100%鍙婁互涓?1,1,2000000.0,2000000.0,0,0,0.0,0.0,0,0,0.0,0.0
2026-07-22,01_棣栫瑪鏀炬,02_闈為娆℃巿淇?RG5,CL_05,Android,Organic,02_100%鍙婁互涓?1,1,400000.0,400000.0,0,1,0.0,400000.0,0,1,0.0,400000.0
2026-08-08,01_棣栫瑪鏀炬,01_棣栨鎺堜俊,RG2,CL_01,iOS,Organic,02_100%鍙婁互涓?2,2,4000000.0,4000000.0,1,2,2000000.0,4000000.0,1,2,2000000.0,4000000.0
2026-08-17,01_棣栫瑪鏀炬,01_棣栨鎺堜俊,RG3,CL_05,iOS,Organic,02_100%鍙婁互涓?5,5,5400000.0,5200000.0,3,5,3400000.0,5400000.0,0,0,0.0,0.0
2026-07-10,01_棣栫瑪鏀炬,01_棣栨鎺堜俊,RG2,CL_01,Android,Facebook,02_100%鍙婁互涓?6,6,9900000.0,9000000.0,1,6,1500000.0,9900000.0,1,6,1500000.0,9900000.0
2026-08-10,01_棣栫瑪鏀炬,01_棣栨鎺堜俊,RG2,CL_05,Android,Tiktok,02_100%鍙婁互涓?4,4,5000000.0,4600000.0,2,4,2400000.0,5000000.0,2,4,2400000.0,5000000.0
2026-08-29,01_棣栫瑪鏀炬,01_棣栨鎺堜俊,RG1,CL_01,iOS,Organic,02_100%鍙婁互涓?1,1,2500000.0,2500000.0,0,0,0.0,0.0,0,0,0.0,0.0
2026-07-19,01_棣栫瑪鏀炬,01_棣栨鎺堜俊,RG5,CL_03,iOS,Facebook,02_100%鍙婁互涓?1,1,500000.0,300000.0,1,1,500000.0,500000.0,1,1,500000.0,500000.0
2026-08-30,01_棣栫瑪鏀炬,02_闈為娆℃巿淇?RG2,CL_07,iOS,Facebook,02_100%鍙婁互涓?1,1,1500000.0,1500000.0,0,0,0.0,0.0,0,0,0.0,0.0
2026-08-04,01_棣栫瑪鏀炬,02_闈為娆℃巿淇?RG4,CL_05,Android,Facebook,02_100%鍙婁互涓?7,7,4000000.0,4000000.0,4,7,2400000.0,4000000.0,4,7,2400000.0,4000000.0
2026-07-15,01_棣栫瑪鏀炬,01_棣栨鎺堜俊,RG5,CL_03,Android,Organic,02_100%鍙婁互涓?2,2,600000.0,600000.0,1,2,300000.0,600000.0,1,2,300000.0,600000.0
2026-07-27,01_棣栫瑪鏀炬,02_闈為娆℃巿淇?RG3,CL_05,Android,绌哄€?02_100%鍙婁互涓?1,1,800000.0,800000.0,0,1,0.0,800000.0,0,1,0.0,800000.0
2026-07-15,01_棣栫瑪鏀炬,01_棣栨鎺堜俊,RG6,CL_03,Android,Organic,02_100%鍙婁互涓?1,1,300000.0,300000.0,1,1,300000.0,300000.0,0,1,0.0,300000.0
2026-08-28,01_棣栫瑪鏀炬,01_棣栨鎺堜俊,RG1,CL_01,Android,Google,02_100%鍙婁互涓?2,2,3000000.0,3000000.0,0,0,0.0,0.0,0,0,0.0,0.0
2026-07-28,01_棣栫瑪鏀炬,02_闈為娆℃巿淇?RG4,CL_05,Android,Organic,02_100%鍙婁互涓?2,2,1000000.0,1000000.0,2,2,1000000.0,1000000.0,2,2,1000000.0,1000000.0
2026-08-15,01_棣栫瑪鏀炬,01_棣栨鎺堜俊,RG2,CL_05,iOS,Facebook,02_100%鍙婁互涓?3,3,4800000.0,4200000.0,2,3,3600000.0,4800000.0,0,0,0.0,0.0
2026-07-13,01_棣栫瑪鏀炬,02_闈為娆℃巿淇?RG4,CL_04,Android,Organic,02_100%鍙婁互涓?1,1,400000.0,400000.0,0,1,0.0,400000.0,0,1,0.0,400000.0
2026-07-11,01_棣栫瑪鏀炬,01_棣栨鎺堜俊,RG7,CL_03,Android,Facebook,02_100%鍙婁互涓?2,2,600000.0,600000.0,1,2,300000.0,600000.0,0,2,0.0,600000.0
2026-08-17,01_棣栫瑪鏀炬,01_棣栨鎺堜俊,RG2,CL_07,Android,Google,02_100%鍙婁互涓?5,5,6000000.0,6000000.0,2,5,2400000.0,6000000.0,0,0,0.0,0.0
2026-07-11,01_棣栫瑪鏀炬,01_棣栨鎺堜俊,RG6,CL_05,Android,Organic,02_100%鍙婁互涓?1,1,400000.0,400000.0,1,1,400000.0,400000.0,0,1,0.0,400000.0
2026-07-25,01_棣栫瑪鏀炬,01_棣栨鎺堜俊,RG3,CL_03,Android,Facebook,02_100%鍙婁互涓?1,1,900000.0,800000.0,0,1,0.0,900000.0,0,1,0.0,900000.0
2026-07-14,01_棣栫瑪鏀炬,01_棣栨鎺堜俊,RG4,CL_04,Android,Organic,02_100%鍙婁互涓?2,2,1000000.0,1000000.0,0,2,0.0,1000000.0,0,2,0.0,1000000.0
2026-08-10,01_棣栫瑪鏀炬,01_棣栨鎺堜俊,RG0,CL_01,iOS,Tiktok,02_100%鍙婁互涓?1,1,4000000.0,4000000.0,0,1,0.0,4000000.0,0,1,0.0,4000000.0
2026-09-02,01_棣栫瑪鏀炬,01_棣栨鎺堜俊,RG2,CL_01,iOS,Organic,01_100%浠ヤ笅,1,1,2000000.0,2400000.0,0,0,0.0,0.0,0,0,0.0,0.0
2026-08-08,01_棣栫瑪鏀炬,02_闈為娆℃巿淇?RG4,CL_05,Android,Facebook,02_100%鍙婁互涓?4,4,1800000.0,1800000.0,3,4,1400000.0,1800000.0,1,4,400000.0,1800000.0
2026-07-14,01_棣栫瑪鏀炬,01_棣栨鎺堜俊,RG3,CL_03,Android,Organic,02_100%鍙婁互涓?2,2,1400000.0,1400000.0,0,2,0.0,1400000.0,0,2,0.0,1400000.0
2026-07-23,01_棣栫瑪鏀炬,02_闈為娆℃巿淇?RG5,CL_05,iOS,ASA,02_100%鍙婁互涓?1,1,400000.0,400000.0,1,1,400000.0,400000.0,1,1,400000.0,400000.0
2026-07-14,01_棣栫瑪鏀炬,02_闈為娆℃巿淇?RG5,CL_05,iOS,Organic,02_100%鍙婁互涓?2,2,700000.0,700000.0,2,2,700000.0,700000.0,1,2,300000.0,700000.0
2026-08-05,01_棣栫瑪鏀炬,01_棣栨鎺堜俊,RG7,CL_05,Android,Google,02_100%鍙婁互涓?3,3,900000.0,900000.0,3,3,900000.0,900000.0,2,3,600000.0,900000.0
2026-08-06,01_棣栫瑪鏀炬,01_棣栨鎺堜俊,RG1,CL_01,Android,Organic,02_100%鍙婁互涓?1,1,1500000.0,1500000.0,0,1,0.0,1500000.0,0,1,0.0,1500000.0
2026-07-19,01_棣栫瑪鏀炬,01_棣栨鎺堜俊,RG3,CL_05,iOS,Facebook,02_100%鍙婁互涓?3,3,3600000.0,3600000.0,1,3,1200000.0,3600000.0,1,3,1200000.0,3600000.0
2026-07-17,01_棣栫瑪鏀炬,01_棣栨鎺堜俊,RG4,CL_05,iOS,Organic,02_100%鍙婁互涓?9,9,6800000.0,6400000.0,4,9,2800000.0,6800000.0,4,9,2800000.0,6800000.0
2026-07-24,01_棣栫瑪鏀炬,01_棣栨鎺堜俊,RG2,CL_07,iOS,Organic,02_100%鍙婁互涓?1,1,1500000.0,1500000.0,1,1,1500000.0,1500000.0,1,1,1500000.0,1500000.0
2026-07-13,01_棣栫瑪鏀炬,01_棣栨鎺堜俊,RG4,CL_03,iOS,Organic,02_100%鍙婁互涓?3,3,2000000.0,2000000.0,1,3,800000.0,2000000.0,1,3,800000.0,2000000.0
2026-07-28,01_棣栫瑪鏀炬,02_闈為娆℃巿淇?RG3,CL_05,Android,Organic,02_100%鍙婁互涓?1,1,1000000.0,800000.0,0,1,0.0,1000000.0,0,1,0.0,1000000.0
2026-08-16,01_棣栫瑪鏀炬,01_棣栨鎺堜俊,RG2,CL_07,iOS,Organic,02_100%鍙婁互涓?1,1,1500000.0,1500000.0,1,1,1500000.0,1500000.0,0,0,0.0,0.0
2026-07-16,01_棣栫瑪鏀炬,01_棣栨鎺堜俊,RG3,CL_04,iOS,Organic,02_100%鍙婁互涓?1,1,1200000.0,1200000.0,0,1,0.0,1200000.0,0,1,0.0,1200000.0
2026-08-07,01_棣栫瑪鏀炬,01_棣栨鎺堜俊,RG4,CL_05,Android,Tiktok,02_100%鍙婁互涓?1,1,600000.0,600000.0,1,1,600000.0,600000.0,1,1,600000.0,600000.0
2026-07-20,01_棣栫瑪鏀炬,01_棣栨鎺堜俊,RG5,CL_05,Android,Google,02_100%鍙婁互涓?5,5,1800000.0,1800000.0,4,5,1400000.0,1800000.0,3,5,1000000.0,1800000.0
2026-07-22,01_棣栫瑪鏀炬,01_棣栨鎺堜俊,RG3,CL_05,iOS,Facebook,02_100%鍙婁互涓?5,5,4800000.0,4800000.0,1,5,1200000.0,4800000.0,1,5,1200000.0,4800000.0
2026-07-15,01_棣栫瑪鏀炬,01_棣栨鎺堜俊,RG4,CL_04,Android,Organic,01_100%浠ヤ笅,1,1,300000.0,400000.0,1,1,300000.0,300000.0,1,1,300000.0,300000.0
2026-07-26,01_棣栫瑪鏀炬,01_棣栨鎺堜俊,RG5,CL_05,Android,Google,02_100%鍙婁互涓?28,28,9500000.0,9500000.0,13,28,4300000.0,9500000.0,11,28,3700000.0,9500000.0
2026-08-15,01_棣栫瑪鏀炬,02_闈為娆℃巿淇?RG2,CL_07,Android,Facebook,02_100%鍙婁互涓?1,1,1200000.0,1200000.0,0,1,0.0,1200000.0,0,0,0.0,0.0
2026-08-12,01_棣栫瑪鏀炬,01_棣栨鎺堜俊,RG3,CL_05,Android,Organic,02_100%鍙婁互涓?1,1,900000.0,800000.0,0,1,0.0,900000.0,0,1,0.0,900000.0
2026-08-14,01_棣栫瑪鏀炬,02_闈為娆℃巿淇?RG4,CL_05,Android,Facebook,01_100%浠ヤ笅,1,1,500000.0,600000.0,0,0,0.0,0.0,0,0,0.0,0.0
2026-08-18,01_棣栫瑪鏀炬,01_棣栨鎺堜俊,RG2,CL_07,Android,Google,01_100%浠ヤ笅,1,1,300000.0,1200000.0,0,1,0.0,300000.0,0,0,0.0,0.0
2026-07-22,01_棣栫瑪鏀炬,01_棣栨鎺堜俊,RG3,CL_05,iOS,Organic,01_100%浠ヤ笅,1,1,700000.0,800000.0,0,1,0.0,700000.0,0,1,0.0,700000.0
2026-07-21,01_棣栫瑪鏀炬,01_棣栨鎺堜俊,RG5,CL_05,Android,Organic,02_100%鍙婁互涓?8,8,2900000.0,2900000.0,4,8,1500000.0,2900000.0,3,8,1100000.0,2900000.0
2026-08-09,01_棣栫瑪鏀炬,01_棣栨鎺堜俊,RG5,CL_05,iOS,ASA,02_100%鍙婁互涓?1,1,400000.0,400000.0,1,1,400000.0,400000.0,0,1,0.0,400000.0
2026-08-14,01_棣栫瑪鏀炬,02_闈為娆℃巿淇?RG5,CL_05,Android,Facebook,02_100%鍙婁互涓?5,5,1800000.0,1800000.0,2,5,700000.0,1800000.0,0,0,0.0,0.0
2026-08-18,01_棣栫瑪鏀炬,02_闈為娆℃巿淇?RG4,CL_05,Android,Facebook,02_100%鍙婁互涓?6,6,3200000.0,3200000.0,4,6,2000000.0,3200000.0,0,0,0.0,0.0
2026-08-11,01_棣栫瑪鏀炬,01_棣栨鎺堜俊,RG2,CL_05,iOS,Organic,02_100%鍙婁互涓?3,3,4200000.0,3900000.0,1,3,1200000.0,4200000.0,1,3,1200000.0,4200000.0
2026-08-13,01_棣栫瑪鏀炬,02_闈為娆℃巿淇?RG4,CL_05,Android,Facebook,02_100%鍙婁互涓?5,5,2400000.0,2400000.0,3,4,1400000.0,2000000.0,1,4,400000.0,2000000.0
2026-08-07,01_棣栫瑪鏀炬,01_棣栨鎺堜俊,RG2,CL_05,Android,Facebook,02_100%鍙婁互涓?3,3,3600000.0,3400000.0,2,3,2600000.0,3600000.0,2,3,2600000.0,3600000.0
2026-08-04,01_棣栫瑪鏀炬,01_棣栨鎺堜俊,RG0,CL_06,iOS,Organic,02_100%鍙婁互涓?1,1,6000000.0,6000000.0,0,1,0.0,6000000.0,0,1,0.0,6000000.0
2026-08-16,01_棣栫瑪鏀炬,01_棣栨鎺堜俊,RG3,CL_05,iOS,ASA,02_100%鍙婁互涓?1,1,800000.0,800000.0,0,1,0.0,800000.0,0,0,0.0,0.0
2026-07-18,01_棣栫瑪鏀炬,02_闈為娆℃巿淇?RG2,CL_01,Android,Facebook,02_100%鍙婁互涓?1,1,1500000.0,1500000.0,1,1,1500000.0,1500000.0,1,1,1500000.0,1500000.0
2026-08-09,01_棣栫瑪鏀炬,01_棣栨鎺堜俊,RG6,CL_05,Android,Google,02_100%鍙婁互涓?6,6,1800000.0,1800000.0,3,6,900000.0,1800000.0,2,6,600000.0,1800000.0
2026-07-23,01_棣栫瑪鏀炬,01_棣栨鎺堜俊,RG3,CL_05,iOS,Organic,02_100%鍙婁互涓?5,5,5600000.0,5600000.0,1,5,1200000.0,5600000.0,1,5,1200000.0,5600000.0
2026-07-17,01_棣栫瑪鏀炬,01_棣栨鎺堜俊,RG3,CL_03,iOS,Facebook,02_100%鍙婁互涓?1,1,600000.0,600000.0,0,1,0.0,600000.0,0,1,0.0,600000.0
2026-09-02,01_棣栫瑪鏀炬,01_棣栨鎺堜俊,RG0,CL_06,iOS,Facebook,02_100%鍙婁互涓?1,1,8000000.0,6000000.0,0,0,0.0,0.0,0,0,0.0,0.0
2026-07-24,01_棣栫瑪鏀炬,01_棣栨鎺堜俊,RG7,CL_05,Android,Organic,02_100%鍙婁互涓?2,2,600000.0,600000.0,1,2,300000.0,600000.0,0,2,0.0,600000.0
2026-09-02,01_棣栫瑪鏀炬,01_棣栨鎺堜俊,RG3,CL_05,iOS,Organic,02_100%鍙婁互涓?5,5,5200000.0,4800000.0,0,0,0.0,0.0,0,0,0.0,0.0
2026-07-11,01_棣栫瑪鏀炬,01_棣栨鎺堜俊,RG5,CL_04,iOS,ASA,02_100%鍙婁互涓?2,2,1000000.0,600000.0,0,2,0.0,1000000.0,0,2,0.0,1000000.0
2026-07-28,01_棣栫瑪鏀炬,01_棣栨鎺堜俊,RG4,CL_05,iOS,Organic,02_100%鍙婁互涓?6,6,4600000.0,4600000.0,4,6,2800000.0,4600000.0,3,6,2000000.0,4600000.0
2026-08-07,01_棣栫瑪鏀炬,02_闈為娆℃巿淇?RG7,CL_05,Android,Google,02_100%鍙婁互涓?1,1,300000.0,300000.0,1,1,300000.0,300000.0,1,1,300000.0,300000.0
2026-08-27,01_棣栫瑪鏀炬,01_棣栨鎺堜俊,RG4,CL_04,Android,Organic,02_100%鍙婁互涓?1,1,600000.0,600000.0,0,0,0.0,0.0,0,0,0.0,0.0
2026-07-29,01_棣栫瑪鏀炬,01_棣栨鎺堜俊,RG5,CL_05,Android,Tiktok,02_100%鍙婁互涓?9,9,3100000.0,3100000.0,7,9,2400000.0,3100000.0,6,9,2100000.0,3100000.0
2026-08-22,01_棣栫瑪鏀炬,01_棣栨鎺堜俊,RG4,CL_05,Android,Organic,02_100%鍙婁互涓?2,2,800000.0,800000.0,1,2,500000.0,800000.0,0,0,0.0,0.0
2026-08-20,01_棣栫瑪鏀炬,01_棣栨鎺堜俊,RG0,CL_01,iOS,Facebook,02_100%鍙婁互涓?1,1,4000000.0,4000000.0,0,1,0.0,4000000.0,0,0,0.0,0.0
2026-07-30,01_棣栫瑪鏀炬,01_棣栨鎺堜俊,RG7,CL_04,Android,Facebook,02_100%鍙婁互涓?2,2,600000.0,600000.0,1,2,300000.0,600000.0,1,2,300000.0,600000.0
2026-09-03,01_棣栫瑪鏀炬,01_棣栨鎺堜俊,RG0,CL_01,iOS,Organic,02_100%鍙婁互涓?1,1,5000000.0,4000000.0,0,0,0.0,0.0,0,0,0.0,0.0
2026-07-29,01_棣栫瑪鏀炬,02_闈為娆℃巿淇?RG4,CL_05,Android,Google,02_100%鍙婁互涓?2,2,1200000.0,1200000.0,1,2,600000.0,1200000.0,0,2,0.0,1200000.0
2026-08-05,01_棣栫瑪鏀炬,01_棣栨鎺堜俊,RG3,CL_05,Android,Organic,02_100%鍙婁互涓?3,3,2600000.0,2200000.0,0,3,0.0,2600000.0,0,3,0.0,2600000.0
2026-08-10,01_棣栫瑪鏀炬,02_闈為娆℃巿淇?RG5,CL_05,Android,Tiktok,02_100%鍙婁互涓?1,1,300000.0,300000.0,0,1,0.0,300000.0,0,1,0.0,300000.0
2026-08-02,01_棣栫瑪鏀炬,02_闈為娆℃巿淇?RG7,CL_05,Android,Google,02_100%鍙婁互涓?2,2,600000.0,600000.0,1,2,300000.0,600000.0,1,2,300000.0,600000.0
2026-08-18,01_棣栫瑪鏀炬,01_棣栨鎺堜俊,RG2,CL_05,Android,Google,01_100%浠ヤ笅,1,1,800000.0,1200000.0,0,1,0.0,800000.0,0,0,0.0,0.0
2026-07-23,01_棣栫瑪鏀炬,01_棣栨鎺堜俊,RG2,CL_05,Android,Google,02_100%鍙婁互涓?5,5,5800000.0,5800000.0,2,5,2400000.0,5800000.0,2,5,2400000.0,5800000.0
2026-08-14,01_棣栫瑪鏀炬,02_闈為娆℃巿淇?RG5,CL_05,Android,Google,02_100%鍙婁互涓?2,2,700000.0,700000.0,0,2,0.0,700000.0,0,0,0.0,0.0
2026-07-26,01_棣栫瑪鏀炬,01_棣栨鎺堜俊,RG3,CL_05,Android,Google,01_100%浠ヤ笅,2,2,1000000.0,1600000.0,1,2,500000.0,1000000.0,1,2,500000.0,1000000.0
2026-08-21,01_棣栫瑪鏀炬,01_棣栨鎺堜俊,RG4,CL_05,Android,Facebook,02_100%鍙婁互涓?13,13,5600000.0,5600000.0,4,13,1700000.0,5600000.0,0,0,0.0,0.0
2026-08-16,01_棣栫瑪鏀炬,01_棣栨鎺堜俊,RG5,CL_05,Android,Organic,02_100%鍙婁互涓?2,2,1100000.0,700000.0,1,2,700000.0,1100000.0,0,0,0.0,0.0
2026-07-27,01_棣栫瑪鏀炬,01_棣栨鎺堜俊,RG5,CL_05,Android,Google,01_100%浠ヤ笅,1,1,300000.0,400000.0,1,1,300000.0,300000.0,0,1,0.0,300000.0
2026-08-15,01_棣栫瑪鏀炬,02_闈為娆℃巿淇?RG5,CL_05,iOS,Facebook,02_100%鍙婁互涓?1,1,300000.0,300000.0,0,1,0.0,300000.0,0,0,0.0,0.0
2026-07-23,01_棣栫瑪鏀炬,02_闈為娆℃巿淇?RG4,CL_05,Android,Organic,02_100%鍙婁互涓?1,1,600000.0,600000.0,1,1,600000.0,600000.0,1,1,600000.0,600000.0
2026-08-14,01_棣栫瑪鏀炬,02_闈為娆℃巿淇?RG4,CL_05,Android,Organic,02_100%鍙婁互涓?1,1,600000.0,600000.0,0,1,0.0,600000.0,0,0,0.0,0.0
2026-08-19,01_棣栫瑪鏀炬,01_棣栨鎺堜俊,RG1,CL_01,iOS,Organic,02_100%鍙婁互涓?3,3,9700000.0,8000000.0,0,3,0.0,9700000.0,0,0,0.0,0.0
2026-08-11,01_棣栫瑪鏀炬,01_棣栨鎺堜俊,RG2,CL_05,Android,Tiktok,02_100%鍙婁互涓?1,1,1200000.0,1200000.0,1,1,1200000.0,1200000.0,0,1,0.0,1200000.0
2026-09-05,01_棣栫瑪鏀炬,01_棣栨鎺堜俊,RG2,CL_05,Android,Facebook,02_100%鍙婁互涓?1,1,1200000.0,1000000.0,0,0,0.0,0.0,0,0,0.0,0.0
2026-07-24,01_棣栫瑪鏀炬,02_闈為娆℃巿淇?RG5,CL_05,Android,Tiktok,02_100%鍙婁互涓?2,2,600000.0,600000.0,2,2,600000.0,600000.0,2,2,600000.0,600000.0
2026-08-07,01_棣栫瑪鏀炬,01_棣栨鎺堜俊,RG6,CL_05,Android,Facebook,02_100%鍙婁互涓?3,3,900000.0,900000.0,3,3,900000.0,900000.0,3,3,900000.0,900000.0
2026-09-06,01_棣栫瑪鏀炬,01_棣栨鎺堜俊,RG5,CL_05,Android,Tiktok,02_100%鍙婁互涓?1,1,400000.0,400000.0,0,0,0.0,0.0,0,0,0.0,0.0
2026-08-09,01_棣栫瑪鏀炬,02_闈為娆℃巿淇?RG7,CL_05,Android,Facebook,02_100%鍙婁互涓?2,2,600000.0,600000.0,1,2,300000.0,600000.0,1,2,300000.0,600000.0
2026-08-19,01_棣栫瑪鏀炬,02_闈為娆℃巿淇?RG5,CL_05,iOS,Organic,02_100%鍙婁互涓?6,6,2200000.0,2200000.0,4,6,1500000.0,2200000.0,0,0,0.0,0.0
2026-07-12,01_棣栫瑪鏀炬,01_棣栨鎺堜俊,RG5,CL_03,Android,鍏朵粬,02_100%鍙婁互涓?1,1,400000.0,400000.0,1,1,400000.0,400000.0,1,1,400000.0,400000.0
2026-08-04,01_棣栫瑪鏀炬,02_闈為娆℃巿淇?RG2,CL_05,Android,Organic,02_100%鍙婁互涓?1,1,1000000.0,1000000.0,0,1,0.0,1000000.0,0,1,0.0,1000000.0
2026-07-12,01_棣栫瑪鏀炬,01_棣栨鎺堜俊,RG3,CL_05,Android,Organic,02_100%鍙婁互涓?2,2,1400000.0,1400000.0,1,2,800000.0,1400000.0,0,2,0.0,1400000.0
2026-07-19,01_棣栫瑪鏀炬,01_棣栨鎺堜俊,RG7,CL_03,Android,Facebook,02_100%鍙婁互涓?1,1,300000.0,300000.0,0,1,0.0,300000.0,0,1,0.0,300000.0
2026-08-07,01_棣栫瑪鏀炬,02_闈為娆℃巿淇?RG4,CL_05,iOS,Organic,02_100%鍙婁互涓?1,1,800000.0,800000.0,1,1,800000.0,800000.0,1,1,800000.0,800000.0
2026-07-10,01_棣栫瑪鏀炬,01_棣栨鎺堜俊,RG3,CL_04,Android,ASA,02_100%鍙婁互涓?1,1,800000.0,800000.0,1,1,800000.0,800000.0,0,1,0.0,800000.0
2026-08-19,01_棣栫瑪鏀炬,01_棣栨鎺堜俊,RG2,CL_01,iOS,Tiktok,02_100%鍙婁互涓?2,2,4500000.0,4000000.0,0,2,0.0,4500000.0,0,0,0.0,0.0
2026-07-23,01_棣栫瑪鏀炬,01_棣栨鎺堜俊,RG3,CL_03,Android,Facebook,02_100%鍙婁互涓?1,1,300000.0,300000.0,1,1,300000.0,300000.0,1,1,300000.0,300000.0
2026-08-28,01_棣栫瑪鏀炬,02_闈為娆℃巿淇?RG5,CL_05,iOS,绌哄€?02_100%鍙婁互涓?1,1,300000.0,300000.0,0,0,0.0,0.0,0,0,0.0,0.0
2026-08-19,01_棣栫瑪鏀炬,01_棣栨鎺堜俊,RG5,CL_05,iOS,Tiktok,02_100%鍙婁互涓?3,3,1500000.0,1100000.0,0,3,0.0,1500000.0,0,0,0.0,0.0
2026-07-10,01_棣栫瑪鏀炬,02_闈為娆℃巿淇?RG4,CL_04,Android,Facebook,02_100%鍙婁互涓?1,1,600000.0,600000.0,0,1,0.0,600000.0,0,1,0.0,600000.0
2026-07-28,01_棣栫瑪鏀炬,01_棣栨鎺堜俊,RG4,CL_05,Android,Google,01_100%浠ヤ笅,1,1,500000.0,600000.0,0,1,0.0,500000.0,0,1,0.0,500000.0
2026-07-11,01_棣栫瑪鏀炬,01_棣栨鎺堜俊,RG2,CL_05,Android,Facebook,01_100%浠ヤ笅,1,1,300000.0,1200000.0,0,1,0.0,300000.0,0,1,0.0,300000.0
2026-08-12,01_棣栫瑪鏀炬,01_棣栨鎺堜俊,RG2,CL_07,Android,Facebook,02_100%鍙婁互涓?4,4,4800000.0,4800000.0,3,4,3600000.0,4800000.0,2,4,2400000.0,4800000.0
2026-08-23,01_棣栫瑪鏀炬,01_棣栨鎺堜俊,RG5,CL_05,Android,Google,02_100%鍙婁互涓?5,5,1700000.0,1700000.0,2,5,600000.0,1700000.0,0,0,0.0,0.0
2026-08-19,01_棣栫瑪鏀炬,01_棣栨鎺堜俊,RG2,CL_05,Android,Tiktok,02_100%鍙婁互涓?3,3,3800000.0,3600000.0,0,3,0.0,3800000.0,0,0,0.0,0.0
2026-07-14,01_棣栫瑪鏀炬,01_棣栨鎺堜俊,RG3,CL_05,iOS,Facebook,02_100%鍙婁互涓?1,1,1200000.0,1200000.0,1,1,1200000.0,1200000.0,0,1,0.0,1200000.0
2026-08-29,01_棣栫瑪鏀炬,01_棣栨鎺堜俊,RG4,CL_05,Android,Google,02_100%鍙婁互涓?3,3,1400000.0,1400000.0,0,0,0.0,0.0,0,0,0.0,0.0
2026-07-30,01_棣栫瑪鏀炬,01_棣栨鎺堜俊,RG2,CL_05,Android,Facebook,01_100%浠ヤ笅,1,1,500000.0,1000000.0,0,1,0.0,500000.0,0,1,0.0,500000.0
2026-08-14,01_棣栫瑪鏀炬,01_棣栨鎺堜俊,RG1,CL_01,Android,Google,02_100%鍙婁互涓?3,3,4500000.0,4500000.0,0,3,0.0,4500000.0,0,0,0.0,0.0
2026-07-15,01_棣栫瑪鏀炬,02_闈為娆℃巿淇?RG4,CL_04,iOS,绌哄€?02_100%鍙婁互涓?1,1,600000.0,600000.0,0,1,0.0,600000.0,0,1,0.0,600000.0
2026-08-03,01_棣栫瑪鏀炬,01_棣栨鎺堜俊,RG7,CL_05,Android,Facebook,02_100%鍙婁互涓?6,6,1800000.0,1800000.0,1,6,300000.0,1800000.0,0,5,0.0,1500000.0
2026-07-24,01_棣栫瑪鏀炬,02_闈為娆℃巿淇?RG5,CL_05,Android,Organic,02_100%鍙婁互涓?9,9,3500000.0,3500000.0,6,9,2300000.0,3500000.0,5,9,1900000.0,3500000.0
2026-07-29,01_棣栫瑪鏀炬,01_棣栨鎺堜俊,RG5,CL_05,Android,Organic,02_100%鍙婁互涓?9,9,3700000.0,3500000.0,6,9,2300000.0,3700000.0,4,9,1600000.0,3700000.0
2026-08-27,01_棣栫瑪鏀炬,01_棣栨鎺堜俊,RG2,CL_07,Android,Facebook,01_100%浠ヤ笅,1,1,300000.0,1200000.0,0,0,0.0,0.0,0,0,0.0,0.0
2026-07-25,01_棣栫瑪鏀炬,01_棣栨鎺堜俊,RG2,CL_01,iOS,Facebook,02_100%鍙婁互涓?1,1,2000000.0,2000000.0,1,1,2000000.0,2000000.0,1,1,2000000.0,2000000.0
2026-08-24,01_棣栫瑪鏀炬,01_棣栨鎺堜俊,RG2,CL_07,Android,Tiktok,02_100%鍙婁互涓?1,1,1200000.0,1200000.0,0,0,0.0,0.0,0,0,0.0,0.0
2026-08-08,01_棣栫瑪鏀炬,01_棣栨鎺堜俊,RG2,CL_05,Android,Tiktok,02_100%鍙婁互涓?2,2,2400000.0,2400000.0,0,2,0.0,2400000.0,0,2,0.0,2400000.0
2026-08-18,01_棣栫瑪鏀炬,01_棣栨鎺堜俊,RG4,CL_05,iOS,绌哄€?02_100%鍙婁互涓?1,1,600000.0,600000.0,0,1,0.0,600000.0,0,0,0.0,0.0
2026-08-16,01_棣栫瑪鏀炬,01_棣栨鎺堜俊,RG4,CL_05,iOS,Facebook,02_100%鍙婁互涓?1,1,600000.0,600000.0,0,1,0.0,600000.0,0,0,0.0,0.0
2026-07-16,01_棣栫瑪鏀炬,02_闈為娆℃巿淇?RG5,CL_04,iOS,Google,02_100%鍙婁互涓?1,1,300000.0,300000.0,1,1,300000.0,300000.0,1,1,300000.0,300000.0
2026-08-07,01_棣栫瑪鏀炬,01_棣栨鎺堜俊,RG5,CL_05,Android,Google,02_100%鍙婁互涓?23,23,8100000.0,8100000.0,15,23,5300000.0,8100000.0,12,23,4400000.0,8100000.0
2026-07-30,01_棣栫瑪鏀炬,01_棣栨鎺堜俊,RG1,CL_01,iOS,Organic,02_100%鍙婁互涓?3,3,8300000.0,8300000.0,1,3,2500000.0,8300000.0,1,3,2500000.0,8300000.0
2026-08-26,01_棣栫瑪鏀炬,01_棣栨鎺堜俊,RG2,CL_05,Android,Google,01_100%浠ヤ笅,1,1,1000000.0,1200000.0,0,0,0.0,0.0,0,0,0.0,0.0
2026-07-15,01_棣栫瑪鏀炬,02_闈為娆℃巿淇?RG3,CL_05,Android,Organic,02_100%鍙婁互涓?1,1,800000.0,800000.0,0,1,0.0,800000.0,0,1,0.0,800000.0
2026-07-14,01_棣栫瑪鏀炬,01_棣栨鎺堜俊,RG4,CL_04,Android,Tiktok,02_100%鍙婁互涓?2,2,1200000.0,1200000.0,0,2,0.0,1200000.0,0,2,0.0,1200000.0
2026-07-22,01_棣栫瑪鏀炬,01_棣栨鎺堜俊,RG5,CL_05,Android,Google,01_100%浠ヤ笅,1,1,300000.0,400000.0,1,1,300000.0,300000.0,1,1,300000.0,300000.0
2026-07-23,01_棣栫瑪鏀炬,01_棣栨鎺堜俊,RG5,CL_05,Android,Google,02_100%鍙婁互涓?13,13,4700000.0,4700000.0,5,13,1800000.0,4700000.0,3,13,1100000.0,4700000.0
2026-08-02,01_棣栫瑪鏀炬,01_棣栨鎺堜俊,RG5,CL_05,Android,Facebook,02_100%鍙婁互涓?12,12,4100000.0,4100000.0,6,12,2000000.0,4100000.0,3,12,1000000.0,4100000.0
2026-08-03,01_棣栫瑪鏀炬,01_棣栨鎺堜俊,RG4,CL_05,Android,Google,01_100%浠ヤ笅,3,3,1100000.0,1800000.0,2,3,800000.0,1100000.0,2,3,800000.0,1100000.0
2026-07-29,01_棣栫瑪鏀炬,01_棣栨鎺堜俊,RG4,CL_05,Android,Google,02_100%鍙婁互涓?12,12,5600000.0,5600000.0,7,12,3200000.0,5600000.0,7,12,3200000.0,5600000.0
2026-07-20,01_棣栫瑪鏀炬,02_闈為娆℃巿淇?RG6,CL_05,Android,Facebook,02_100%鍙婁互涓?2,2,600000.0,600000.0,1,2,300000.0,600000.0,1,2,300000.0,600000.0
2026-08-21,01_棣栫瑪鏀炬,02_闈為娆℃巿淇?RG4,CL_05,iOS,ASA,02_100%鍙婁互涓?1,1,800000.0,800000.0,1,1,800000.0,800000.0,0,0,0.0,0.0
2026-08-09,01_棣栫瑪鏀炬,01_棣栨鎺堜俊,RG2,CL_07,iOS,ASA,02_100%鍙婁互涓?1,1,1500000.0,1500000.0,0,1,0.0,1500000.0,0,1,0.0,1500000.0
2026-08-03,01_棣栫瑪鏀炬,02_闈為娆℃巿淇?RG7,CL_05,Android,绌哄€?02_100%鍙婁互涓?1,1,300000.0,300000.0,1,1,300000.0,300000.0,1,1,300000.0,300000.0
2026-07-14,01_棣栫瑪鏀炬,01_棣栨鎺堜俊,RG3,CL_03,iOS,Organic,02_100%鍙婁互涓?3,3,3200000.0,3200000.0,0,3,0.0,3200000.0,0,3,0.0,3200000.0
2026-08-30,01_棣栫瑪鏀炬,01_棣栨鎺堜俊,RG2,CL_07,iOS,Facebook,02_100%鍙婁互涓?1,1,1800000.0,1800000.0,0,0,0.0,0.0,0,0,0.0,0.0
2026-08-04,01_棣栫瑪鏀炬,02_闈為娆℃巿淇?RG6,CL_05,Android,Tiktok,02_100%鍙婁互涓?1,1,300000.0,300000.0,1,1,300000.0,300000.0,0,1,0.0,300000.0
2026-07-16,01_棣栫瑪鏀炬,01_棣栨鎺堜俊,RG4,CL_05,Android,Facebook,02_100%鍙婁互涓?10,10,5000000.0,5000000.0,2,10,1200000.0,5000000.0,2,10,1200000.0,5000000.0
2026-07-14,01_棣栫瑪鏀炬,01_棣栨鎺堜俊,RG4,CL_03,Android,Tiktok,02_100%鍙婁互涓?3,3,1600000.0,1600000.0,2,3,1000000.0,1600000.0,2,3,1000000.0,1600000.0
2026-07-22,01_棣栫瑪鏀炬,01_棣栨鎺堜俊,RG3,CL_05,Android,Facebook,02_100%鍙婁互涓?20,20,1.38E7,1.38E7,10,20,7000000.0,1.38E7,9,20,6400000.0,1.38E7
2026-07-20,01_棣栫瑪鏀炬,02_闈為娆℃巿淇?RG4,CL_05,Android,Organic,02_100%鍙婁互涓?1,1,600000.0,600000.0,0,1,0.0,600000.0,0,1,0.0,600000.0
2026-08-19,01_棣栫瑪鏀炬,01_棣栨鎺堜俊,RG2,CL_07,iOS,Organic,02_100%鍙婁互涓?1,1,1500000.0,1500000.0,0,1,0.0,1500000.0,0,0,0.0,0.0
2026-08-30,01_棣栫瑪鏀炬,01_棣栨鎺堜俊,RG4,CL_05,iOS,Tiktok,02_100%鍙婁互涓?1,1,800000.0,800000.0,0,0,0.0,0.0,0,0,0.0,0.0
2026-08-08,01_棣栫瑪鏀炬,01_棣栨鎺堜俊,RG2,CL_05,iOS,Organic,02_100%鍙婁互涓?4,4,7200000.0,6000000.0,1,4,1500000.0,7200000.0,0,4,0.0,7200000.0
2026-07-16,01_棣栫瑪鏀炬,01_棣栨鎺堜俊,RG3,CL_03,Android,Organic,02_100%鍙婁互涓?2,2,1600000.0,1600000.0,2,2,1600000.0,1600000.0,2,2,1600000.0,1600000.0
2026-08-26,01_棣栫瑪鏀炬,01_棣栨鎺堜俊,RG5,CL_05,iOS,Organic,02_100%鍙婁互涓?19,19,6900000.0,6500000.0,0,0,0.0,0.0,0,0,0.0,0.0
2026-09-05,01_棣栫瑪鏀炬,02_闈為娆℃巿淇?RG3,CL_05,Android,Tiktok,02_100%鍙婁互涓?2,2,1400000.0,1200000.0,0,0,0.0,0.0,0,0,0.0,0.0
2026-07-23,01_棣栫瑪鏀炬,02_闈為娆℃巿淇?RG3,CL_05,Android,Tiktok,02_100%鍙婁互涓?1,1,800000.0,800000.0,0,1,0.0,800000.0,0,1,0.0,800000.0
2026-08-02,01_棣栫瑪鏀炬,02_闈為娆℃巿淇?RG5,CL_05,iOS,Facebook,02_100%鍙婁互涓?1,1,400000.0,400000.0,1,1,400000.0,400000.0,1,1,400000.0,400000.0
2026-08-06,01_棣栫瑪鏀炬,01_棣栨鎺堜俊,RG2,CL_05,Android,Organic,02_100%鍙婁互涓?1,1,1000000.0,1000000.0,0,1,0.0,1000000.0,0,1,0.0,1000000.0
2026-08-02,01_棣栫瑪鏀炬,01_棣栨鎺堜俊,RG1,CL_01,iOS,ASA,02_100%鍙婁互涓?3,3,7500000.0,7500000.0,0,3,0.0,7500000.0,0,3,0.0,7500000.0
2026-08-12,01_棣栫瑪鏀炬,02_闈為娆℃巿淇?RG6,CL_05,Android,Google,02_100%鍙婁互涓?2,2,600000.0,600000.0,2,2,600000.0,600000.0,2,2,600000.0,600000.0
2026-07-17,01_棣栫瑪鏀炬,02_闈為娆℃巿淇?RG5,CL_05,iOS,Google,02_100%鍙婁互涓?1,1,400000.0,400000.0,0,1,0.0,400000.0,0,1,0.0,400000.0
2026-09-04,01_棣栫瑪鏀炬,02_闈為娆℃巿淇?RG5,CL_05,iOS,Organic,02_100%鍙婁互涓?6,6,2700000.0,2100000.0,0,0,0.0,0.0,0,0,0.0,0.0
2026-08-22,01_棣栫瑪鏀炬,01_棣栨鎺堜俊,RG1,CL_01,iOS,Facebook,02_100%鍙婁互涓?1,1,2500000.0,2500000.0,0,1,0.0,2500000.0,0,0,0.0,0.0
2026-07-22,01_棣栫瑪鏀炬,01_棣栨鎺堜俊,RG5,CL_03,iOS,ASA,02_100%鍙婁互涓?1,1,800000.0,400000.0,0,1,0.0,800000.0,0,1,0.0,800000.0
2026-08-21,01_棣栫瑪鏀炬,01_棣栨鎺堜俊,RG1,CL_01,iOS,Organic,02_100%鍙婁互涓?2,2,5500000.0,5500000.0,1,2,2500000.0,5500000.0,0,0,0.0,0.0
2026-07-14,01_棣栫瑪鏀炬,01_棣栨鎺堜俊,RG2,CL_01,Android,Tiktok,02_100%鍙婁互涓?1,1,1500000.0,1500000.0,0,1,0.0,1500000.0,0,1,0.0,1500000.0
2026-07-10,01_棣栫瑪鏀炬,01_棣栨鎺堜俊,RG5,CL_05,iOS,Facebook,02_100%鍙婁互涓?1,1,400000.0,400000.0,0,1,0.0,400000.0,0,1,0.0,400000.0
2026-08-03,01_棣栫瑪鏀炬,01_棣栨鎺堜俊,RG4,CL_05,iOS,Tiktok,02_100%鍙婁互涓?1,1,800000.0,800000.0,1,1,800000.0,800000.0,1,1,800000.0,800000.0
2026-08-18,01_棣栫瑪鏀炬,01_棣栨鎺堜俊,RG2,CL_05,iOS,Organic,02_100%鍙婁互涓?2,2,3300000.0,2400000.0,0,2,0.0,3300000.0,0,0,0.0,0.0
2026-08-12,01_棣栫瑪鏀炬,01_棣栨鎺堜俊,RG3,CL_05,Android,Tiktok,02_100%鍙婁互涓?4,4,3000000.0,3000000.0,3,4,2200000.0,3000000.0,3,4,2200000.0,3000000.0
2026-07-18,01_棣栫瑪鏀炬,02_闈為娆℃巿淇?RG3,CL_05,Android,Tiktok,02_100%鍙婁互涓?1,1,600000.0,600000.0,0,1,0.0,600000.0,0,1,0.0,600000.0
2026-08-02,01_棣栫瑪鏀炬,02_闈為娆℃巿淇?RG4,CL_05,iOS,Organic,02_100%鍙婁互涓?1,1,1000000.0,800000.0,1,1,1000000.0,1000000.0,1,1,1000000.0,1000000.0
2026-08-23,01_棣栫瑪鏀炬,01_棣栨鎺堜俊,RG5,CL_05,Android,Facebook,02_100%鍙婁互涓?2,2,800000.0,800000.0,0,2,0.0,800000.0,0,0,0.0,0.0
2026-08-08,01_棣栫瑪鏀炬,01_棣栨鎺堜俊,RG4,CL_05,Android,Facebook,02_100%鍙婁互涓?19,19,9400000.0,9400000.0,14,19,7000000.0,9400000.0,12,19,5800000.0,9400000.0
2026-08-30,01_棣栫瑪鏀炬,01_棣栨鎺堜俊,RG3,CL_05,iOS,Tiktok,02_100%鍙婁互涓?1,1,1000000.0,800000.0,0,0,0.0,0.0,0,0,0.0,0.0
2026-09-06,01_棣栫瑪鏀炬,01_棣栨鎺堜俊,RG3,CL_05,iOS,Facebook,02_100%鍙婁互涓?1,1,1200000.0,1200000.0,0,0,0.0,0.0,0,0,0.0,0.0
2026-07-15,01_棣栫瑪鏀炬,01_棣栨鎺堜俊,RG1,CL_01,iOS,Facebook,02_100%鍙婁互涓?2,2,5000000.0,5000000.0,0,2,0.0,5000000.0,0,2,0.0,5000000.0
2026-08-25,01_棣栫瑪鏀炬,02_闈為娆℃巿淇?RG3,CL_05,Android,Organic,02_100%鍙婁互涓?3,3,2200000.0,2200000.0,0,0,0.0,0.0,0,0,0.0,0.0
2026-07-18,01_棣栫瑪鏀炬,01_棣栨鎺堜俊,RG2,CL_03,iOS,Organic,02_100%鍙婁互涓?4,4,6900000.0,5400000.0,0,4,0.0,6900000.0,0,4,0.0,6900000.0
2026-08-30,01_棣栫瑪鏀炬,01_棣栨鎺堜俊,RG3,CL_05,Android,Organic,02_100%鍙婁互涓?1,1,600000.0,600000.0,0,0,0.0,0.0,0,0,0.0,0.0
2026-08-28,01_棣栫瑪鏀炬,01_棣栨鎺堜俊,RG3,CL_05,Android,Tiktok,02_100%鍙婁互涓?9,9,6400000.0,6200000.0,0,0,0.0,0.0,0,0,0.0,0.0
2026-08-02,01_棣栫瑪鏀炬,01_棣栨鎺堜俊,RG2,CL_01,iOS,ASA,02_100%鍙婁互涓?2,2,4000000.0,4000000.0,0,2,0.0,4000000.0,0,2,0.0,4000000.0
2026-08-02,01_棣栫瑪鏀炬,01_棣栨鎺堜俊,RG4,CL_05,iOS,Tiktok,02_100%鍙婁互涓?1,1,600000.0,600000.0,1,1,600000.0,600000.0,1,1,600000.0,600000.0
2026-08-16,01_棣栫瑪鏀炬,01_棣栨鎺堜俊,RG2,CL_07,Android,Facebook,01_100%浠ヤ笅,2,2,1000000.0,2400000.0,0,2,0.0,1000000.0,0,0,0.0,0.0
2026-07-24,01_棣栫瑪鏀炬,01_棣栨鎺堜俊,RG5,CL_05,iOS,Organic,02_100%鍙婁互涓?19,19,8200000.0,6400000.0,9,19,3800000.0,8200000.0,8,19,3500000.0,8200000.0
2026-08-25,01_棣栫瑪鏀炬,01_棣栨鎺堜俊,RG2,CL_05,Android,Google,02_100%鍙婁互涓?2,2,2400000.0,2000000.0,0,0,0.0,0.0,0,0,0.0,0.0
2026-09-01,01_棣栫瑪鏀炬,02_闈為娆℃巿淇?RG3,CL_05,Android,Facebook,02_100%鍙婁互涓?4,4,2800000.0,2600000.0,0,0,0.0,0.0,0,0,0.0,0.0
2026-07-20,01_棣栫瑪鏀炬,01_棣栨鎺堜俊,RG2,CL_01,iOS,Facebook,02_100%鍙婁互涓?2,2,4000000.0,4000000.0,0,2,0.0,4000000.0,0,2,0.0,4000000.0
2026-08-31,01_棣栫瑪鏀炬,01_棣栨鎺堜俊,RG2,CL_03,Android,Organic,02_100%鍙婁互涓?1,1,1600000.0,1200000.0,0,0,0.0,0.0,0,0,0.0,0.0
2026-08-24,01_棣栫瑪鏀炬,02_闈為娆℃巿淇?RG3,CL_05,Android,Tiktok,01_100%浠ヤ笅,1,1,500000.0,800000.0,0,0,0.0,0.0,0,0,0.0,0.0
2026-08-20,01_棣栫瑪鏀炬,01_棣栨鎺堜俊,RG4,CL_05,iOS,Tiktok,02_100%鍙婁互涓?3,3,2200000.0,2000000.0,0,3,0.0,2200000.0,0,0,0.0,0.0
2026-07-31,01_棣栫瑪鏀炬,01_棣栨鎺堜俊,RG2,CL_07,Android,Facebook,02_100%鍙婁互涓?5,5,6600000.0,6000000.0,0,5,0.0,6600000.0,0,5,0.0,6600000.0
2026-08-22,01_棣栫瑪鏀炬,01_棣栨鎺堜俊,RG4,CL_05,iOS,Organic,02_100%鍙婁互涓?5,5,3800000.0,3400000.0,2,5,1200000.0,3800000.0,0,0,0.0,0.0
2026-07-22,01_棣栫瑪鏀炬,01_棣栨鎺堜俊,RG7,CL_05,Android,Organic,02_100%鍙婁互涓?3,3,900000.0,900000.0,3,3,900000.0,900000.0,3,3,900000.0,900000.0
2026-08-08,01_棣栫瑪鏀炬,01_棣栨鎺堜俊,RG2,CL_07,Android,Tiktok,02_100%鍙婁互涓?5,5,7200000.0,6600000.0,1,5,1800000.0,7200000.0,1,5,1800000.0,7200000.0
2026-08-03,01_棣栫瑪鏀炬,01_棣栨鎺堜俊,RG1,CL_01,Android,Google,02_100%鍙婁互涓?1,1,1500000.0,1500000.0,1,1,1500000.0,1500000.0,1,1,1500000.0,1500000.0
2026-07-28,01_棣栫瑪鏀炬,02_闈為娆℃巿淇?RG3,CL_05,iOS,Organic,02_100%鍙婁互涓?1,1,1200000.0,1200000.0,1,1,1200000.0,1200000.0,1,1,1200000.0,1200000.0
2026-07-20,01_棣栫瑪鏀炬,01_棣栨鎺堜俊,RG4,CL_05,iOS,Organic,02_100%鍙婁互涓?14,14,9600000.0,9600000.0,6,14,4000000.0,9600000.0,3,14,2000000.0,9600000.0
2026-08-11,01_棣栫瑪鏀炬,01_棣栨鎺堜俊,RG2,CL_07,Android,Organic,02_100%鍙婁互涓?1,1,1200000.0,1200000.0,0,1,0.0,1200000.0,0,1,0.0,1200000.0
2026-09-07,01_棣栫瑪鏀炬,02_闈為娆℃巿淇?RG5,CL_05,iOS,ASA,02_100%鍙婁互涓?1,1,500000.0,300000.0,0,0,0.0,0.0,0,0,0.0,0.0
2026-07-18,01_棣栫瑪鏀炬,02_闈為娆℃巿淇?RG2,CL_01,Android,Tiktok,01_100%浠ヤ笅,1,1,1000000.0,1500000.0,1,1,1000000.0,1000000.0,0,1,0.0,1000000.0
2026-08-18,01_棣栫瑪鏀炬,02_闈為娆℃巿淇?RG5,CL_05,iOS,Organic,02_100%鍙婁互涓?9,9,3000000.0,3000000.0,5,9,1700000.0,3000000.0,0,0,0.0,0.0
2026-07-28,01_棣栫瑪鏀炬,01_棣栨鎺堜俊,RG4,CL_05,iOS,Tiktok,02_100%鍙婁互涓?1,1,600000.0,600000.0,0,1,0.0,600000.0,0,1,0.0,600000.0
2026-08-01,01_棣栫瑪鏀炬,01_棣栨鎺堜俊,RG3,CL_05,Android,Google,02_100%鍙婁互涓?15,15,9900000.0,9800000.0,7,15,4700000.0,9900000.0,5,15,3200000.0,9900000.0
2026-08-24,01_棣栫瑪鏀炬,01_棣栨鎺堜俊,RG5,CL_05,iOS,Tiktok,02_100%鍙婁互涓?3,3,1300000.0,1100000.0,0,0,0.0,0.0,0,0,0.0,0.0
2026-08-17,01_棣栫瑪鏀炬,01_棣栨鎺堜俊,RG4,CL_05,Android,Organic,02_100%鍙婁互涓?3,3,1600000.0,1600000.0,2,3,1000000.0,1600000.0,0,0,0.0,0.0
2026-07-29,01_棣栫瑪鏀炬,01_棣栨鎺堜俊,RG3,CL_05,Android,Facebook,02_100%鍙婁互涓?12,12,8200000.0,8200000.0,7,12,4600000.0,8200000.0,6,12,3800000.0,8200000.0
2026-08-07,01_棣栫瑪鏀炬,01_棣栨鎺堜俊,RG3,CL_05,Android,Organic,02_100%鍙婁互涓?2,2,1700000.0,1600000.0,2,2,1700000.0,1700000.0,0,2,0.0,1700000.0
2026-08-04,01_棣栫瑪鏀炬,01_棣栨鎺堜俊,RG0,CL_06,iOS,Tiktok,02_100%鍙婁互涓?1,1,6000000.0,6000000.0,0,1,0.0,6000000.0,0,1,0.0,6000000.0
2026-07-14,01_棣栫瑪鏀炬,02_闈為娆℃巿淇?RG7,CL_04,Android,Facebook,02_100%鍙婁互涓?1,1,300000.0,300000.0,0,1,0.0,300000.0,0,1,0.0,300000.0
2026-07-31,01_棣栫瑪鏀炬,01_棣栨鎺堜俊,RG2,CL_05,Android,Facebook,02_100%鍙婁互涓?2,2,2400000.0,2400000.0,2,2,2400000.0,2400000.0,0,2,0.0,2400000.0
2026-07-10,01_棣栫瑪鏀炬,01_棣栨鎺堜俊,RG3,CL_04,iOS,Organic,01_100%浠ヤ笅,1,1,500000.0,800000.0,1,1,500000.0,500000.0,1,1,500000.0,500000.0
2026-07-11,01_棣栫瑪鏀炬,01_棣栨鎺堜俊,RG5,CL_03,iOS,Facebook,02_100%鍙婁互涓?2,2,600000.0,600000.0,1,2,300000.0,600000.0,1,2,300000.0,600000.0
2026-08-21,01_棣栫瑪鏀炬,02_闈為娆℃巿淇?RG3,CL_05,Android,Google,02_100%鍙婁互涓?3,3,2000000.0,2000000.0,1,3,600000.0,2000000.0,0,0,0.0,0.0
2026-08-30,01_棣栫瑪鏀炬,01_棣栨鎺堜俊,RG1,CL_01,Android,Facebook,02_100%鍙婁互涓?3,3,4500000.0,4500000.0,0,0,0.0,0.0,0,0,0.0,0.0
2026-08-25,01_棣栫瑪鏀炬,02_闈為娆℃巿淇?RG5,CL_05,Android,Facebook,02_100%鍙婁互涓?1,1,300000.0,300000.0,0,0,0.0,0.0,0,0,0.0,0.0
2026-07-23,01_棣栫瑪鏀炬,01_棣栨鎺堜俊,RG3,CL_05,Android,Facebook,01_100%浠ヤ笅,1,1,400000.0,800000.0,1,1,400000.0,400000.0,0,1,0.0,400000.0
2026-08-23,01_棣栫瑪鏀炬,01_棣栨鎺堜俊,RG2,CL_05,iOS,Facebook,02_100%鍙婁互涓?1,1,1500000.0,1500000.0,1,1,1500000.0,1500000.0,0,0,0.0,0.0
2026-07-11,01_棣栫瑪鏀炬,01_棣栨鎺堜俊,RG3,CL_04,iOS,Organic,02_100%鍙婁互涓?1,1,1600000.0,1200000.0,0,1,0.0,1600000.0,0,1,0.0,1600000.0
2026-08-20,01_棣栫瑪鏀炬,02_闈為娆℃巿淇?RG4,CL_05,Android,Tiktok,02_100%鍙婁互涓?2,2,1000000.0,1000000.0,1,2,500000.0,1000000.0,0,0,0.0,0.0
2026-07-27,01_棣栫瑪鏀炬,01_棣栨鎺堜俊,RG2,CL_05,Android,Organic,02_100%鍙婁互涓?3,3,3400000.0,3400000.0,1,3,1200000.0,3400000.0,1,3,1200000.0,3400000.0
2026-07-21,01_棣栫瑪鏀炬,01_棣栨鎺堜俊,RG5,CL_05,Android,Tiktok,02_100%鍙婁互涓?2,2,700000.0,700000.0,2,2,700000.0,700000.0,2,2,700000.0,700000.0
2026-07-13,01_棣栫瑪鏀炬,01_棣栨鎺堜俊,RG5,CL_03,Android,Facebook,02_100%鍙婁互涓?6,6,2400000.0,2400000.0,4,6,1600000.0,2400000.0,2,6,800000.0,2400000.0
2026-07-14,01_棣栫瑪鏀炬,01_棣栨鎺堜俊,RG2,CL_04,Android,Facebook,02_100%鍙婁互涓?2,2,2800000.0,2000000.0,1,2,1400000.0,2800000.0,1,2,1400000.0,2800000.0
2026-08-16,01_棣栫瑪鏀炬,02_闈為娆℃巿淇?RG4,CL_05,Android,Facebook,02_100%鍙婁互涓?4,4,1800000.0,1800000.0,4,4,1800000.0,1800000.0,0,0,0.0,0.0
2026-07-12,01_棣栫瑪鏀炬,02_闈為娆℃巿淇?RG4,CL_05,Android,Tiktok,02_100%鍙婁互涓?1,1,600000.0,600000.0,1,1,600000.0,600000.0,1,1,600000.0,600000.0
2026-08-06,01_棣栫瑪鏀炬,01_棣栨鎺堜俊,RG5,CL_05,Android,Tiktok,02_100%鍙婁互涓?8,8,2800000.0,2800000.0,6,8,2100000.0,2800000.0,6,8,2100000.0,2800000.0
2026-08-01,01_棣栫瑪鏀炬,01_棣栨鎺堜俊,RG3,CL_05,Android,Facebook,02_100%鍙婁互涓?9,9,6400000.0,6400000.0,7,9,4800000.0,6400000.0,5,9,3600000.0,6400000.0
2026-08-07,01_棣栫瑪鏀炬,01_棣栨鎺堜俊,RG4,CL_05,Android,Facebook,01_100%浠ヤ笅,1,1,300000.0,600000.0,0,1,0.0,300000.0,0,1,0.0,300000.0
2026-07-13,01_棣栫瑪鏀炬,01_棣栨鎺堜俊,RG6,CL_03,Android,Facebook,02_100%鍙婁互涓?2,2,600000.0,600000.0,2,2,600000.0,600000.0,2,2,600000.0,600000.0
2026-08-02,01_棣栫瑪鏀炬,01_棣栨鎺堜俊,RG7,CL_05,Android,Facebook,02_100%鍙婁互涓?2,2,600000.0,600000.0,2,2,600000.0,600000.0,2,2,600000.0,600000.0
2026-08-11,01_棣栫瑪鏀炬,01_棣栨鎺堜俊,RG2,CL_07,Android,Facebook,01_100%浠ヤ笅,1,1,1000000.0,1200000.0,1,1,1000000.0,1000000.0,1,1,1000000.0,1000000.0
2026-07-28,01_棣栫瑪鏀炬,02_闈為娆℃巿淇?RG4,CL_05,Android,Tiktok,02_100%鍙婁互涓?2,2,1200000.0,1200000.0,0,2,0.0,1200000.0,0,2,0.0,1200000.0
2026-08-02,01_棣栫瑪鏀炬,01_棣栨鎺堜俊,RG3,CL_05,iOS,ASA,01_100%浠ヤ笅,1,1,500000.0,1200000.0,0,1,0.0,500000.0,0,1,0.0,500000.0
2026-07-25,01_棣栫瑪鏀炬,02_闈為娆℃巿淇?RG6,CL_05,Android,Facebook,02_100%鍙婁互涓?2,2,700000.0,700000.0,2,2,700000.0,700000.0,0,2,0.0,700000.0
2026-08-03,01_棣栫瑪鏀炬,01_棣栨鎺堜俊,RG6,CL_05,Android,Facebook,02_100%鍙婁互涓?3,3,900000.0,900000.0,2,3,600000.0,900000.0,1,3,300000.0,900000.0
2026-08-21,01_棣栫瑪鏀炬,01_棣栨鎺堜俊,RG5,CL_03,iOS,Organic,01_100%浠ヤ笅,1,1,300000.0,600000.0,1,1,300000.0,300000.0,0,0,0.0,0.0
2026-08-02,01_棣栫瑪鏀炬,01_棣栨鎺堜俊,RG7,CL_05,Android,Google,02_100%鍙婁互涓?7,7,2100000.0,2100000.0,6,7,1800000.0,2100000.0,6,7,1800000.0,2100000.0
2026-08-25,01_棣栫瑪鏀炬,01_棣栨鎺堜俊,RG2,CL_01,iOS,Facebook,02_100%鍙婁互涓?3,3,6000000.0,6000000.0,0,0,0.0,0.0,0,0,0.0,0.0
2026-08-24,01_棣栫瑪鏀炬,01_棣栨鎺堜俊,RG4,CL_05,Android,Facebook,02_100%鍙婁互涓?8,8,3100000.0,3100000.0,0,0,0.0,0.0,0,0,0.0,0.0
2026-08-17,01_棣栫瑪鏀炬,02_闈為娆℃巿淇?RG4,CL_05,Android,Tiktok,02_100%鍙婁互涓?1,1,400000.0,400000.0,1,1,400000.0,400000.0,0,0,0.0,0.0
2026-08-17,01_棣栫瑪鏀炬,02_闈為娆℃巿淇?RG2,CL_07,Android,Google,02_100%鍙婁互涓?1,1,1500000.0,1200000.0,0,1,0.0,1500000.0,0,0,0.0,0.0
2026-07-18,01_棣栫瑪鏀炬,01_棣栨鎺堜俊,RG3,CL_05,Android,Organic,02_100%鍙婁互涓?3,3,2200000.0,2200000.0,2,3,1600000.0,2200000.0,1,3,800000.0,2200000.0
2026-08-28,01_棣栫瑪鏀炬,01_棣栨鎺堜俊,RG2,CL_07,Android,Facebook,02_100%鍙婁互涓?1,1,1200000.0,1200000.0,0,0,0.0,0.0,0,0,0.0,0.0
2026-08-24,01_棣栫瑪鏀炬,01_棣栨鎺堜俊,RG4,CL_05,iOS,ASA,02_100%鍙婁互涓?2,2,1400000.0,1400000.0,0,0,0.0,0.0,0,0,0.0,0.0
2026-08-26,01_棣栫瑪鏀炬,01_棣栨鎺堜俊,RG3,CL_05,iOS,Facebook,02_100%鍙婁互涓?3,3,3000000.0,2800000.0,0,0,0.0,0.0,0,0,0.0,0.0
2026-09-07,01_棣栫瑪鏀炬,01_棣栨鎺堜俊,RG2,CL_01,iOS,Facebook,02_100%鍙婁互涓?1,1,2400000.0,2400000.0,0,0,0.0,0.0,0,0,0.0,0.0
2026-07-20,01_棣栫瑪鏀炬,02_闈為娆℃巿淇?RG5,CL_05,Android,Facebook,02_100%鍙婁互涓?6,6,2200000.0,2200000.0,4,6,1500000.0,2200000.0,4,6,1500000.0,2200000.0
2026-07-17,01_棣栫瑪鏀炬,02_闈為娆℃巿淇?RG4,CL_04,iOS,Facebook,02_100%鍙婁互涓?1,1,800000.0,600000.0,1,1,800000.0,800000.0,1,1,800000.0,800000.0
2026-09-07,01_棣栫瑪鏀炬,02_闈為娆℃巿淇?RG3,CL_05,Android,Organic,02_100%鍙婁互涓?1,1,1000000.0,800000.0,0,0,0.0,0.0,0,0,0.0,0.0
2026-08-03,01_棣栫瑪鏀炬,01_棣栨鎺堜俊,RG5,CL_05,Android,Facebook,02_100%鍙婁互涓?10,10,3800000.0,3800000.0,6,10,2400000.0,3800000.0,4,10,1600000.0,3800000.0
2026-07-19,01_棣栫瑪鏀炬,01_棣栨鎺堜俊,RG3,CL_05,Android,Organic,01_100%浠ヤ笅,2,2,700000.0,1200000.0,0,2,0.0,700000.0,0,2,0.0,700000.0
2026-08-11,01_棣栫瑪鏀炬,01_棣栨鎺堜俊,RG1,CL_01,iOS,Organic,02_100%鍙婁互涓?8,8,2.23E7,2.05E7,1,8,3000000.0,2.23E7,1,8,3000000.0,2.23E7
2026-08-29,01_棣栫瑪鏀炬,02_闈為娆℃巿淇?RG2,CL_05,Android,Organic,02_100%鍙婁互涓?1,1,1200000.0,1200000.0,0,0,0.0,0.0,0,0,0.0,0.0
2026-08-12,01_棣栫瑪鏀炬,01_棣栨鎺堜俊,RG4,CL_03,iOS,Facebook,02_100%鍙婁互涓?1,1,800000.0,800000.0,0,1,0.0,800000.0,0,1,0.0,800000.0
2026-07-17,01_棣栫瑪鏀炬,01_棣栨鎺堜俊,RG2,CL_05,iOS,Facebook,02_100%鍙婁互涓?1,1,1200000.0,1200000.0,0,1,0.0,1200000.0,0,1,0.0,1200000.0
2026-08-20,01_棣栫瑪鏀炬,01_棣栨鎺堜俊,RG3,CL_03,Android,Facebook,02_100%鍙婁互涓?1,1,600000.0,600000.0,0,1,0.0,600000.0,0,0,0.0,0.0
2026-08-02,01_棣栫瑪鏀炬,02_闈為娆℃巿淇?RG5,CL_04,iOS,Organic,02_100%鍙婁互涓?1,1,600000.0,400000.0,1,1,600000.0,600000.0,0,1,0.0,600000.0
2026-07-18,01_棣栫瑪鏀炬,02_闈為娆℃巿淇?RG5,CL_05,iOS,Facebook,02_100%鍙婁互涓?3,3,1100000.0,1100000.0,2,3,700000.0,1100000.0,1,3,300000.0,1100000.0
2026-07-21,01_棣栫瑪鏀炬,01_棣栨鎺堜俊,RG4,CL_04,iOS,Facebook,01_100%浠ヤ笅,1,1,500000.0,600000.0,0,1,0.0,500000.0,0,1,0.0,500000.0
2026-07-10,01_棣栫瑪鏀炬,01_棣栨鎺堜俊,RG5,CL_04,iOS,Organic,02_100%鍙婁互涓?3,3,1100000.0,1100000.0,1,3,400000.0,1100000.0,1,3,400000.0,1100000.0
2026-09-06,01_棣栫瑪鏀炬,01_棣栨鎺堜俊,RG4,CL_05,iOS,Facebook,02_100%鍙婁互涓?1,1,1000000.0,600000.0,0,0,0.0,0.0,0,0,0.0,0.0
2026-07-24,01_棣栫瑪鏀炬,01_棣栨鎺堜俊,RG2,CL_01,iOS,Organic,02_100%鍙婁互涓?3,3,6400000.0,6000000.0,1,3,2000000.0,6400000.0,1,3,2000000.0,6400000.0
2026-08-01,01_棣栫瑪鏀炬,01_棣栨鎺堜俊,RG2,CL_01,iOS,Tiktok,02_100%鍙婁互涓?1,1,2000000.0,2000000.0,1,1,2000000.0,2000000.0,1,1,2000000.0,2000000.0
2026-07-23,01_棣栫瑪鏀炬,01_棣栨鎺堜俊,RG4,CL_05,Android,Organic,02_100%鍙婁互涓?1,1,400000.0,400000.0,1,1,400000.0,400000.0,1,1,400000.0,400000.0
2026-08-04,01_棣栫瑪鏀炬,01_棣栨鎺堜俊,RG4,CL_05,Android,Google,02_100%鍙婁互涓?29,29,1.48E7,1.48E7,14,29,7400000.0,1.48E7,10,28,5200000.0,1.42E7
2026-08-10,01_棣栫瑪鏀炬,01_棣栨鎺堜俊,RG4,CL_05,iOS,Facebook,02_100%鍙婁互涓?3,3,2200000.0,2200000.0,2,3,1600000.0,2200000.0,2,3,1600000.0,2200000.0
2026-08-18,01_棣栫瑪鏀炬,01_棣栨鎺堜俊,RG3,CL_05,Android,Google,02_100%鍙婁互涓?21,21,1.54E7,1.48E7,6,21,4400000.0,1.54E7,0,0,0.0,0.0
2026-07-14,01_棣栫瑪鏀炬,01_棣栨鎺堜俊,RG3,CL_04,iOS,鍏朵粬,02_100%鍙婁互涓?3,3,3400000.0,3200000.0,0,3,0.0,3400000.0,0,3,0.0,3400000.0
2026-08-15,01_棣栫瑪鏀炬,01_棣栨鎺堜俊,RG4,CL_05,iOS,Organic,02_100%鍙婁互涓?4,4,2800000.0,2800000.0,3,4,2200000.0,2800000.0,0,0,0.0,0.0
2026-08-14,01_棣栫瑪鏀炬,01_棣栨鎺堜俊,RG6,CL_05,Android,Google,02_100%鍙婁互涓?3,3,900000.0,900000.0,2,3,600000.0,900000.0,0,0,0.0,0.0
2026-07-21,01_棣栫瑪鏀炬,02_闈為娆℃巿淇?RG3,CL_05,Android,Google,02_100%鍙婁互涓?2,2,1400000.0,1400000.0,1,2,800000.0,1400000.0,1,2,800000.0,1400000.0
2026-08-18,01_棣栫瑪鏀炬,01_棣栨鎺堜俊,RG5,CL_05,Android,Organic,02_100%鍙婁互涓?2,2,700000.0,700000.0,2,2,700000.0,700000.0,0,0,0.0,0.0
2026-07-15,01_棣栫瑪鏀炬,02_闈為娆℃巿淇?RG2,CL_04,iOS,Organic,02_100%鍙婁互涓?1,1,1200000.0,1200000.0,0,1,0.0,1200000.0,0,1,0.0,1200000.0
2026-07-17,01_棣栫瑪鏀炬,01_棣栨鎺堜俊,RG2,CL_03,iOS,Organic,02_100%鍙婁互涓?1,1,1200000.0,1200000.0,0,1,0.0,1200000.0,0,1,0.0,1200000.0
2026-08-22,01_棣栫瑪鏀炬,01_棣栨鎺堜俊,RG2,CL_01,iOS,Organic,01_100%浠ヤ笅,1,1,500000.0,2000000.0,1,1,500000.0,500000.0,0,0,0.0,0.0
2026-08-01,01_棣栫瑪鏀炬,01_棣栨鎺堜俊,RG3,CL_05,iOS,ASA,02_100%鍙婁互涓?1,1,800000.0,800000.0,0,1,0.0,800000.0,0,1,0.0,800000.0
2026-08-15,01_棣栫瑪鏀炬,01_棣栨鎺堜俊,RG2,CL_05,Android,Facebook,02_100%鍙婁互涓?3,3,3400000.0,3400000.0,1,3,1000000.0,3400000.0,0,0,0.0,0.0
2026-07-19,01_棣栫瑪鏀炬,01_棣栨鎺堜俊,RG7,CL_05,Android,Organic,02_100%鍙婁互涓?7,7,2100000.0,2100000.0,2,7,600000.0,2100000.0,2,7,600000.0,2100000.0
2026-09-02,01_棣栫瑪鏀炬,01_棣栨鎺堜俊,RG3,CL_05,iOS,Tiktok,02_100%鍙婁互涓?1,1,800000.0,800000.0,0,0,0.0,0.0,0,0,0.0,0.0
2026-08-26,01_棣栫瑪鏀炬,02_闈為娆℃巿淇?RG4,CL_05,Android,Google,02_100%鍙婁互涓?3,3,1100000.0,1100000.0,0,0,0.0,0.0,0,0,0.0,0.0
2026-07-11,01_棣栫瑪鏀炬,01_棣栨鎺堜俊,RG4,CL_03,Android,Tiktok,02_100%鍙婁互涓?2,2,1000000.0,1000000.0,1,2,600000.0,1000000.0,1,2,600000.0,1000000.0
2026-07-14,01_棣栫瑪鏀炬,01_棣栨鎺堜俊,RG1,CL_01,iOS,Organic,02_100%鍙婁互涓?4,4,1.18E7,1.08E7,1,4,2500000.0,1.18E7,0,4,0.0,1.18E7
2026-08-15,01_棣栫瑪鏀炬,02_闈為娆℃巿淇?RG5,CL_05,iOS,ASA,02_100%鍙婁互涓?2,2,800000.0,800000.0,1,2,400000.0,800000.0,0,0,0.0,0.0
2026-07-26,01_棣栫瑪鏀炬,01_棣栨鎺堜俊,RG1,CL_01,iOS,Facebook,02_100%鍙婁互涓?2,2,6800000.0,5800000.0,0,2,0.0,6800000.0,0,2,0.0,6800000.0
2026-08-22,01_棣栫瑪鏀炬,01_棣栨鎺堜俊,RG2,CL_05,Android,Google,02_100%鍙婁互涓?2,2,2600000.0,2400000.0,1,2,1200000.0,2600000.0,0,0,0.0,0.0
2026-08-08,01_棣栫瑪鏀炬,01_棣栨鎺堜俊,RG3,CL_05,Android,Organic,01_100%浠ヤ笅,1,1,500000.0,800000.0,0,1,0.0,500000.0,0,1,0.0,500000.0
2026-08-18,01_棣栫瑪鏀炬,01_棣栨鎺堜俊,RG2,CL_07,iOS,Organic,02_100%鍙婁互涓?1,1,1800000.0,1800000.0,1,1,1800000.0,1800000.0,0,0,0.0,0.0
2026-07-17,01_棣栫瑪鏀炬,02_闈為娆℃巿淇?RG3,CL_05,Android,绌哄€?01_100%浠ヤ笅,1,1,300000.0,800000.0,1,1,300000.0,300000.0,1,1,300000.0,300000.0
2026-08-15,01_棣栫瑪鏀炬,01_棣栨鎺堜俊,RG2,CL_07,Android,Facebook,02_100%鍙婁互涓?7,7,9300000.0,8400000.0,1,7,1200000.0,9300000.0,0,0,0.0,0.0
2026-08-21,01_棣栫瑪鏀炬,01_棣栨鎺堜俊,RG2,CL_01,iOS,Organic,02_100%鍙婁互涓?3,3,7100000.0,6600000.0,2,3,4000000.0,7100000.0,0,0,0.0,0.0
2026-07-25,01_棣栫瑪鏀炬,01_棣栨鎺堜俊,RG2,CL_05,Android,Google,02_100%鍙婁互涓?2,2,2200000.0,2200000.0,2,2,2200000.0,2200000.0,1,2,1200000.0,2200000.0
2026-07-23,01_棣栫瑪鏀炬,02_闈為娆℃巿淇?RG2,CL_05,Android,Facebook,02_100%鍙婁互涓?1,1,1200000.0,1200000.0,1,1,1200000.0,1200000.0,1,1,1200000.0,1200000.0
2026-07-28,01_棣栫瑪鏀炬,01_棣栨鎺堜俊,RG2,CL_07,iOS,Facebook,02_100%鍙婁互涓?2,2,3500000.0,3000000.0,1,2,2000000.0,3500000.0,1,2,2000000.0,3500000.0
2026-07-13,01_棣栫瑪鏀炬,02_闈為娆℃巿淇?RG5,CL_03,Android,绌哄€?02_100%鍙婁互涓?1,1,400000.0,400000.0,1,1,400000.0,400000.0,1,1,400000.0,400000.0
2026-07-12,01_棣栫瑪鏀炬,01_棣栨鎺堜俊,RG7,CL_03,Android,Organic,02_100%鍙婁互涓?2,2,600000.0,600000.0,2,2,600000.0,600000.0,2,2,600000.0,600000.0
2026-07-10,01_棣栫瑪鏀炬,01_棣栨鎺堜俊,RG3,CL_05,iOS,Organic,02_100%鍙婁互涓?1,1,1200000.0,1200000.0,1,1,1200000.0,1200000.0,1,1,1200000.0,1200000.0
2026-08-25,01_棣栫瑪鏀炬,01_棣栨鎺堜俊,RG0,CL_06,iOS,Facebook,02_100%鍙婁互涓?1,1,7000000.0,6000000.0,0,0,0.0,0.0,0,0,0.0,0.0
2026-08-04,01_棣栫瑪鏀炬,01_棣栨鎺堜俊,RG4,CL_04,Android,Organic,02_100%鍙婁互涓?1,1,400000.0,400000.0,0,1,0.0,400000.0,0,1,0.0,400000.0
2026-07-10,01_棣栫瑪鏀炬,01_棣栨鎺堜俊,RG5,CL_04,Android,Tiktok,02_100%鍙婁互涓?1,1,400000.0,400000.0,1,1,400000.0,400000.0,1,1,400000.0,400000.0
2026-07-21,01_棣栫瑪鏀炬,02_闈為娆℃巿淇?RG5,CL_05,Android,Organic,02_100%鍙婁互涓?1,1,400000.0,400000.0,1,1,400000.0,400000.0,1,1,400000.0,400000.0
2026-08-07,01_棣栫瑪鏀炬,02_闈為娆℃巿淇?RG3,CL_05,Android,Tiktok,02_100%鍙婁互涓?1,1,600000.0,600000.0,0,1,0.0,600000.0,0,1,0.0,600000.0
2026-08-05,01_棣栫瑪鏀炬,01_棣栨鎺堜俊,RG3,CL_05,iOS,Organic,02_100%鍙婁互涓?4,4,4400000.0,4000000.0,4,4,4400000.0,4400000.0,3,4,3200000.0,4400000.0
2026-08-09,01_棣栫瑪鏀炬,01_棣栨鎺堜俊,RG4,CL_05,iOS,Organic,02_100%鍙婁互涓?5,5,3600000.0,3400000.0,2,5,1400000.0,3600000.0,2,5,1400000.0,3600000.0
2026-07-14,01_棣栫瑪鏀炬,01_棣栨鎺堜俊,RG4,CL_04,iOS,Organic,02_100%鍙婁互涓?1,1,800000.0,800000.0,1,1,800000.0,800000.0,1,1,800000.0,800000.0
2026-08-23,01_棣栫瑪鏀炬,01_棣栨鎺堜俊,RG4,CL_03,Android,Facebook,02_100%鍙婁互涓?1,1,400000.0,400000.0,0,1,0.0,400000.0,0,0,0.0,0.0
2026-08-07,01_棣栫瑪鏀炬,01_棣栨鎺堜俊,RG6,CL_05,Android,Google,02_100%鍙婁互涓?6,6,1800000.0,1800000.0,4,6,1200000.0,1800000.0,3,6,900000.0,1800000.0
2026-09-02,01_棣栫瑪鏀炬,01_棣栨鎺堜俊,RG1,CL_01,Android,Google,02_100%鍙婁互涓?3,3,4500000.0,4500000.0,0,0,0.0,0.0,0,0,0.0,0.0
2026-08-15,01_棣栫瑪鏀炬,02_闈為娆℃巿淇?RG5,CL_05,Android,Google,02_100%鍙婁互涓?3,3,1000000.0,1000000.0,2,3,700000.0,1000000.0,0,0,0.0,0.0
2026-07-17,01_棣栫瑪鏀炬,01_棣栨鎺堜俊,RG4,CL_04,iOS,ASA,02_100%鍙婁互涓?1,1,600000.0,600000.0,1,1,600000.0,600000.0,1,1,600000.0,600000.0
2026-09-01,01_棣栫瑪鏀炬,01_棣栨鎺堜俊,RG4,CL_05,iOS,Facebook,02_100%鍙婁互涓?1,1,600000.0,600000.0,0,0,0.0,0.0,0,0,0.0,0.0
2026-07-11,01_棣栫瑪鏀炬,02_闈為娆℃巿淇?RG7,CL_05,Android,Organic,02_100%鍙婁互涓?1,1,300000.0,300000.0,0,1,0.0,300000.0,0,1,0.0,300000.0
2026-07-25,01_棣栫瑪鏀炬,02_闈為娆℃巿淇?RG5,CL_05,Android,Google,02_100%鍙婁互涓?1,1,300000.0,300000.0,1,1,300000.0,300000.0,1,1,300000.0,300000.0
2026-08-09,01_棣栫瑪鏀炬,02_闈為娆℃巿淇?RG6,CL_05,Android,Facebook,02_100%鍙婁互涓?2,2,600000.0,600000.0,1,2,300000.0,600000.0,0,2,0.0,600000.0
2026-08-16,01_棣栫瑪鏀炬,01_棣栨鎺堜俊,RG2,CL_01,iOS,Organic,02_100%鍙婁互涓?2,2,4000000.0,4000000.0,1,2,2000000.0,4000000.0,0,0,0.0,0.0
2026-07-19,01_棣栫瑪鏀炬,01_棣栨鎺堜俊,RG2,CL_05,Android,Tiktok,02_100%鍙婁互涓?1,1,1600000.0,1200000.0,1,1,1600000.0,1600000.0,1,1,1600000.0,1600000.0
2026-08-05,01_棣栫瑪鏀炬,02_闈為娆℃巿淇?RG4,CL_03,Android,Facebook,02_100%鍙婁互涓?1,1,400000.0,400000.0,1,1,400000.0,400000.0,1,1,400000.0,400000.0
2026-08-08,01_棣栫瑪鏀炬,01_棣栨鎺堜俊,RG1,CL_01,iOS,Tiktok,02_100%鍙婁互涓?1,1,3300000.0,3300000.0,0,1,0.0,3300000.0,0,1,0.0,3300000.0
2026-08-04,01_棣栫瑪鏀炬,01_棣栨鎺堜俊,RG1,CL_01,Android,Organic,02_100%鍙婁互涓?1,1,3500000.0,2500000.0,0,1,0.0,3500000.0,0,1,0.0,3500000.0
2026-08-21,01_棣栫瑪鏀炬,02_闈為娆℃巿淇?RG4,CL_05,Android,Organic,01_100%浠ヤ笅,1,1,300000.0,500000.0,0,1,0.0,300000.0,0,0,0.0,0.0
2026-07-11,01_棣栫瑪鏀炬,01_棣栨鎺堜俊,RG3,CL_03,iOS,Organic,02_100%鍙婁互涓?3,3,2800000.0,2800000.0,0,3,0.0,2800000.0,0,3,0.0,2800000.0
2026-09-04,01_棣栫瑪鏀炬,01_棣栨鎺堜俊,RG2,CL_01,iOS,Tiktok,02_100%鍙婁互涓?1,1,2000000.0,2000000.0,0,0,0.0,0.0,0,0,0.0,0.0
2026-08-29,01_棣栫瑪鏀炬,01_棣栨鎺堜俊,RG4,CL_05,iOS,ASA,02_100%鍙婁互涓?1,1,600000.0,600000.0,0,0,0.0,0.0,0,0,0.0,0.0
2026-08-03,01_棣栫瑪鏀炬,02_闈為娆℃巿淇?RG2,CL_05,Android,Google,02_100%鍙婁互涓?2,2,2200000.0,2200000.0,1,2,1000000.0,2200000.0,1,2,1000000.0,2200000.0
2026-08-20,01_棣栫瑪鏀炬,02_闈為娆℃巿淇?RG2,CL_07,Android,Google,02_100%鍙婁互涓?1,1,1200000.0,1200000.0,0,1,0.0,1200000.0,0,0,0.0,0.0
2026-08-21,01_棣栫瑪鏀炬,02_闈為娆℃巿淇?RG4,CL_05,Android,Facebook,02_100%鍙婁互涓?4,4,1900000.0,1900000.0,0,4,0.0,1900000.0,0,0,0.0,0.0
2026-07-23,01_棣栫瑪鏀炬,01_棣栨鎺堜俊,RG5,CL_05,Android,Facebook,02_100%鍙婁互涓?13,13,4600000.0,4600000.0,8,13,2800000.0,4600000.0,6,13,2100000.0,4600000.0
2026-07-12,01_棣栫瑪鏀炬,01_棣栨鎺堜俊,RG0,CL_01,iOS,ASA,02_100%鍙婁互涓?1,1,4000000.0,4000000.0,1,1,4000000.0,4000000.0,1,1,4000000.0,4000000.0
2026-07-26,01_棣栫瑪鏀炬,01_棣栨鎺堜俊,RG2,CL_07,Android,Facebook,02_100%鍙婁互涓?1,1,1200000.0,1200000.0,1,1,1200000.0,1200000.0,1,1,1200000.0,1200000.0
2026-07-22,01_棣栫瑪鏀炬,01_棣栨鎺堜俊,RG4,CL_05,iOS,ASA,02_100%鍙婁互涓?1,1,600000.0,600000.0,1,1,600000.0,600000.0,0,1,0.0,600000.0
2026-08-29,01_棣栫瑪鏀炬,01_棣栨鎺堜俊,RG2,CL_01,iOS,Tiktok,02_100%鍙婁互涓?1,1,2000000.0,2000000.0,0,0,0.0,0.0,0,0,0.0,0.0
2026-07-18,01_棣栫瑪鏀炬,01_棣栨鎺堜俊,RG5,CL_03,Android,Organic,02_100%鍙婁互涓?1,1,800000.0,400000.0,0,1,0.0,800000.0,0,1,0.0,800000.0
2026-07-26,01_棣栫瑪鏀炬,01_棣栨鎺堜俊,RG2,CL_05,Android,Google,02_100%鍙婁互涓?1,1,1200000.0,1200000.0,1,1,1200000.0,1200000.0,0,1,0.0,1200000.0
2026-08-21,01_棣栫瑪鏀炬,01_棣栨鎺堜俊,RG2,CL_05,Android,Organic,02_100%鍙婁互涓?1,1,1000000.0,1000000.0,1,1,1000000.0,1000000.0,0,0,0.0,0.0
2026-08-16,01_棣栫瑪鏀炬,01_棣栨鎺堜俊,RG1,CL_03,Android,Facebook,02_100%鍙婁互涓?1,1,500000.0,500000.0,1,1,500000.0,500000.0,0,0,0.0,0.0
2026-09-01,01_棣栫瑪鏀炬,02_闈為娆℃巿淇?RG4,CL_05,Android,Facebook,02_100%鍙婁互涓?1,1,400000.0,400000.0,0,0,0.0,0.0,0,0,0.0,0.0
2026-09-06,01_棣栫瑪鏀炬,01_棣栨鎺堜俊,RG1,CL_01,iOS,Organic,02_100%鍙婁互涓?1,1,3000000.0,3000000.0,0,0,0.0,0.0,0,0,0.0,0.0
2026-07-30,01_棣栫瑪鏀炬,01_棣栨鎺堜俊,RG2,CL_05,Android,Google,01_100%浠ヤ笅,1,1,500000.0,1200000.0,0,1,0.0,500000.0,0,1,0.0,500000.0
2026-07-19,01_棣栫瑪鏀炬,01_棣栨鎺堜俊,RG3,CL_05,Android,Google,02_100%鍙婁互涓?2,2,1400000.0,1400000.0,1,2,600000.0,1400000.0,1,2,600000.0,1400000.0
2026-08-04,01_棣栫瑪鏀炬,01_棣栨鎺堜俊,RG3,CL_05,Android,Google,02_100%鍙婁互涓?18,18,1.38E7,1.36E7,8,18,6200000.0,1.38E7,6,18,4600000.0,1.38E7
2026-07-21,01_棣栫瑪鏀炬,01_棣栨鎺堜俊,RG1,CL_01,iOS,Organic,02_100%鍙婁互涓?3,3,9500000.0,8000000.0,1,3,3000000.0,9500000.0,1,3,3000000.0,9500000.0
2026-07-14,01_棣栫瑪鏀炬,01_棣栨鎺堜俊,RG6,CL_05,Android,Tiktok,02_100%鍙婁互涓?2,2,600000.0,600000.0,1,2,300000.0,600000.0,0,2,0.0,600000.0
2026-08-09,01_棣栫瑪鏀炬,01_棣栨鎺堜俊,RG5,CL_05,iOS,Google,02_100%鍙婁互涓?1,1,400000.0,400000.0,0,1,0.0,400000.0,0,1,0.0,400000.0
2026-07-12,01_棣栫瑪鏀炬,01_棣栨鎺堜俊,RG2,CL_01,Android,Facebook,02_100%鍙婁互涓?5,5,8400000.0,7500000.0,1,5,1800000.0,8400000.0,1,5,1800000.0,8400000.0
2026-08-07,01_棣栫瑪鏀炬,01_棣栨鎺堜俊,RG3,CL_05,Android,Facebook,01_100%浠ヤ笅,1,1,400000.0,800000.0,1,1,400000.0,400000.0,0,1,0.0,400000.0
2026-08-12,01_棣栫瑪鏀炬,02_闈為娆℃巿淇?RG5,CL_05,iOS,绌哄€?02_100%鍙婁互涓?1,1,500000.0,300000.0,0,1,0.0,500000.0,0,1,0.0,500000.0
2026-08-24,01_棣栫瑪鏀炬,01_棣栨鎺堜俊,RG3,CL_05,iOS,ASA,02_100%鍙婁互涓?2,2,1600000.0,1600000.0,0,0,0.0,0.0,0,0,0.0,0.0
2026-07-19,01_棣栫瑪鏀炬,02_闈為娆℃巿淇?RG6,CL_05,Android,Tiktok,02_100%鍙婁互涓?1,1,300000.0,300000.0,1,1,300000.0,300000.0,1,1,300000.0,300000.0
2026-08-14,01_棣栫瑪鏀炬,01_棣栨鎺堜俊,RG7,CL_05,Android,Facebook,02_100%鍙婁互涓?1,1,300000.0,300000.0,1,1,300000.0,300000.0,0,0,0.0,0.0
2026-08-20,01_棣栫瑪鏀炬,01_棣栨鎺堜俊,RG3,CL_05,iOS,Tiktok,02_100%鍙婁互涓?1,1,1200000.0,800000.0,0,1,0.0,1200000.0,0,0,0.0,0.0
2026-08-10,01_棣栫瑪鏀炬,02_闈為娆℃巿淇?RG4,CL_05,Android,Facebook,02_100%鍙婁互涓?3,3,1600000.0,1600000.0,2,3,1000000.0,1600000.0,2,3,1000000.0,1600000.0
2026-08-08,01_棣栫瑪鏀炬,02_闈為娆℃巿淇?RG5,CL_05,Android,Tiktok,02_100%鍙婁互涓?2,2,800000.0,800000.0,2,2,800000.0,800000.0,1,2,400000.0,800000.0
2026-07-24,01_棣栫瑪鏀炬,02_闈為娆℃巿淇?RG4,CL_05,Android,Facebook,02_100%鍙婁互涓?8,8,4200000.0,4200000.0,3,8,1600000.0,4200000.0,3,8,1600000.0,4200000.0
2026-08-22,01_棣栫瑪鏀炬,01_棣栨鎺堜俊,RG2,CL_07,Android,Google,02_100%鍙婁互涓?3,3,3600000.0,3600000.0,0,3,0.0,3600000.0,0,0,0.0,0.0
2026-07-11,01_棣栫瑪鏀炬,01_棣栨鎺堜俊,RG0,CL_01,iOS,Organic,02_100%鍙婁互涓?2,2,1.08E7,9600000.0,1,2,4800000.0,1.08E7,1,2,4800000.0,1.08E7
2026-08-14,01_棣栫瑪鏀炬,01_棣栨鎺堜俊,RG7,CL_05,Android,Google,02_100%鍙婁互涓?1,1,300000.0,300000.0,1,1,300000.0,300000.0,0,0,0.0,0.0
2026-07-20,01_棣栫瑪鏀炬,01_棣栨鎺堜俊,RG2,CL_05,Android,Organic,01_100%浠ヤ笅,1,1,300000.0,1000000.0,0,1,0.0,300000.0,0,1,0.0,300000.0
2026-08-08,01_棣栫瑪鏀炬,01_棣栨鎺堜俊,RG3,CL_05,iOS,ASA,02_100%鍙婁互涓?1,1,800000.0,800000.0,0,1,0.0,800000.0,0,1,0.0,800000.0
2026-08-01,01_棣栫瑪鏀炬,01_棣栨鎺堜俊,RG2,CL_05,Android,Tiktok,02_100%鍙婁互涓?1,1,1000000.0,1000000.0,1,1,1000000.0,1000000.0,1,1,1000000.0,1000000.0
2026-07-26,01_棣栫瑪鏀炬,02_闈為娆℃巿淇?RG5,CL_05,iOS,ASA,02_100%鍙婁互涓?2,2,600000.0,600000.0,2,2,600000.0,600000.0,1,2,300000.0,600000.0
2026-07-28,01_棣栫瑪鏀炬,02_闈為娆℃巿淇?RG5,CL_05,iOS,Organic,01_100%浠ヤ笅,1,1,300000.0,400000.0,0,1,0.0,300000.0,0,1,0.0,300000.0
2026-08-18,01_棣栫瑪鏀炬,01_棣栨鎺堜俊,RG1,CL_01,Android,Facebook,01_100%浠ヤ笅,1,1,1000000.0,1500000.0,0,1,0.0,1000000.0,0,0,0.0,0.0
2026-07-19,01_棣栫瑪鏀炬,01_棣栨鎺堜俊,RG5,CL_05,Android,Organic,02_100%鍙婁互涓?6,6,2200000.0,2200000.0,4,6,1400000.0,2200000.0,3,6,1000000.0,2200000.0
2026-07-18,01_棣栫瑪鏀炬,01_棣栨鎺堜俊,RG7,CL_05,Android,Facebook,02_100%鍙婁互涓?3,3,900000.0,900000.0,0,3,0.0,900000.0,0,3,0.0,900000.0
2026-07-14,01_棣栫瑪鏀炬,02_闈為娆℃巿淇?RG4,CL_03,Android,Organic,02_100%鍙婁互涓?1,1,400000.0,400000.0,1,1,400000.0,400000.0,1,1,400000.0,400000.0
2026-09-06,01_棣栫瑪鏀炬,01_棣栨鎺堜俊,RG0,CL_01,iOS,Organic,02_100%鍙婁互涓?1,1,4000000.0,4000000.0,0,0,0.0,0.0,0,0,0.0,0.0
2026-08-17,01_棣栫瑪鏀炬,01_棣栨鎺堜俊,RG3,CL_03,Android,Facebook,02_100%鍙婁互涓?1,1,900000.0,800000.0,1,1,900000.0,900000.0,0,0,0.0,0.0
2026-08-02,01_棣栫瑪鏀炬,01_棣栨鎺堜俊,RG5,CL_05,iOS,ASA,02_100%鍙婁互涓?3,3,1000000.0,1000000.0,3,3,1000000.0,1000000.0,3,3,1000000.0,1000000.0
2026-08-27,01_棣栫瑪鏀炬,02_闈為娆℃巿淇?RG4,CL_05,Android,Facebook,02_100%鍙婁互涓?5,5,2100000.0,2100000.0,0,0,0.0,0.0,0,0,0.0,0.0
2026-08-10,01_棣栫瑪鏀炬,01_棣栨鎺堜俊,RG1,CL_01,Android,Tiktok,02_100%鍙婁互涓?2,2,3500000.0,3000000.0,0,2,0.0,3500000.0,0,2,0.0,3500000.0
2026-09-03,01_棣栫瑪鏀炬,01_棣栨鎺堜俊,RG2,CL_05,Android,Tiktok,02_100%鍙婁互涓?1,1,1000000.0,1000000.0,0,0,0.0,0.0,0,0,0.0,0.0
2026-08-10,01_棣栫瑪鏀炬,02_闈為娆℃巿淇?RG7,CL_05,Android,Organic,02_100%鍙婁互涓?1,1,300000.0,300000.0,1,1,300000.0,300000.0,0,1,0.0,300000.0
2026-09-02,01_棣栫瑪鏀炬,01_棣栨鎺堜俊,RG4,CL_05,Android,Organic,02_100%鍙婁互涓?2,2,900000.0,900000.0,0,0,0.0,0.0,0,0,0.0,0.0
2026-08-23,01_棣栫瑪鏀炬,01_棣栨鎺堜俊,RG3,CL_05,iOS,Tiktok,02_100%鍙婁互涓?2,2,2000000.0,2000000.0,1,2,800000.0,2000000.0,0,0,0.0,0.0
2026-09-01,01_棣栫瑪鏀炬,02_闈為娆℃巿淇?RG3,CL_05,Android,Google,02_100%鍙婁互涓?2,2,1600000.0,1600000.0,0,0,0.0,0.0,0,0,0.0,0.0
2026-08-13,01_棣栫瑪鏀炬,01_棣栨鎺堜俊,RG4,CL_05,iOS,ASA,02_100%鍙婁互涓?1,1,1000000.0,600000.0,0,1,0.0,1000000.0,0,1,0.0,1000000.0
2026-08-09,01_棣栫瑪鏀炬,01_棣栨鎺堜俊,RG3,CL_05,iOS,Organic,02_100%鍙婁互涓?9,9,1.05E7,9500000.0,5,9,5000000.0,1.05E7,5,9,5000000.0,1.05E7
2026-08-24,01_棣栫瑪鏀炬,01_棣栨鎺堜俊,RG2,CL_05,Android,Tiktok,02_100%鍙婁互涓?6,6,7200000.0,6800000.0,0,0,0.0,0.0,0,0,0.0,0.0
2026-08-05,01_棣栫瑪鏀炬,02_闈為娆℃巿淇?RG6,CL_05,Android,Google,02_100%鍙婁互涓?1,1,300000.0,300000.0,1,1,300000.0,300000.0,1,1,300000.0,300000.0
2026-07-18,01_棣栫瑪鏀炬,01_棣栨鎺堜俊,RG2,CL_05,Android,Tiktok,01_100%浠ヤ笅,1,1,800000.0,1000000.0,1,1,800000.0,800000.0,0,1,0.0,800000.0
2026-07-23,01_棣栫瑪鏀炬,01_棣栨鎺堜俊,RG2,CL_04,iOS,Organic,02_100%鍙婁互涓?1,1,2100000.0,1500000.0,0,1,0.0,2100000.0,0,1,0.0,2100000.0
2026-08-25,01_棣栫瑪鏀炬,01_棣栨鎺堜俊,RG2,CL_07,Android,Google,02_100%鍙婁互涓?4,4,5100000.0,4800000.0,0,0,0.0,0.0,0,0,0.0,0.0
2026-07-17,01_棣栫瑪鏀炬,01_棣栨鎺堜俊,RG1,CL_01,Android,Facebook,02_100%鍙婁互涓?1,1,1000000.0,1000000.0,0,1,0.0,1000000.0,0,1,0.0,1000000.0
2026-09-03,01_棣栫瑪鏀炬,01_棣栨鎺堜俊,RG3,CL_05,Android,Facebook,02_100%鍙婁互涓?8,8,6100000.0,6000000.0,0,0,0.0,0.0,0,0,0.0,0.0
2026-07-29,01_棣栫瑪鏀炬,01_棣栨鎺堜俊,RG5,CL_05,iOS,Tiktok,02_100%鍙婁互涓?7,7,2400000.0,2400000.0,3,7,1000000.0,2400000.0,3,7,1000000.0,2400000.0
2026-08-08,01_棣栫瑪鏀炬,01_棣栨鎺堜俊,RG3,CL_05,Android,Facebook,02_100%鍙婁互涓?10,10,7000000.0,6800000.0,4,10,2600000.0,7000000.0,2,10,1400000.0,7000000.0
2026-07-16,01_棣栫瑪鏀炬,01_棣栨鎺堜俊,RG5,CL_04,Android,Facebook,02_100%鍙婁互涓?3,3,1100000.0,1100000.0,1,3,300000.0,1100000.0,1,3,300000.0,1100000.0
2026-08-16,01_棣栫瑪鏀炬,02_闈為娆℃巿淇?RG6,CL_05,Android,Organic,02_100%鍙婁互涓?1,1,300000.0,300000.0,0,1,0.0,300000.0,0,0,0.0,0.0
2026-08-11,01_棣栫瑪鏀炬,01_棣栨鎺堜俊,RG3,CL_05,iOS,Facebook,02_100%鍙婁互涓?1,1,800000.0,800000.0,1,1,800000.0,800000.0,1,1,800000.0,800000.0
2026-07-25,01_棣栫瑪鏀炬,01_棣栨鎺堜俊,RG3,CL_05,Android,Tiktok,02_100%鍙婁互涓?2,2,1200000.0,1200000.0,2,2,1200000.0,1200000.0,1,2,600000.0,1200000.0
2026-08-14,01_棣栫瑪鏀炬,01_棣栨鎺堜俊,RG2,CL_05,iOS,Facebook,02_100%鍙婁互涓?2,2,3000000.0,2700000.0,1,2,1200000.0,3000000.0,0,0,0.0,0.0
2026-07-10,01_棣栫瑪鏀炬,02_闈為娆℃巿淇?RG5,CL_05,Android,Facebook,02_100%鍙婁互涓?1,1,300000.0,300000.0,1,1,300000.0,300000.0,1,1,300000.0,300000.0
2026-08-22,01_棣栫瑪鏀炬,01_棣栨鎺堜俊,RG4,CL_05,Android,Tiktok,02_100%鍙婁互涓?5,5,1900000.0,1900000.0,1,5,500000.0,1900000.0,0,0,0.0,0.0
2026-07-23,01_棣栫瑪鏀炬,01_棣栨鎺堜俊,RG2,CL_05,iOS,Organic,01_100%浠ヤ笅,1,1,1200000.0,1500000.0,0,1,0.0,1200000.0,0,1,0.0,1200000.0
2026-07-20,01_棣栫瑪鏀炬,01_棣栨鎺堜俊,RG2,CL_05,Android,Facebook,02_100%鍙婁互涓?7,7,8400000.0,7800000.0,1,7,1200000.0,8400000.0,0,7,0.0,8400000.0
2026-07-25,01_棣栫瑪鏀炬,01_棣栨鎺堜俊,RG4,CL_05,Android,Tiktok,02_100%鍙婁互涓?3,3,1600000.0,1600000.0,3,3,1600000.0,1600000.0,2,3,1200000.0,1600000.0
2026-08-09,01_棣栫瑪鏀炬,02_闈為娆℃巿淇?RG5,CL_05,Android,Google,02_100%鍙婁互涓?4,4,1500000.0,1500000.0,2,4,800000.0,1500000.0,2,4,800000.0,1500000.0
2026-08-11,01_棣栫瑪鏀炬,01_棣栨鎺堜俊,RG2,CL_01,iOS,Organic,02_100%鍙婁互涓?1,1,3100000.0,2600000.0,0,1,0.0,3100000.0,0,1,0.0,3100000.0
2026-07-12,01_棣栫瑪鏀炬,02_闈為娆℃巿淇?RG4,CL_03,Android,绌哄€?02_100%鍙婁互涓?1,1,600000.0,600000.0,1,1,600000.0,600000.0,1,1,600000.0,600000.0
2026-09-02,01_棣栫瑪鏀炬,02_闈為娆℃巿淇?RG4,CL_05,Android,Tiktok,02_100%鍙婁互涓?1,1,400000.0,400000.0,0,0,0.0,0.0,0,0,0.0,0.0
2026-08-26,01_棣栫瑪鏀炬,01_棣栨鎺堜俊,RG2,CL_07,iOS,Tiktok,02_100%鍙婁互涓?1,1,1500000.0,1500000.0,0,0,0.0,0.0,0,0,0.0,0.0
2026-08-22,01_棣栫瑪鏀炬,01_棣栨鎺堜俊,RG1,CL_01,iOS,Google,02_100%鍙婁互涓?1,1,2500000.0,2500000.0,0,1,0.0,2500000.0,0,0,0.0,0.0
2026-07-10,01_棣栫瑪鏀炬,02_闈為娆℃巿淇?RG3,CL_04,Android,Google,02_100%鍙婁互涓?1,1,800000.0,800000.0,1,1,800000.0,800000.0,1,1,800000.0,800000.0
2026-07-25,01_棣栫瑪鏀炬,01_棣栨鎺堜俊,RG2,CL_05,Android,Facebook,02_100%鍙婁互涓?5,5,5600000.0,5400000.0,3,5,3600000.0,5600000.0,2,5,2400000.0,5600000.0
2026-08-06,01_棣栫瑪鏀炬,01_棣栨鎺堜俊,RG1,CL_01,iOS,Organic,02_100%鍙婁互涓?3,3,8000000.0,8000000.0,1,3,3000000.0,8000000.0,0,3,0.0,8000000.0
2026-08-05,01_棣栫瑪鏀炬,02_闈為娆℃巿淇?RG6,CL_05,Android,Facebook,02_100%鍙婁互涓?2,2,600000.0,600000.0,0,2,0.0,600000.0,0,2,0.0,600000.0
2026-08-31,01_棣栫瑪鏀炬,01_棣栨鎺堜俊,RG3,CL_05,Android,Tiktok,02_100%鍙婁互涓?7,7,5200000.0,5000000.0,0,0,0.0,0.0,0,0,0.0,0.0
2026-08-26,01_棣栫瑪鏀炬,01_棣栨鎺堜俊,RG4,CL_05,iOS,Google,02_100%鍙婁互涓?1,1,800000.0,800000.0,0,0,0.0,0.0,0,0,0.0,0.0
2026-07-16,01_棣栫瑪鏀炬,01_棣栨鎺堜俊,RG5,CL_03,Android,Facebook,02_100%鍙婁互涓?2,2,700000.0,700000.0,1,2,400000.0,700000.0,0,2,0.0,700000.0
2026-07-10,01_棣栫瑪鏀炬,01_棣栨鎺堜俊,RG3,CL_03,iOS,Facebook,02_100%鍙婁互涓?2,2,2800000.0,2400000.0,0,2,0.0,2800000.0,0,2,0.0,2800000.0
2026-07-23,01_棣栫瑪鏀炬,02_闈為娆℃巿淇?RG5,CL_05,iOS,Facebook,02_100%鍙婁互涓?3,3,1600000.0,1000000.0,2,3,1200000.0,1600000.0,1,3,700000.0,1600000.0
2026-07-27,01_棣栫瑪鏀炬,01_棣栨鎺堜俊,RG1,CL_01,iOS,Organic,02_100%鍙婁互涓?4,4,1.06E7,1.0E7,0,4,0.0,1.06E7,0,4,0.0,1.06E7
2026-08-03,01_棣栫瑪鏀炬,01_棣栨鎺堜俊,RG3,CL_05,Android,Google,01_100%浠ヤ笅,1,1,300000.0,600000.0,0,1,0.0,300000.0,0,1,0.0,300000.0
2026-08-03,01_棣栫瑪鏀炬,01_棣栨鎺堜俊,RG7,CL_05,Android,Google,02_100%鍙婁互涓?6,6,1800000.0,1800000.0,3,6,900000.0,1800000.0,2,6,600000.0,1800000.0
2026-08-16,01_棣栫瑪鏀炬,02_闈為娆℃巿淇?RG5,CL_05,iOS,Tiktok,02_100%鍙婁互涓?2,2,700000.0,700000.0,1,2,400000.0,700000.0,0,0,0.0,0.0
2026-09-01,01_棣栫瑪鏀炬,01_棣栨鎺堜俊,RG2,CL_07,Android,Organic,02_100%鍙婁互涓?1,1,1200000.0,1200000.0,0,0,0.0,0.0,0,0,0.0,0.0
2026-07-14,01_棣栫瑪鏀炬,02_闈為娆℃巿淇?RG4,CL_05,Android,Facebook,02_100%鍙婁互涓?2,2,1000000.0,1000000.0,0,2,0.0,1000000.0,0,2,0.0,1000000.0
2026-08-09,01_棣栫瑪鏀炬,01_棣栨鎺堜俊,RG2,CL_07,Android,Google,02_100%鍙婁互涓?5,5,6000000.0,6000000.0,1,5,1200000.0,6000000.0,1,5,1200000.0,6000000.0
2026-07-12,01_棣栫瑪鏀炬,01_棣栨鎺堜俊,RG4,CL_03,iOS,ASA,02_100%鍙婁互涓?1,1,800000.0,800000.0,0,1,0.0,800000.0,0,1,0.0,800000.0
2026-07-14,01_棣栫瑪鏀炬,01_棣栨鎺堜俊,RG5,CL_03,iOS,Facebook,02_100%鍙婁互涓?2,2,600000.0,600000.0,1,2,300000.0,600000.0,1,2,300000.0,600000.0
2026-07-18,01_棣栫瑪鏀炬,01_棣栨鎺堜俊,RG5,CL_05,iOS,ASA,02_100%鍙婁互涓?4,4,1400000.0,1400000.0,3,4,1000000.0,1400000.0,3,4,1000000.0,1400000.0
2026-08-02,01_棣栫瑪鏀炬,01_棣栨鎺堜俊,RG3,CL_05,iOS,Tiktok,02_100%鍙婁互涓?4,4,3400000.0,3400000.0,2,4,1800000.0,3400000.0,1,4,800000.0,3400000.0
2026-07-23,01_棣栫瑪鏀炬,01_棣栨鎺堜俊,RG2,CL_01,Android,Google,02_100%鍙婁互涓?4,4,6000000.0,6000000.0,2,4,3000000.0,6000000.0,2,4,3000000.0,6000000.0
2026-08-09,01_棣栫瑪鏀炬,02_闈為娆℃巿淇?RG4,CL_05,Android,Organic,02_100%鍙婁互涓?3,3,1400000.0,1400000.0,1,3,600000.0,1400000.0,1,3,600000.0,1400000.0
2026-07-29,01_棣栫瑪鏀炬,02_闈為娆℃巿淇?RG5,CL_05,iOS,Organic,02_100%鍙婁互涓?11,11,4100000.0,3700000.0,5,11,1700000.0,4100000.0,3,11,1100000.0,4100000.0
2026-08-17,01_棣栫瑪鏀炬,01_棣栨鎺堜俊,RG1,CL_01,Android,Google,02_100%鍙婁互涓?3,3,4500000.0,4500000.0,1,3,1500000.0,4500000.0,0,0,0.0,0.0
2026-08-24,01_棣栫瑪鏀炬,01_棣栨鎺堜俊,RG3,CL_05,Android,Facebook,02_100%鍙婁互涓?6,6,4000000.0,4000000.0,0,0,0.0,0.0,0,0,0.0,0.0
2026-07-27,01_棣栫瑪鏀炬,01_棣栨鎺堜俊,RG2,CL_07,Android,Organic,02_100%鍙婁互涓?1,1,1200000.0,1200000.0,1,1,1200000.0,1200000.0,1,1,1200000.0,1200000.0
2026-08-19,01_棣栫瑪鏀炬,01_棣栨鎺堜俊,RG3,CL_05,iOS,ASA,02_100%鍙婁互涓?1,1,1200000.0,800000.0,1,1,1200000.0,1200000.0,0,0,0.0,0.0
2026-07-24,01_棣栫瑪鏀炬,01_棣栨鎺堜俊,RG2,CL_05,Android,Facebook,01_100%浠ヤ笅,1,1,400000.0,1200000.0,1,1,400000.0,400000.0,0,1,0.0,400000.0
2026-07-12,01_棣栫瑪鏀炬,01_棣栨鎺堜俊,RG5,CL_04,Android,Organic,02_100%鍙婁互涓?1,1,400000.0,400000.0,1,1,400000.0,400000.0,1,1,400000.0,400000.0
2026-08-18,01_棣栫瑪鏀炬,01_棣栨鎺堜俊,RG2,CL_05,Android,Tiktok,02_100%鍙婁互涓?2,2,2000000.0,2000000.0,0,2,0.0,2000000.0,0,0,0.0,0.0
2026-07-22,01_棣栫瑪鏀炬,01_棣栨鎺堜俊,RG2,CL_01,Android,Organic,02_100%鍙婁互涓?3,3,5100000.0,4500000.0,0,3,0.0,5100000.0,0,3,0.0,5100000.0
2026-08-19,01_棣栫瑪鏀炬,01_棣栨鎺堜俊,RG1,CL_01,iOS,Tiktok,02_100%鍙婁互涓?1,1,3000000.0,3000000.0,0,1,0.0,3000000.0,0,0,0.0,0.0
2026-07-15,01_棣栫瑪鏀炬,01_棣栨鎺堜俊,RG5,CL_04,Android,Tiktok,02_100%鍙婁互涓?1,1,400000.0,400000.0,0,1,0.0,400000.0,0,1,0.0,400000.0
2026-07-19,01_棣栫瑪鏀炬,01_棣栨鎺堜俊,RG4,CL_03,Android,Organic,02_100%鍙婁互涓?1,1,400000.0,400000.0,0,1,0.0,400000.0,0,1,0.0,400000.0
2026-07-21,01_棣栫瑪鏀炬,02_闈為娆℃巿淇?RG6,CL_05,Android,Organic,02_100%鍙婁互涓?1,1,400000.0,400000.0,1,1,400000.0,400000.0,1,1,400000.0,400000.0
2026-08-22,01_棣栫瑪鏀炬,01_棣栨鎺堜俊,RG5,CL_05,iOS,Google,02_100%鍙婁互涓?4,4,1300000.0,1300000.0,2,4,600000.0,1300000.0,0,0,0.0,0.0
2026-08-26,01_棣栫瑪鏀炬,01_棣栨鎺堜俊,RG5,CL_05,Android,Tiktok,02_100%鍙婁互涓?1,1,300000.0,300000.0,0,0,0.0,0.0,0,0,0.0,0.0
2026-07-11,01_棣栫瑪鏀炬,01_棣栨鎺堜俊,RG0,CL_01,iOS,鍏朵粬,02_100%鍙婁互涓?1,1,4000000.0,4000000.0,0,1,0.0,4000000.0,0,1,0.0,4000000.0
2026-08-27,01_棣栫瑪鏀炬,02_闈為娆℃巿淇?RG3,CL_05,Android,Facebook,02_100%鍙婁互涓?1,1,800000.0,800000.0,0,0,0.0,0.0,0,0,0.0,0.0
2026-07-12,01_棣栫瑪鏀炬,01_棣栨鎺堜俊,RG6,CL_05,Android,Facebook,02_100%鍙婁互涓?3,3,1000000.0,1000000.0,1,3,400000.0,1000000.0,1,3,400000.0,1000000.0
2026-07-31,01_棣栫瑪鏀炬,01_棣栨鎺堜俊,RG1,CL_01,iOS,Facebook,02_100%鍙婁互涓?3,3,7500000.0,7500000.0,1,3,2500000.0,7500000.0,1,3,2500000.0,7500000.0
2026-08-10,01_棣栫瑪鏀炬,01_棣栨鎺堜俊,RG2,CL_07,Android,Google,01_100%浠ヤ笅,1,1,1000000.0,1200000.0,1,1,1000000.0,1000000.0,0,1,0.0,1000000.0
2026-07-24,01_棣栫瑪鏀炬,01_棣栨鎺堜俊,RG3,CL_03,iOS,Organic,02_100%鍙婁互涓?1,1,600000.0,600000.0,0,1,0.0,600000.0,0,1,0.0,600000.0
2026-07-29,01_棣栫瑪鏀炬,01_棣栨鎺堜俊,RG3,CL_05,Android,Google,02_100%鍙婁互涓?3,3,2200000.0,2200000.0,2,3,1400000.0,2200000.0,2,3,1400000.0,2200000.0
2026-08-03,01_棣栫瑪鏀炬,02_闈為娆℃巿淇?RG5,CL_05,iOS,Facebook,02_100%鍙婁互涓?1,1,400000.0,400000.0,0,1,0.0,400000.0,0,1,0.0,400000.0
2026-07-19,01_棣栫瑪鏀炬,01_棣栨鎺堜俊,RG6,CL_05,Android,Organic,02_100%鍙婁互涓?2,2,700000.0,700000.0,1,2,300000.0,700000.0,1,2,300000.0,700000.0
2026-07-14,01_棣栫瑪鏀炬,01_棣栨鎺堜俊,RG0,CL_06,iOS,Organic,02_100%鍙婁互涓?1,1,6000000.0,6000000.0,0,1,0.0,6000000.0,0,1,0.0,6000000.0
2026-08-12,01_棣栫瑪鏀炬,01_棣栨鎺堜俊,RG0,CL_01,iOS,Facebook,02_100%鍙婁互涓?3,3,1.44E7,1.44E7,0,3,0.0,1.44E7,0,3,0.0,1.44E7
2026-08-15,01_棣栫瑪鏀炬,02_闈為娆℃巿淇?RG7,CL_05,Android,Google,02_100%鍙婁互涓?3,3,900000.0,900000.0,2,3,600000.0,900000.0,0,0,0.0,0.0
2026-08-05,01_棣栫瑪鏀炬,02_闈為娆℃巿淇?RG7,CL_05,Android,Google,02_100%鍙婁互涓?1,1,300000.0,300000.0,0,1,0.0,300000.0,0,1,0.0,300000.0
2026-08-01,01_棣栫瑪鏀炬,02_闈為娆℃巿淇?RG0,CL_06,iOS,Organic,02_100%鍙婁互涓?1,1,7800000.0,7800000.0,0,1,0.0,7800000.0,0,1,0.0,7800000.0
2026-07-25,01_棣栫瑪鏀炬,01_棣栨鎺堜俊,RG0,CL_06,iOS,Facebook,02_100%鍙婁互涓?1,1,8800000.0,7800000.0,0,1,0.0,8800000.0,0,1,0.0,8800000.0
2026-07-19,01_棣栫瑪鏀炬,02_闈為娆℃巿淇?RG7,CL_05,Android,Tiktok,02_100%鍙婁互涓?1,1,300000.0,300000.0,0,1,0.0,300000.0,0,1,0.0,300000.0
2026-07-30,01_棣栫瑪鏀炬,02_闈為娆℃巿淇?RG4,CL_05,Android,Google,02_100%鍙婁互涓?1,1,400000.0,400000.0,0,1,0.0,400000.0,0,1,0.0,400000.0
2026-07-15,01_棣栫瑪鏀炬,01_棣栨鎺堜俊,RG5,CL_04,iOS,Organic,02_100%鍙婁互涓?12,12,4800000.0,4200000.0,6,12,2200000.0,4800000.0,5,12,1800000.0,4800000.0
2026-08-10,01_棣栫瑪鏀炬,01_棣栨鎺堜俊,RG2,CL_03,Android,Facebook,02_100%鍙婁互涓?1,1,400000.0,400000.0,1,1,400000.0,400000.0,1,1,400000.0,400000.0
2026-08-05,01_棣栫瑪鏀炬,01_棣栨鎺堜俊,RG2,CL_05,iOS,ASA,02_100%鍙婁互涓?1,1,1500000.0,1500000.0,0,1,0.0,1500000.0,0,1,0.0,1500000.0
2026-08-27,01_棣栫瑪鏀炬,01_棣栨鎺堜俊,RG2,CL_07,iOS,Tiktok,02_100%鍙婁互涓?2,2,3800000.0,3000000.0,0,0,0.0,0.0,0,0,0.0,0.0
2026-08-20,01_棣栫瑪鏀炬,01_棣栨鎺堜俊,RG3,CL_05,Android,Organic,02_100%鍙婁互涓?3,3,2400000.0,2200000.0,2,3,1600000.0,2400000.0,0,0,0.0,0.0
2026-08-24,01_棣栫瑪鏀炬,01_棣栨鎺堜俊,RG2,CL_01,iOS,Tiktok,02_100%鍙婁互涓?1,1,2000000.0,2000000.0,0,0,0.0,0.0,0,0,0.0,0.0
2026-09-07,01_棣栫瑪鏀炬,01_棣栨鎺堜俊,RG2,CL_07,Android,Google,02_100%鍙婁互涓?1,1,1500000.0,1500000.0,0,0,0.0,0.0,0,0,0.0,0.0
2026-07-29,01_棣栫瑪鏀炬,01_棣栨鎺堜俊,RG4,CL_05,Android,Facebook,02_100%鍙婁互涓?9,9,4800000.0,4800000.0,6,9,3400000.0,4800000.0,4,9,2200000.0,4800000.0
2026-08-20,01_棣栫瑪鏀炬,01_棣栨鎺堜俊,RG1,CL_01,Android,Facebook,02_100%鍙婁互涓?4,4,6000000.0,6000000.0,0,4,0.0,6000000.0,0,0,0.0,0.0
2026-08-10,01_棣栫瑪鏀炬,01_棣栨鎺堜俊,RG1,CL_01,iOS,Organic,02_100%鍙婁互涓?1,1,2500000.0,2500000.0,0,1,0.0,2500000.0,0,1,0.0,2500000.0
2026-08-01,01_棣栫瑪鏀炬,02_闈為娆℃巿淇?RG5,CL_05,iOS,Organic,02_100%鍙婁互涓?10,10,3400000.0,3400000.0,8,10,2600000.0,3400000.0,6,10,1900000.0,3400000.0
2026-07-14,01_棣栫瑪鏀炬,01_棣栨鎺堜俊,RG0,CL_01,iOS,Organic,02_100%鍙婁互涓?2,2,9800000.0,8800000.0,0,2,0.0,9800000.0,0,2,0.0,9800000.0
2026-08-16,01_棣栫瑪鏀炬,01_棣栨鎺堜俊,RG2,CL_07,iOS,Tiktok,02_100%鍙婁互涓?1,1,2200000.0,1800000.0,1,1,2200000.0,2200000.0,0,0,0.0,0.0
2026-07-16,01_棣栫瑪鏀炬,01_棣栨鎺堜俊,RG2,CL_01,Android,Organic,02_100%鍙婁互涓?3,3,4500000.0,4500000.0,1,3,1500000.0,4500000.0,1,3,1500000.0,4500000.0
2026-07-11,01_棣栫瑪鏀炬,01_棣栨鎺堜俊,RG6,CL_05,Android,Tiktok,02_100%鍙婁互涓?1,1,300000.0,300000.0,1,1,300000.0,300000.0,0,1,0.0,300000.0
2026-08-30,01_棣栫瑪鏀炬,01_棣栨鎺堜俊,RG1,CL_01,Android,Google,02_100%鍙婁互涓?2,2,3000000.0,3000000.0,0,0,0.0,0.0,0,0,0.0,0.0
2026-09-06,01_棣栫瑪鏀炬,02_闈為娆℃巿淇?RG3,CL_05,Android,Google,02_100%鍙婁互涓?1,1,900000.0,800000.0,0,0,0.0,0.0,0,0,0.0,0.0
2026-08-10,01_棣栫瑪鏀炬,01_棣栨鎺堜俊,RG3,CL_05,iOS,Organic,01_100%浠ヤ笅,1,1,600000.0,800000.0,0,1,0.0,600000.0,0,1,0.0,600000.0
2026-08-06,01_棣栫瑪鏀炬,01_棣栨鎺堜俊,RG2,CL_03,Android,Facebook,02_100%鍙婁互涓?1,1,800000.0,800000.0,0,1,0.0,800000.0,0,1,0.0,800000.0
2026-09-07,01_棣栫瑪鏀炬,01_棣栨鎺堜俊,RG2,CL_05,Android,Google,02_100%鍙婁互涓?2,2,2400000.0,2400000.0,0,0,0.0,0.0,0,0,0.0,0.0
2026-07-25,01_棣栫瑪鏀炬,01_棣栨鎺堜俊,RG4,CL_05,iOS,Organic,02_100%鍙婁互涓?2,2,1400000.0,1200000.0,2,2,1400000.0,1400000.0,1,2,600000.0,1400000.0
2026-07-28,01_棣栫瑪鏀炬,01_棣栨鎺堜俊,RG3,CL_05,Android,Google,01_100%浠ヤ笅,1,1,400000.0,800000.0,1,1,400000.0,400000.0,0,1,0.0,400000.0
2026-07-16,01_棣栫瑪鏀炬,01_棣栨鎺堜俊,RG2,CL_05,iOS,Organic,02_100%鍙婁互涓?1,1,1200000.0,1200000.0,0,1,0.0,1200000.0,0,1,0.0,1200000.0
2026-07-22,01_棣栫瑪鏀炬,01_棣栨鎺堜俊,RG5,CL_03,Android,Facebook,02_100%鍙婁互涓?1,1,400000.0,400000.0,0,1,0.0,400000.0,0,1,0.0,400000.0
2026-08-17,01_棣栫瑪鏀炬,01_棣栨鎺堜俊,RG4,CL_05,iOS,Tiktok,02_100%鍙婁互涓?2,2,1400000.0,1200000.0,0,2,0.0,1400000.0,0,0,0.0,0.0
2026-08-25,01_棣栫瑪鏀炬,02_闈為娆℃巿淇?RG4,CL_05,Android,Facebook,01_100%浠ヤ笅,1,1,300000.0,500000.0,0,0,0.0,0.0,0,0,0.0,0.0
2026-08-27,01_棣栫瑪鏀炬,01_棣栨鎺堜俊,RG4,CL_05,iOS,Facebook,02_100%鍙婁互涓?1,1,1000000.0,800000.0,0,0,0.0,0.0,0,0,0.0,0.0
2026-08-02,01_棣栫瑪鏀炬,01_棣栨鎺堜俊,RG0,CL_06,iOS,ASA,02_100%鍙婁互涓?1,1,6000000.0,6000000.0,0,1,0.0,6000000.0,0,1,0.0,6000000.0
2026-07-31,01_棣栫瑪鏀炬,01_棣栨鎺堜俊,RG3,CL_05,Android,Tiktok,02_100%鍙婁互涓?7,7,5000000.0,5000000.0,4,7,2600000.0,5000000.0,4,7,2600000.0,5000000.0
2026-08-05,01_棣栫瑪鏀炬,01_棣栨鎺堜俊,RG5,CL_05,iOS,Facebook,02_100%鍙婁互涓?6,6,2400000.0,2200000.0,5,6,2000000.0,2400000.0,4,6,1400000.0,2400000.0
2026-07-23,01_棣栫瑪鏀炬,01_棣栨鎺堜俊,RG0,CL_01,iOS,ASA,02_100%鍙婁互涓?1,1,4000000.0,4000000.0,1,1,4000000.0,4000000.0,1,1,4000000.0,4000000.0
2026-07-12,01_棣栫瑪鏀炬,01_棣栨鎺堜俊,RG4,CL_03,Android,Facebook,02_100%鍙婁互涓?5,5,2400000.0,2400000.0,2,5,1000000.0,2400000.0,1,5,400000.0,2400000.0
2026-07-22,01_棣栫瑪鏀炬,01_棣栨鎺堜俊,RG2,CL_05,iOS,Organic,02_100%鍙婁互涓?2,2,2700000.0,2700000.0,1,2,1500000.0,2700000.0,0,2,0.0,2700000.0
2026-08-22,01_棣栫瑪鏀炬,02_闈為娆℃巿淇?RG4,CL_05,Android,Organic,02_100%鍙婁互涓?1,1,500000.0,500000.0,0,1,0.0,500000.0,0,0,0.0,0.0
2026-07-24,01_棣栫瑪鏀炬,01_棣栨鎺堜俊,RG3,CL_05,iOS,Facebook,02_100%鍙婁互涓?4,4,4800000.0,4800000.0,1,4,1200000.0,4800000.0,1,4,1200000.0,4800000.0
2026-08-31,01_棣栫瑪鏀炬,01_棣栨鎺堜俊,RG2,CL_07,Android,Google,02_100%鍙婁互涓?5,5,6000000.0,6000000.0,0,0,0.0,0.0,0,0,0.0,0.0
2026-08-23,01_棣栫瑪鏀炬,01_棣栨鎺堜俊,RG3,CL_05,Android,Facebook,01_100%浠ヤ笅,3,3,1300000.0,2000000.0,1,3,500000.0,1300000.0,0,0,0.0,0.0
2026-09-05,01_棣栫瑪鏀炬,01_棣栨鎺堜俊,RG2,CL_07,iOS,Facebook,02_100%鍙婁互涓?2,2,3700000.0,3300000.0,0,0,0.0,0.0,0,0,0.0,0.0
2026-07-31,01_棣栫瑪鏀炬,01_棣栨鎺堜俊,RG2,CL_05,iOS,ASA,02_100%鍙婁互涓?2,2,3300000.0,3000000.0,1,2,1500000.0,3300000.0,1,2,1500000.0,3300000.0
2026-07-10,01_棣栫瑪鏀炬,01_棣栨鎺堜俊,RG7,CL_04,Android,Tiktok,02_100%鍙婁互涓?2,2,600000.0,600000.0,0,2,0.0,600000.0,0,2,0.0,600000.0
2026-08-05,01_棣栫瑪鏀炬,02_闈為娆℃巿淇?RG2,CL_07,Android,Tiktok,01_100%浠ヤ笅,1,1,1000000.0,1200000.0,1,1,1000000.0,1000000.0,1,1,1000000.0,1000000.0
2026-07-29,01_棣栫瑪鏀炬,01_棣栨鎺堜俊,RG4,CL_05,iOS,ASA,02_100%鍙婁互涓?1,1,1000000.0,600000.0,0,1,0.0,1000000.0,0,1,0.0,1000000.0
2026-08-21,01_棣栫瑪鏀炬,01_棣栨鎺堜俊,RG2,CL_07,Android,Google,01_100%浠ヤ笅,1,1,1000000.0,1200000.0,1,1,1000000.0,1000000.0,0,0,0.0,0.0
2026-07-31,01_棣栫瑪鏀炬,01_棣栨鎺堜俊,RG5,CL_05,iOS,Facebook,02_100%鍙婁互涓?7,7,2500000.0,2500000.0,4,7,1400000.0,2500000.0,4,7,1400000.0,2500000.0
2026-08-04,01_棣栫瑪鏀炬,01_棣栨鎺堜俊,RG5,CL_05,iOS,Tiktok,02_100%鍙婁互涓?4,4,1200000.0,1200000.0,2,4,600000.0,1200000.0,2,4,600000.0,1200000.0
2026-09-05,01_棣栫瑪鏀炬,01_棣栨鎺堜俊,RG3,CL_05,Android,Organic,02_100%鍙婁互涓?2,2,1200000.0,1200000.0,0,0,0.0,0.0,0,0,0.0,0.0
2026-08-29,01_棣栫瑪鏀炬,01_棣栨鎺堜俊,RG2,CL_07,iOS,Organic,02_100%鍙婁互涓?1,1,2400000.0,2000000.0,0,0,0.0,0.0,0,0,0.0,0.0
2026-08-26,01_棣栫瑪鏀炬,02_闈為娆℃巿淇?RG4,CL_05,Android,Facebook,02_100%鍙婁互涓?2,2,1100000.0,1100000.0,0,0,0.0,0.0,0,0,0.0,0.0
2026-08-15,01_棣栫瑪鏀炬,02_闈為娆℃巿淇?RG7,CL_05,Android,Facebook,02_100%鍙婁互涓?1,1,300000.0,300000.0,1,1,300000.0,300000.0,0,0,0.0,0.0
2026-08-29,01_棣栫瑪鏀炬,02_闈為娆℃巿淇?RG3,CL_05,Android,Organic,02_100%鍙婁互涓?2,2,1400000.0,1400000.0,0,0,0.0,0.0,0,0,0.0,0.0
2026-07-17,01_棣栫瑪鏀炬,02_闈為娆℃巿淇?RG4,CL_05,Android,Organic,01_100%浠ヤ笅,1,1,400000.0,600000.0,1,1,400000.0,400000.0,1,1,400000.0,400000.0
2026-08-16,01_棣栫瑪鏀炬,01_棣栨鎺堜俊,RG4,CL_05,iOS,Tiktok,02_100%鍙婁互涓?2,2,1200000.0,1200000.0,1,2,600000.0,1200000.0,0,0,0.0,0.0
2026-07-12,01_棣栫瑪鏀炬,01_棣栨鎺堜俊,RG2,CL_03,Android,Facebook,02_100%鍙婁互涓?2,2,2400000.0,2400000.0,2,2,2400000.0,2400000.0,0,2,0.0,2400000.0
2026-08-13,01_棣栫瑪鏀炬,01_棣栨鎺堜俊,RG4,CL_05,Android,Tiktok,02_100%鍙婁互涓?2,2,1000000.0,1000000.0,1,2,400000.0,1000000.0,1,2,400000.0,1000000.0
2026-08-09,01_棣栫瑪鏀炬,01_棣栨鎺堜俊,RG2,CL_07,Android,Tiktok,02_100%鍙婁互涓?2,2,2400000.0,2400000.0,0,2,0.0,2400000.0,0,2,0.0,2400000.0
2026-08-19,01_棣栫瑪鏀炬,01_棣栨鎺堜俊,RG4,CL_05,Android,Tiktok,02_100%鍙婁互涓?4,4,1500000.0,1500000.0,3,4,1200000.0,1500000.0,0,0,0.0,0.0
2026-07-13,01_棣栫瑪鏀炬,01_棣栨鎺堜俊,RG4,CL_05,iOS,Organic,02_100%鍙婁互涓?2,2,1400000.0,1200000.0,1,2,600000.0,1400000.0,1,2,600000.0,1400000.0
2026-07-21,01_棣栫瑪鏀炬,01_棣栨鎺堜俊,RG5,CL_05,Android,Google,02_100%鍙婁互涓?12,12,4300000.0,4300000.0,6,12,2100000.0,4300000.0,5,12,1700000.0,4300000.0
2026-09-07,01_棣栫瑪鏀炬,01_棣栨鎺堜俊,RG3,CL_05,Android,Facebook,02_100%鍙婁互涓?6,6,5000000.0,4800000.0,0,0,0.0,0.0,0,0,0.0,0.0
2026-08-17,01_棣栫瑪鏀炬,01_棣栨鎺堜俊,RG6,CL_05,Android,Tiktok,02_100%鍙婁互涓?1,1,300000.0,300000.0,0,1,0.0,300000.0,0,0,0.0,0.0
2026-07-10,01_棣栫瑪鏀炬,02_闈為娆℃巿淇?RG1,CL_01,iOS,Organic,02_100%鍙婁互涓?1,1,3300000.0,3300000.0,0,1,0.0,3300000.0,0,1,0.0,3300000.0
2026-08-08,01_棣栫瑪鏀炬,01_棣栨鎺堜俊,RG2,CL_05,Android,Google,02_100%鍙婁互涓?5,5,5600000.0,5600000.0,4,5,4400000.0,5600000.0,2,5,2200000.0,5600000.0
2026-08-05,01_棣栫瑪鏀炬,02_闈為娆℃巿淇?RG4,CL_05,Android,Tiktok,01_100%浠ヤ笅,2,2,600000.0,1000000.0,2,2,600000.0,600000.0,0,2,0.0,600000.0
2026-08-10,01_棣栫瑪鏀炬,01_棣栨鎺堜俊,RG3,CL_05,iOS,Tiktok,02_100%鍙婁互涓?1,1,1200000.0,1200000.0,0,1,0.0,1200000.0,0,1,0.0,1200000.0
2026-08-23,01_棣栫瑪鏀炬,02_闈為娆℃巿淇?RG4,CL_05,Android,Google,02_100%鍙婁互涓?2,2,800000.0,800000.0,0,2,0.0,800000.0,0,0,0.0,0.0
2026-09-04,01_棣栫瑪鏀炬,01_棣栨鎺堜俊,RG0,CL_01,iOS,Facebook,02_100%鍙婁互涓?1,1,4000000.0,4000000.0,0,0,0.0,0.0,0,0,0.0,0.0
2026-08-26,01_棣栫瑪鏀炬,01_棣栨鎺堜俊,RG3,CL_05,Android,Google,01_100%浠ヤ笅,2,2,800000.0,1400000.0,0,0,0.0,0.0,0,0,0.0,0.0
2026-08-04,01_棣栫瑪鏀炬,01_棣栨鎺堜俊,RG3,CL_05,iOS,Organic,02_100%鍙婁互涓?3,3,3200000.0,3200000.0,1,3,800000.0,3200000.0,1,3,800000.0,3200000.0
2026-08-04,01_棣栫瑪鏀炬,01_棣栨鎺堜俊,RG5,CL_05,Android,ASA,02_100%鍙婁互涓?1,1,300000.0,300000.0,1,1,300000.0,300000.0,0,1,0.0,300000.0
2026-07-17,01_棣栫瑪鏀炬,01_棣栨鎺堜俊,RG3,CL_05,Android,ASA,02_100%鍙婁互涓?1,1,800000.0,800000.0,1,1,800000.0,800000.0,0,1,0.0,800000.0
2026-08-27,01_棣栫瑪鏀炬,01_棣栨鎺堜俊,RG5,CL_05,Android,Facebook,02_100%鍙婁互涓?1,1,400000.0,400000.0,0,0,0.0,0.0,0,0,0.0,0.0
2026-08-23,01_棣栫瑪鏀炬,01_棣栨鎺堜俊,RG4,CL_05,iOS,Facebook,02_100%鍙婁互涓?2,2,1400000.0,1400000.0,1,2,800000.0,1400000.0,0,0,0.0,0.0
2026-07-29,01_棣栫瑪鏀炬,01_棣栨鎺堜俊,RG4,CL_05,iOS,Organic,02_100%鍙婁互涓?5,5,3800000.0,3800000.0,3,5,2400000.0,3800000.0,1,5,800000.0,3800000.0
2026-08-09,01_棣栫瑪鏀炬,01_棣栨鎺堜俊,RG1,CL_01,iOS,绌哄€?01_100%浠ヤ笅,1,1,1500000.0,2500000.0,0,1,0.0,1500000.0,0,1,0.0,1500000.0
2026-08-05,01_棣栫瑪鏀炬,02_闈為娆℃巿淇?RG5,CL_05,Android,Tiktok,02_100%鍙婁互涓?2,2,800000.0,800000.0,1,2,400000.0,800000.0,1,2,400000.0,800000.0
2026-07-24,01_棣栫瑪鏀炬,01_棣栨鎺堜俊,RG4,CL_03,Android,Facebook,02_100%鍙婁互涓?1,1,400000.0,400000.0,1,1,400000.0,400000.0,1,1,400000.0,400000.0
2026-07-12,01_棣栫瑪鏀炬,01_棣栨鎺堜俊,RG4,CL_05,iOS,Facebook,02_100%鍙婁互涓?1,1,600000.0,600000.0,1,1,600000.0,600000.0,1,1,600000.0,600000.0
2026-08-26,01_棣栫瑪鏀炬,01_棣栨鎺堜俊,RG3,CL_05,Android,Facebook,01_100%浠ヤ笅,1,1,300000.0,600000.0,0,0,0.0,0.0,0,0,0.0,0.0
2026-08-10,01_棣栫瑪鏀炬,02_闈為娆℃巿淇?RG5,CL_05,iOS,Facebook,02_100%鍙婁互涓?1,1,400000.0,400000.0,1,1,400000.0,400000.0,1,1,400000.0,400000.0
2026-08-10,01_棣栫瑪鏀炬,01_棣栨鎺堜俊,RG1,CL_01,Android,Facebook,02_100%鍙婁互涓?2,2,3500000.0,3000000.0,1,2,2000000.0,3500000.0,1,2,2000000.0,3500000.0
2026-08-06,01_棣栫瑪鏀炬,01_棣栨鎺堜俊,RG3,CL_05,Android,Google,01_100%浠ヤ笅,2,2,800000.0,1600000.0,1,2,500000.0,800000.0,1,2,500000.0,800000.0
2026-08-08,01_棣栫瑪鏀炬,01_棣栨鎺堜俊,RG2,CL_07,Android,Facebook,02_100%鍙婁互涓?2,2,2700000.0,2400000.0,0,2,0.0,2700000.0,0,2,0.0,2700000.0
2026-07-26,01_棣栫瑪鏀炬,02_闈為娆℃巿淇?RG5,CL_05,Android,Tiktok,02_100%鍙婁互涓?3,3,1000000.0,1000000.0,2,3,700000.0,1000000.0,2,3,700000.0,1000000.0
2026-08-24,01_棣栫瑪鏀炬,01_棣栨鎺堜俊,RG2,CL_07,Android,Facebook,02_100%鍙婁互涓?2,2,2400000.0,2400000.0,0,0,0.0,0.0,0,0,0.0,0.0
2026-08-31,01_棣栫瑪鏀炬,01_棣栨鎺堜俊,RG3,CL_05,Android,Google,02_100%鍙婁互涓?21,21,1.43E7,1.4E7,0,0,0.0,0.0,0,0,0.0,0.0
2026-08-23,01_棣栫瑪鏀炬,01_棣栨鎺堜俊,RG4,CL_05,Android,Tiktok,01_100%浠ヤ笅,1,1,300000.0,400000.0,0,1,0.0,300000.0,0,0,0.0,0.0
2026-08-15,01_棣栫瑪鏀炬,01_棣栨鎺堜俊,RG2,CL_01,iOS,Tiktok,02_100%鍙婁互涓?1,1,2000000.0,2000000.0,0,1,0.0,2000000.0,0,0,0.0,0.0
2026-08-02,01_棣栫瑪鏀炬,01_棣栨鎺堜俊,RG5,CL_05,Android,Tiktok,02_100%鍙婁互涓?13,13,4600000.0,4600000.0,7,13,2500000.0,4600000.0,4,13,1400000.0,4600000.0
2026-08-08,01_棣栫瑪鏀炬,02_闈為娆℃巿淇?RG4,CL_05,Android,Organic,02_100%鍙婁互涓?1,1,400000.0,400000.0,1,1,400000.0,400000.0,1,1,400000.0,400000.0
2026-07-15,01_棣栫瑪鏀炬,01_棣栨鎺堜俊,RG4,CL_04,Android,Organic,02_100%鍙婁互涓?1,1,600000.0,600000.0,1,1,600000.0,600000.0,1,1,600000.0,600000.0
2026-08-12,01_棣栫瑪鏀炬,01_棣栨鎺堜俊,RG4,CL_05,Android,Facebook,02_100%鍙婁互涓?7,7,4200000.0,4200000.0,5,7,3000000.0,4200000.0,4,7,2400000.0,4200000.0
2026-08-07,01_棣栫瑪鏀炬,01_棣栨鎺堜俊,RG2,CL_07,Android,Facebook,01_100%浠ヤ笅,1,1,1000000.0,1200000.0,0,1,0.0,1000000.0,0,1,0.0,1000000.0
2026-08-18,01_棣栫瑪鏀炬,01_棣栨鎺堜俊,RG5,CL_04,iOS,Organic,02_100%鍙婁互涓?1,1,600000.0,400000.0,0,1,0.0,600000.0,0,0,0.0,0.0
2026-08-03,01_棣栫瑪鏀炬,01_棣栨鎺堜俊,RG3,CL_05,iOS,Organic,01_100%浠ヤ笅,1,1,500000.0,1200000.0,1,1,500000.0,500000.0,1,1,500000.0,500000.0
2026-07-16,01_棣栫瑪鏀炬,02_闈為娆℃巿淇?RG4,CL_05,Android,Organic,02_100%鍙婁互涓?1,1,400000.0,400000.0,1,1,400000.0,400000.0,1,1,400000.0,400000.0
2026-07-31,01_棣栫瑪鏀炬,01_棣栨鎺堜俊,RG1,CL_01,iOS,Tiktok,02_100%鍙婁互涓?3,3,8000000.0,8000000.0,2,3,5500000.0,8000000.0,0,3,0.0,8000000.0
2026-07-14,01_棣栫瑪鏀炬,01_棣栨鎺堜俊,RG6,CL_03,Android,Organic,02_100%鍙婁互涓?2,2,600000.0,600000.0,1,2,300000.0,600000.0,1,2,300000.0,600000.0
2026-08-08,01_棣栫瑪鏀炬,01_棣栨鎺堜俊,RG3,CL_05,Android,Tiktok,02_100%鍙婁互涓?1,1,800000.0,800000.0,0,1,0.0,800000.0,0,1,0.0,800000.0
2026-08-04,01_棣栫瑪鏀炬,01_棣栨鎺堜俊,RG5,CL_05,iOS,Facebook,02_100%鍙婁互涓?4,4,1600000.0,1400000.0,1,4,300000.0,1600000.0,1,4,300000.0,1600000.0
2026-09-05,01_棣栫瑪鏀炬,01_棣栨鎺堜俊,RG4,CL_05,iOS,Facebook,02_100%鍙婁互涓?1,1,1000000.0,600000.0,0,0,0.0,0.0,0,0,0.0,0.0
2026-07-16,01_棣栫瑪鏀炬,01_棣栨鎺堜俊,RG2,CL_03,Android,Organic,02_100%鍙婁互涓?1,1,1200000.0,1200000.0,0,1,0.0,1200000.0,0,1,0.0,1200000.0
2026-08-28,01_棣栫瑪鏀炬,01_棣栨鎺堜俊,RG0,CL_01,iOS,Tiktok,02_100%鍙婁互涓?1,1,4000000.0,4000000.0,0,0,0.0,0.0,0,0,0.0,0.0
2026-07-22,01_棣栫瑪鏀炬,01_棣栨鎺堜俊,RG4,CL_05,iOS,Organic,02_100%鍙婁互涓?4,4,3400000.0,3000000.0,3,4,2600000.0,3400000.0,3,4,2600000.0,3400000.0
2026-08-08,01_棣栫瑪鏀炬,02_闈為娆℃巿淇?RG3,CL_05,Android,Facebook,01_100%浠ヤ笅,1,1,400000.0,800000.0,0,1,0.0,400000.0,0,1,0.0,400000.0
2026-07-29,01_棣栫瑪鏀炬,02_闈為娆℃巿淇?RG4,CL_05,Android,Facebook,01_100%浠ヤ笅,1,1,300000.0,600000.0,0,1,0.0,300000.0,0,1,0.0,300000.0
2026-09-01,01_棣栫瑪鏀炬,01_棣栨鎺堜俊,RG2,CL_05,iOS,Facebook,02_100%鍙婁互涓?1,1,1200000.0,1200000.0,0,0,0.0,0.0,0,0,0.0,0.0
2026-07-10,01_棣栫瑪鏀炬,01_棣栨鎺堜俊,RG3,CL_04,Android,Organic,02_100%鍙婁互涓?1,1,600000.0,600000.0,0,1,0.0,600000.0,0,1,0.0,600000.0
2026-08-09,01_棣栫瑪鏀炬,01_棣栨鎺堜俊,RG1,CL_01,iOS,Tiktok,02_100%鍙婁互涓?1,1,2500000.0,2500000.0,0,1,0.0,2500000.0,0,1,0.0,2500000.0
2026-08-10,01_棣栫瑪鏀炬,01_棣栨鎺堜俊,RG1,CL_01,iOS,ASA,02_100%鍙婁互涓?3,3,7500000.0,7500000.0,2,3,5000000.0,7500000.0,1,3,2500000.0,7500000.0
2026-07-28,01_棣栫瑪鏀炬,02_闈為娆℃巿淇?RG4,CL_05,Android,Facebook,02_100%鍙婁互涓?5,5,2400000.0,2400000.0,3,5,1400000.0,2400000.0,3,5,1400000.0,2400000.0
2026-07-10,01_棣栫瑪鏀炬,01_棣栨鎺堜俊,RG5,CL_03,iOS,ASA,02_100%鍙婁互涓?3,3,1200000.0,1200000.0,2,3,800000.0,1200000.0,2,3,800000.0,1200000.0
2026-08-01,01_棣栫瑪鏀炬,01_棣栨鎺堜俊,RG3,CL_05,Android,Tiktok,02_100%鍙婁互涓?3,3,2000000.0,2000000.0,1,3,600000.0,2000000.0,0,3,0.0,2000000.0
2026-08-10,01_棣栫瑪鏀炬,01_棣栨鎺堜俊,RG3,CL_04,iOS,ASA,02_100%鍙婁互涓?1,1,1200000.0,800000.0,1,1,1200000.0,1200000.0,1,1,1200000.0,1200000.0
2026-07-18,01_棣栫瑪鏀炬,01_棣栨鎺堜俊,RG2,CL_05,Android,Organic,02_100%鍙婁互涓?4,4,4400000.0,4400000.0,3,4,3400000.0,4400000.0,2,4,2400000.0,4400000.0
2026-07-29,01_棣栫瑪鏀炬,02_闈為娆℃巿淇?RG2,CL_01,Android,Facebook,02_100%鍙婁互涓?1,1,1500000.0,1500000.0,0,1,0.0,1500000.0,0,1,0.0,1500000.0
2026-08-12,01_棣栫瑪鏀炬,01_棣栨鎺堜俊,RG3,CL_05,Android,Google,02_100%鍙婁互涓?11,11,7900000.0,7800000.0,5,11,3500000.0,7900000.0,4,11,2900000.0,7900000.0
2026-08-25,01_棣栫瑪鏀炬,01_棣栨鎺堜俊,RG2,CL_07,iOS,Organic,02_100%鍙婁互涓?2,2,4300000.0,3500000.0,0,0,0.0,0.0,0,0,0.0,0.0
2026-08-20,01_棣栫瑪鏀炬,01_棣栨鎺堜俊,RG3,CL_03,iOS,Organic,02_100%鍙婁互涓?1,1,1000000.0,1000000.0,0,1,0.0,1000000.0,0,0,0.0,0.0
2026-08-05,01_棣栫瑪鏀炬,01_棣栨鎺堜俊,RG4,CL_05,iOS,ASA,02_100%鍙婁互涓?2,2,1200000.0,1200000.0,2,2,1200000.0,1200000.0,1,2,600000.0,1200000.0
2026-08-05,01_棣栫瑪鏀炬,01_棣栨鎺堜俊,RG2,CL_05,iOS,Organic,02_100%鍙婁互涓?2,2,2400000.0,2400000.0,1,2,1200000.0,2400000.0,1,2,1200000.0,2400000.0
2026-08-10,01_棣栫瑪鏀炬,02_闈為娆℃巿淇?RG2,CL_05,iOS,绌哄€?02_100%鍙婁互涓?1,1,1200000.0,1200000.0,1,1,1200000.0,1200000.0,0,1,0.0,1200000.0
2026-07-18,01_棣栫瑪鏀炬,01_棣栨鎺堜俊,RG1,CL_01,iOS,Organic,02_100%鍙婁互涓?1,1,2500000.0,2500000.0,0,1,0.0,2500000.0,0,1,0.0,2500000.0
2026-08-04,01_棣栫瑪鏀炬,02_闈為娆℃巿淇?RG1,CL_01,Android,Facebook,02_100%鍙婁互涓?1,1,2000000.0,1500000.0,0,1,0.0,2000000.0,0,1,0.0,2000000.0
2026-08-14,01_棣栫瑪鏀炬,01_棣栨鎺堜俊,RG2,CL_07,Android,Organic,02_100%鍙婁互涓?3,3,4200000.0,4200000.0,0,3,0.0,4200000.0,0,0,0.0,0.0
2026-08-11,01_棣栫瑪鏀炬,01_棣栨鎺堜俊,RG3,CL_05,Android,Google,01_100%浠ヤ笅,2,2,900000.0,1400000.0,1,2,400000.0,900000.0,1,2,400000.0,900000.0
2026-08-15,01_棣栫瑪鏀炬,01_棣栨鎺堜俊,RG4,CL_05,iOS,Tiktok,01_100%浠ヤ笅,1,1,600000.0,800000.0,1,1,600000.0,600000.0,0,0,0.0,0.0
2026-08-11,01_棣栫瑪鏀炬,02_闈為娆℃巿淇?RG4,CL_05,iOS,Organic,02_100%鍙婁互涓?2,2,1400000.0,1200000.0,1,2,800000.0,1400000.0,0,2,0.0,1400000.0
2026-08-11,01_棣栫瑪鏀炬,01_棣栨鎺堜俊,RG1,CL_01,Android,Facebook,02_100%鍙婁互涓?1,1,1500000.0,1500000.0,0,1,0.0,1500000.0,0,1,0.0,1500000.0
2026-07-18,01_棣栫瑪鏀炬,02_闈為娆℃巿淇?RG4,CL_03,Android,Facebook,01_100%浠ヤ笅,1,1,300000.0,400000.0,0,1,0.0,300000.0,0,1,0.0,300000.0
2026-07-18,01_棣栫瑪鏀炬,01_棣栨鎺堜俊,RG5,CL_05,iOS,Organic,02_100%鍙婁互涓?24,24,8600000.0,8600000.0,13,24,4600000.0,8600000.0,9,24,3000000.0,8600000.0
2026-07-27,01_棣栫瑪鏀炬,01_棣栨鎺堜俊,RG5,CL_05,Android,Facebook,02_100%鍙婁互涓?13,13,4700000.0,4700000.0,9,13,3300000.0,4700000.0,7,13,2600000.0,4700000.0
2026-07-23,01_棣栫瑪鏀炬,01_棣栨鎺堜俊,RG5,CL_03,iOS,Facebook,02_100%鍙婁互涓?1,1,400000.0,400000.0,0,1,0.0,400000.0,0,1,0.0,400000.0
2026-08-03,01_棣栫瑪鏀炬,01_棣栨鎺堜俊,RG1,CL_01,iOS,Organic,02_100%鍙婁互涓?4,4,1.14E7,1.08E7,0,4,0.0,1.14E7,0,4,0.0,1.14E7
2026-07-13,01_棣栫瑪鏀炬,02_闈為娆℃巿淇?RG5,CL_03,Android,Facebook,01_100%浠ヤ笅,1,1,300000.0,400000.0,0,1,0.0,300000.0,0,1,0.0,300000.0
2026-08-15,01_棣栫瑪鏀炬,01_棣栨鎺堜俊,RG1,CL_01,iOS,Tiktok,02_100%鍙婁互涓?1,1,3000000.0,3000000.0,0,1,0.0,3000000.0,0,0,0.0,0.0
2026-08-02,01_棣栫瑪鏀炬,01_棣栨鎺堜俊,RG3,CL_05,iOS,Facebook,02_100%鍙婁互涓?3,3,2800000.0,2800000.0,2,3,2000000.0,2800000.0,1,2,800000.0,1600000.0
2026-07-30,01_棣栫瑪鏀炬,02_闈為娆℃巿淇?RG2,CL_05,Android,Facebook,02_100%鍙婁互涓?1,1,1200000.0,1200000.0,1,1,1200000.0,1200000.0,1,1,1200000.0,1200000.0
2026-08-06,01_棣栫瑪鏀炬,01_棣栨鎺堜俊,RG2,CL_05,iOS,Organic,01_100%浠ヤ笅,1,1,1000000.0,1200000.0,1,1,1000000.0,1000000.0,1,1,1000000.0,1000000.0
2026-07-20,01_棣栫瑪鏀炬,01_棣栨鎺堜俊,RG5,CL_05,Android,Google,01_100%浠ヤ笅,1,1,300000.0,400000.0,0,1,0.0,300000.0,0,1,0.0,300000.0
2026-08-14,01_棣栫瑪鏀炬,01_棣栨鎺堜俊,RG1,CL_01,iOS,Organic,02_100%鍙婁互涓?1,1,2500000.0,2500000.0,1,1,2500000.0,2500000.0,0,0,0.0,0.0
2026-07-26,01_棣栫瑪鏀炬,01_棣栨鎺堜俊,RG3,CL_05,Android,Organic,01_100%浠ヤ笅,1,1,300000.0,800000.0,0,1,0.0,300000.0,0,1,0.0,300000.0
2026-07-10,01_棣栫瑪鏀炬,01_棣栨鎺堜俊,RG4,CL_05,Android,Facebook,02_100%鍙婁互涓?3,3,1200000.0,1200000.0,3,3,1200000.0,1200000.0,3,3,1200000.0,1200000.0
2026-07-10,01_棣栫瑪鏀炬,02_闈為娆℃巿淇?RG5,CL_03,iOS,Facebook,02_100%鍙婁互涓?1,1,400000.0,400000.0,0,1,0.0,400000.0,0,1,0.0,400000.0
2026-09-03,01_棣栫瑪鏀炬,01_棣栨鎺堜俊,RG0,CL_06,iOS,Organic,01_100%浠ヤ笅,1,1,5000000.0,7200000.0,0,0,0.0,0.0,0,0,0.0,0.0
2026-08-06,01_棣栫瑪鏀炬,02_闈為娆℃巿淇?RG3,CL_05,iOS,Organic,02_100%鍙婁互涓?1,1,800000.0,800000.0,1,1,800000.0,800000.0,1,1,800000.0,800000.0
2026-08-25,01_棣栫瑪鏀炬,01_棣栨鎺堜俊,RG3,CL_05,Android,Google,02_100%鍙婁互涓?10,10,7000000.0,7000000.0,0,0,0.0,0.0,0,0,0.0,0.0
2026-07-18,01_棣栫瑪鏀炬,02_闈為娆℃巿淇?RG3,CL_03,Android,Organic,02_100%鍙婁互涓?1,1,800000.0,800000.0,1,1,800000.0,800000.0,1,1,800000.0,800000.0
2026-08-04,01_棣栫瑪鏀炬,01_棣栨鎺堜俊,RG3,CL_04,iOS,Organic,01_100%浠ヤ笅,1,1,400000.0,1000000.0,0,1,0.0,400000.0,0,1,0.0,400000.0
2026-07-23,01_棣栫瑪鏀炬,01_棣栨鎺堜俊,RG2,CL_03,Android,Facebook,02_100%鍙婁互涓?1,1,400000.0,400000.0,0,1,0.0,400000.0,0,1,0.0,400000.0
2026-09-02,01_棣栫瑪鏀炬,01_棣栨鎺堜俊,RG0,CL_06,iOS,Organic,02_100%鍙婁互涓?1,1,6000000.0,6000000.0,0,0,0.0,0.0,0,0,0.0,0.0
2026-07-31,01_棣栫瑪鏀炬,01_棣栨鎺堜俊,RG5,CL_05,iOS,Tiktok,02_100%鍙婁互涓?2,2,700000.0,700000.0,1,2,300000.0,700000.0,0,2,0.0,700000.0
2026-08-01,01_棣栫瑪鏀炬,01_棣栨鎺堜俊,RG2,CL_05,Android,Google,02_100%鍙婁互涓?3,3,3200000.0,3200000.0,0,3,0.0,3200000.0,0,3,0.0,3200000.0
2026-07-22,01_棣栫瑪鏀炬,02_闈為娆℃巿淇?RG5,CL_05,Android,Facebook,02_100%鍙婁互涓?8,8,2800000.0,2800000.0,5,8,1800000.0,2800000.0,3,8,1000000.0,2800000.0
2026-07-20,01_棣栫瑪鏀炬,01_棣栨鎺堜俊,RG5,CL_04,Android,Facebook,02_100%鍙婁互涓?1,1,400000.0,400000.0,1,1,400000.0,400000.0,1,1,400000.0,400000.0
2026-07-26,01_棣栫瑪鏀炬,01_棣栨鎺堜俊,RG5,CL_05,Android,Facebook,01_100%浠ヤ笅,1,1,300000.0,400000.0,0,1,0.0,300000.0,0,1,0.0,300000.0
2026-08-25,01_棣栫瑪鏀炬,01_棣栨鎺堜俊,RG3,CL_05,Android,Facebook,02_100%鍙婁互涓?10,10,7100000.0,7000000.0,0,0,0.0,0.0,0,0,0.0,0.0
2026-08-21,01_棣栫瑪鏀炬,02_闈為娆℃巿淇?RG4,CL_05,Android,Tiktok,02_100%鍙婁互涓?1,1,300000.0,300000.0,0,1,0.0,300000.0,0,0,0.0,0.0
2026-07-23,01_棣栫瑪鏀炬,02_闈為娆℃巿淇?RG3,CL_05,Android,Organic,01_100%浠ヤ笅,1,1,500000.0,800000.0,0,1,0.0,500000.0,0,1,0.0,500000.0
2026-07-18,01_棣栫瑪鏀炬,01_棣栨鎺堜俊,RG2,CL_01,iOS,Organic,02_100%鍙婁互涓?1,1,2000000.0,2000000.0,0,1,0.0,2000000.0,0,1,0.0,2000000.0
2026-09-04,01_棣栫瑪鏀炬,01_棣栨鎺堜俊,RG4,CL_05,iOS,Organic,02_100%鍙婁互涓?3,3,2200000.0,2200000.0,0,0,0.0,0.0,0,0,0.0,0.0
2026-07-24,01_棣栫瑪鏀炬,01_棣栨鎺堜俊,RG7,CL_05,Android,Google,02_100%鍙婁互涓?5,5,1500000.0,1500000.0,4,5,1200000.0,1500000.0,2,5,600000.0,1500000.0
2026-08-10,01_棣栫瑪鏀炬,01_棣栨鎺堜俊,RG1,CL_01,Android,Google,02_100%鍙婁互涓?1,1,1500000.0,1500000.0,0,1,0.0,1500000.0,0,1,0.0,1500000.0
2026-07-19,01_棣栫瑪鏀炬,01_棣栨鎺堜俊,RG5,CL_05,iOS,Facebook,02_100%鍙婁互涓?6,6,2200000.0,2200000.0,2,6,700000.0,2200000.0,2,6,700000.0,2200000.0
2026-07-16,01_棣栫瑪鏀炬,01_棣栨鎺堜俊,RG3,CL_03,iOS,Facebook,02_100%鍙婁互涓?1,1,800000.0,800000.0,0,1,0.0,800000.0,0,1,0.0,800000.0
2026-08-03,01_棣栫瑪鏀炬,01_棣栨鎺堜俊,RG0,CL_06,iOS,Organic,02_100%鍙婁互涓?1,1,7200000.0,7200000.0,1,1,7200000.0,7200000.0,1,1,7200000.0,7200000.0
2026-09-02,01_棣栫瑪鏀炬,01_棣栨鎺堜俊,RG2,CL_01,iOS,Organic,02_100%鍙婁互涓?1,1,2000000.0,2000000.0,0,0,0.0,0.0,0,0,0.0,0.0
2026-07-23,01_棣栫瑪鏀炬,01_棣栨鎺堜俊,RG1,CL_01,iOS,Organic,02_100%鍙婁互涓?5,5,1.53E7,1.33E7,1,5,2500000.0,1.53E7,1,5,2500000.0,1.53E7
2026-07-11,01_棣栫瑪鏀炬,01_棣栨鎺堜俊,RG3,CL_04,Android,Organic,01_100%浠ヤ笅,1,1,500000.0,600000.0,1,1,500000.0,500000.0,1,1,500000.0,500000.0
2026-08-28,01_棣栫瑪鏀炬,02_闈為娆℃巿淇?RG5,CL_05,iOS,Organic,02_100%鍙婁互涓?3,3,1200000.0,1200000.0,0,0,0.0,0.0,0,0,0.0,0.0
2026-07-11,01_棣栫瑪鏀炬,01_棣栨鎺堜俊,RG2,CL_01,Android,Facebook,02_100%鍙婁互涓?5,5,8100000.0,7500000.0,1,5,1500000.0,8100000.0,1,5,1500000.0,8100000.0
2026-08-09,01_棣栫瑪鏀炬,01_棣栨鎺堜俊,RG4,CL_05,iOS,ASA,02_100%鍙婁互涓?1,1,1000000.0,800000.0,1,1,1000000.0,1000000.0,1,1,1000000.0,1000000.0
2026-08-15,01_棣栫瑪鏀炬,01_棣栨鎺堜俊,RG5,CL_05,Android,Facebook,01_100%浠ヤ笅,1,1,300000.0,400000.0,1,1,300000.0,300000.0,0,0,0.0,0.0
2026-07-21,01_棣栫瑪鏀炬,01_棣栨鎺堜俊,RG7,CL_05,Android,Google,02_100%鍙婁互涓?7,7,2100000.0,2100000.0,4,7,1200000.0,2100000.0,3,7,900000.0,2100000.0
2026-07-16,01_棣栫瑪鏀炬,01_棣栨鎺堜俊,RG5,CL_04,iOS,Organic,02_100%鍙婁互涓?2,2,700000.0,700000.0,1,2,400000.0,700000.0,0,2,0.0,700000.0
2026-09-05,01_棣栫瑪鏀炬,02_闈為娆℃巿淇?RG3,CL_05,Android,Facebook,02_100%鍙婁互涓?2,2,1500000.0,1400000.0,0,0,0.0,0.0,0,0,0.0,0.0
2026-07-14,01_棣栫瑪鏀炬,01_棣栨鎺堜俊,RG1,CL_01,iOS,ASA,02_100%鍙婁互涓?1,1,2500000.0,2500000.0,0,1,0.0,2500000.0,0,1,0.0,2500000.0
2026-08-17,01_棣栫瑪鏀炬,02_闈為娆℃巿淇?RG4,CL_05,Android,Google,02_100%鍙婁互涓?3,3,1600000.0,1600000.0,1,3,400000.0,1600000.0,0,0,0.0,0.0
2026-08-16,01_棣栫瑪鏀炬,02_闈為娆℃巿淇?RG2,CL_05,Android,Google,02_100%鍙婁互涓?1,1,1200000.0,1200000.0,0,1,0.0,1200000.0,0,0,0.0,0.0
2026-08-06,01_棣栫瑪鏀炬,01_棣栨鎺堜俊,RG7,CL_05,Android,Google,02_100%鍙婁互涓?1,1,300000.0,300000.0,1,1,300000.0,300000.0,1,1,300000.0,300000.0
2026-07-15,01_棣栫瑪鏀炬,01_棣栨鎺堜俊,RG5,CL_03,Android,Facebook,02_100%鍙婁互涓?3,3,1200000.0,1200000.0,2,3,800000.0,1200000.0,2,3,800000.0,1200000.0
2026-07-10,01_棣栫瑪鏀炬,01_棣栨鎺堜俊,RG5,CL_04,iOS,ASA,02_100%鍙婁互涓?2,2,700000.0,700000.0,1,2,300000.0,700000.0,0,2,0.0,700000.0
2026-08-24,01_棣栫瑪鏀炬,02_闈為娆℃巿淇?RG3,CL_05,Android,Organic,02_100%鍙婁互涓?1,1,600000.0,600000.0,0,0,0.0,0.0,0,0,0.0,0.0
2026-08-30,01_棣栫瑪鏀炬,01_棣栨鎺堜俊,RG1,CL_01,iOS,Organic,02_100%鍙婁互涓?2,2,6100000.0,5500000.0,0,0,0.0,0.0,0,0,0.0,0.0
2026-07-11,01_棣栫瑪鏀炬,01_棣栨鎺堜俊,RG4,CL_05,Android,Facebook,01_100%浠ヤ笅,1,1,300000.0,600000.0,1,1,300000.0,300000.0,1,1,300000.0,300000.0
2026-08-23,01_棣栫瑪鏀炬,02_闈為娆℃巿淇?RG3,CL_05,Android,Facebook,02_100%鍙婁互涓?5,5,3600000.0,3400000.0,1,5,600000.0,3600000.0,0,0,0.0,0.0
2026-09-02,01_棣栫瑪鏀炬,01_棣栨鎺堜俊,RG5,CL_05,Android,Tiktok,02_100%鍙婁互涓?3,3,1100000.0,1100000.0,0,0,0.0,0.0,0,0,0.0,0.0
2026-07-16,01_棣栫瑪鏀炬,02_闈為娆℃巿淇?RG6,CL_05,Android,Facebook,02_100%鍙婁互涓?1,1,300000.0,300000.0,1,1,300000.0,300000.0,1,1,300000.0,300000.0
2026-08-09,01_棣栫瑪鏀炬,01_棣栨鎺堜俊,RG5,CL_05,iOS,Tiktok,02_100%鍙婁互涓?6,6,2800000.0,2200000.0,3,6,1000000.0,2800000.0,2,6,700000.0,2800000.0
2026-08-01,01_棣栫瑪鏀炬,01_棣栨鎺堜俊,RG4,CL_04,iOS,Organic,01_100%浠ヤ笅,1,1,500000.0,600000.0,1,1,500000.0,500000.0,0,1,0.0,500000.0
2026-08-02,01_棣栫瑪鏀炬,01_棣栨鎺堜俊,RG3,CL_05,Android,Tiktok,01_100%浠ヤ笅,1,1,500000.0,800000.0,0,1,0.0,500000.0,0,1,0.0,500000.0
2026-08-04,01_棣栫瑪鏀炬,01_棣栨鎺堜俊,RG2,CL_03,Android,Organic,02_100%鍙婁互涓?1,1,1600000.0,1200000.0,0,1,0.0,1600000.0,0,1,0.0,1600000.0
2026-08-07,01_棣栫瑪鏀炬,02_闈為娆℃巿淇?RG6,CL_05,Android,Organic,02_100%鍙婁互涓?1,1,300000.0,300000.0,0,1,0.0,300000.0,0,1,0.0,300000.0
2026-08-29,01_棣栫瑪鏀炬,01_棣栨鎺堜俊,RG3,CL_05,iOS,Google,01_100%浠ヤ笅,1,1,700000.0,1200000.0,0,0,0.0,0.0,0,0,0.0,0.0
2026-09-01,01_棣栫瑪鏀炬,01_棣栨鎺堜俊,RG3,CL_05,iOS,Tiktok,02_100%鍙婁互涓?1,1,1200000.0,1200000.0,0,0,0.0,0.0,0,0,0.0,0.0
2026-08-05,01_棣栫瑪鏀炬,02_闈為娆℃巿淇?RG7,CL_05,Android,Tiktok,02_100%鍙婁互涓?2,2,600000.0,600000.0,1,2,300000.0,600000.0,1,2,300000.0,600000.0
2026-08-16,01_棣栫瑪鏀炬,01_棣栨鎺堜俊,RG7,CL_05,Android,Google,02_100%鍙婁互涓?2,2,600000.0,600000.0,1,2,300000.0,600000.0,0,0,0.0,0.0
2026-09-04,01_棣栫瑪鏀炬,01_棣栨鎺堜俊,RG2,CL_05,Android,Facebook,02_100%鍙婁互涓?2,2,2400000.0,2200000.0,0,0,0.0,0.0,0,0,0.0,0.0
2026-08-15,01_棣栫瑪鏀炬,01_棣栨鎺堜俊,RG5,CL_05,Android,Organic,02_100%鍙婁互涓?1,1,400000.0,400000.0,0,1,0.0,400000.0,0,0,0.0,0.0
2026-07-24,01_棣栫瑪鏀炬,01_棣栨鎺堜俊,RG6,CL_05,Android,Facebook,02_100%鍙婁互涓?8,8,2400000.0,2400000.0,2,8,600000.0,2400000.0,1,8,300000.0,2400000.0
2026-08-04,01_棣栫瑪鏀炬,01_棣栨鎺堜俊,RG2,CL_01,iOS,Facebook,02_100%鍙婁互涓?1,1,2000000.0,2000000.0,0,1,0.0,2000000.0,0,1,0.0,2000000.0
2026-07-23,01_棣栫瑪鏀炬,02_闈為娆℃巿淇?RG7,CL_05,Android,Organic,02_100%鍙婁互涓?1,1,300000.0,300000.0,1,1,300000.0,300000.0,1,1,300000.0,300000.0
2026-08-27,01_棣栫瑪鏀炬,02_闈為娆℃巿淇?RG5,CL_05,iOS,Facebook,02_100%鍙婁互涓?1,1,400000.0,400000.0,0,0,0.0,0.0,0,0,0.0,0.0
2026-08-02,01_棣栫瑪鏀炬,01_棣栨鎺堜俊,RG3,CL_05,Android,绌哄€?02_100%鍙婁互涓?1,1,600000.0,600000.0,1,1,600000.0,600000.0,1,1,600000.0,600000.0
2026-07-24,01_棣栫瑪鏀炬,01_棣栨鎺堜俊,RG2,CL_01,Android,Facebook,02_100%鍙婁互涓?2,2,3300000.0,3000000.0,0,2,0.0,3300000.0,0,2,0.0,3300000.0
2026-08-24,01_棣栫瑪鏀炬,02_闈為娆℃巿淇?RG2,CL_03,Android,Tiktok,02_100%鍙婁互涓?1,1,1400000.0,1000000.0,0,0,0.0,0.0,0,0,0.0,0.0
2026-07-11,01_棣栫瑪鏀炬,01_棣栨鎺堜俊,RG4,CL_04,Android,Facebook,02_100%鍙婁互涓?7,7,3600000.0,3600000.0,4,7,2200000.0,3600000.0,3,7,1600000.0,3600000.0
2026-09-06,01_棣栫瑪鏀炬,01_棣栨鎺堜俊,RG3,CL_05,iOS,Tiktok,02_100%鍙婁互涓?2,2,2400000.0,2400000.0,0,0,0.0,0.0,0,0,0.0,0.0
2026-08-22,01_棣栫瑪鏀炬,01_棣栨鎺堜俊,RG7,CL_03,Android,Facebook,02_100%鍙婁互涓?1,1,300000.0,300000.0,0,1,0.0,300000.0,0,0,0.0,0.0
2026-09-02,01_棣栫瑪鏀炬,01_棣栨鎺堜俊,RG3,CL_05,iOS,Facebook,02_100%鍙婁互涓?1,1,1000000.0,800000.0,0,0,0.0,0.0,0,0,0.0,0.0
2026-08-17,01_棣栫瑪鏀炬,01_棣栨鎺堜俊,RG2,CL_05,iOS,Tiktok,02_100%鍙婁互涓?1,1,1200000.0,1200000.0,0,1,0.0,1200000.0,0,0,0.0,0.0
2026-08-15,01_棣栫瑪鏀炬,01_棣栨鎺堜俊,RG0,CL_06,iOS,Tiktok,02_100%鍙婁互涓?1,1,8200000.0,7200000.0,0,1,0.0,8200000.0,0,0,0.0,0.0
2026-08-10,01_棣栫瑪鏀炬,01_棣栨鎺堜俊,RG2,CL_05,iOS,Facebook,02_100%鍙婁互涓?1,1,1500000.0,1500000.0,1,1,1500000.0,1500000.0,1,1,1500000.0,1500000.0
2026-08-21,01_棣栫瑪鏀炬,01_棣栨鎺堜俊,RG1,CL_01,Android,Google,02_100%鍙婁互涓?6,6,1.0E7,9000000.0,1,6,1500000.0,1.0E7,0,0,0.0,0.0
2026-08-02,01_棣栫瑪鏀炬,01_棣栨鎺堜俊,RG2,CL_07,Android,Organic,02_100%鍙婁互涓?1,1,1200000.0,1200000.0,1,1,1200000.0,1200000.0,0,1,0.0,1200000.0
2026-09-03,01_棣栫瑪鏀炬,01_棣栨鎺堜俊,RG2,CL_01,iOS,Facebook,02_100%鍙婁互涓?1,1,2000000.0,2000000.0,0,0,0.0,0.0,0,0,0.0,0.0
2026-08-05,01_棣栫瑪鏀炬,01_棣栨鎺堜俊,RG3,CL_05,Android,Google,02_100%鍙婁互涓?17,17,1.25E7,1.24E7,10,17,7600000.0,1.25E7,6,17,4600000.0,1.25E7
2026-08-01,01_棣栫瑪鏀炬,01_棣栨鎺堜俊,RG5,CL_04,iOS,Organic,02_100%鍙婁互涓?1,1,600000.0,400000.0,0,1,0.0,600000.0,0,1,0.0,600000.0
2026-08-22,01_棣栫瑪鏀炬,02_闈為娆℃巿淇?RG5,CL_05,iOS,Organic,02_100%鍙婁互涓?7,7,2500000.0,2300000.0,1,7,400000.0,2500000.0,0,0,0.0,0.0
2026-08-01,01_棣栫瑪鏀炬,01_棣栨鎺堜俊,RG5,CL_03,iOS,Organic,02_100%鍙婁互涓?1,1,700000.0,300000.0,0,1,0.0,700000.0,0,1,0.0,700000.0
2026-07-29,01_棣栫瑪鏀炬,01_棣栨鎺堜俊,RG3,CL_05,Android,Tiktok,02_100%鍙婁互涓?4,4,2800000.0,2800000.0,3,4,2200000.0,2800000.0,0,4,0.0,2800000.0
2026-07-12,01_棣栫瑪鏀炬,02_闈為娆℃巿淇?RG5,CL_03,Android,Facebook,02_100%鍙婁互涓?2,2,800000.0,800000.0,1,2,400000.0,800000.0,0,2,0.0,800000.0
2026-08-24,01_棣栫瑪鏀炬,01_棣栨鎺堜俊,RG4,CL_05,Android,Tiktok,02_100%鍙婁互涓?10,10,4100000.0,4100000.0,0,0,0.0,0.0,0,0,0.0,0.0
2026-07-30,01_棣栫瑪鏀炬,01_棣栨鎺堜俊,RG3,CL_05,Android,Organic,02_100%鍙婁互涓?2,2,1400000.0,1400000.0,1,2,800000.0,1400000.0,1,2,800000.0,1400000.0
2026-07-28,01_棣栫瑪鏀炬,01_棣栨鎺堜俊,RG2,CL_05,Android,Organic,02_100%鍙婁互涓?2,2,2400000.0,2400000.0,1,2,1200000.0,2400000.0,0,2,0.0,2400000.0
2026-08-26,01_棣栫瑪鏀炬,02_闈為娆℃巿淇?RG3,CL_05,iOS,Organic,02_100%鍙婁互涓?2,2,2000000.0,1600000.0,0,0,0.0,0.0,0,0,0.0,0.0
2026-07-28,01_棣栫瑪鏀炬,02_闈為娆℃巿淇?RG3,CL_05,iOS,绌哄€?02_100%鍙婁互涓?1,1,1200000.0,1200000.0,1,1,1200000.0,1200000.0,0,1,0.0,1200000.0
2026-07-11,01_棣栫瑪鏀炬,01_棣栨鎺堜俊,RG4,CL_03,Android,Facebook,02_100%鍙婁互涓?3,3,1600000.0,1600000.0,1,3,400000.0,1600000.0,1,3,400000.0,1600000.0
2026-07-10,01_棣栫瑪鏀炬,02_闈為娆℃巿淇?RG4,CL_03,iOS,Organic,02_100%鍙婁互涓?1,1,600000.0,600000.0,0,1,0.0,600000.0,0,1,0.0,600000.0
2026-08-18,01_棣栫瑪鏀炬,02_闈為娆℃巿淇?RG4,CL_05,iOS,Tiktok,02_100%鍙婁互涓?1,1,600000.0,600000.0,0,0,0.0,0.0,0,0,0.0,0.0
2026-07-19,01_棣栫瑪鏀炬,01_棣栨鎺堜俊,RG3,CL_03,iOS,Organic,01_100%浠ヤ笅,1,1,500000.0,600000.0,0,1,0.0,500000.0,0,1,0.0,500000.0
2026-09-03,01_棣栫瑪鏀炬,01_棣栨鎺堜俊,RG4,CL_05,Android,Tiktok,02_100%鍙婁互涓?4,4,1700000.0,1700000.0,0,0,0.0,0.0,0,0,0.0,0.0
2026-07-31,01_棣栫瑪鏀炬,01_棣栨鎺堜俊,RG2,CL_07,iOS,Organic,02_100%鍙婁互涓?1,1,1500000.0,1500000.0,0,1,0.0,1500000.0,0,1,0.0,1500000.0
2026-08-21,01_棣栫瑪鏀炬,01_棣栨鎺堜俊,RG3,CL_05,iOS,Tiktok,02_100%鍙婁互涓?3,3,3600000.0,3200000.0,2,3,2000000.0,3600000.0,0,0,0.0,0.0
2026-07-31,01_棣栫瑪鏀炬,02_闈為娆℃巿淇?RG2,CL_03,Android,Facebook,02_100%鍙婁互涓?1,1,1200000.0,1000000.0,0,1,0.0,1200000.0,0,1,0.0,1200000.0
2026-07-12,01_棣栫瑪鏀炬,01_棣栨鎺堜俊,RG4,CL_04,iOS,Organic,02_100%鍙婁互涓?6,6,4000000.0,3800000.0,3,6,2000000.0,4000000.0,2,6,1400000.0,4000000.0
2026-08-05,01_棣栫瑪鏀炬,01_棣栨鎺堜俊,RG5,CL_05,Android,Organic,02_100%鍙婁互涓?8,8,3100000.0,2700000.0,5,8,1800000.0,3100000.0,5,8,1800000.0,3100000.0
2026-08-23,01_棣栫瑪鏀炬,02_闈為娆℃巿淇?RG4,CL_05,iOS,ASA,02_100%鍙婁互涓?1,1,600000.0,600000.0,1,1,600000.0,600000.0,0,0,0.0,0.0
2026-07-18,01_棣栫瑪鏀炬,01_棣栨鎺堜俊,RG6,CL_05,Android,Tiktok,02_100%鍙婁互涓?2,2,600000.0,600000.0,2,2,600000.0,600000.0,2,2,600000.0,600000.0
2026-07-20,01_棣栫瑪鏀炬,01_棣栨鎺堜俊,RG5,CL_05,Android,Organic,02_100%鍙婁互涓?6,6,2000000.0,2000000.0,3,6,1000000.0,2000000.0,2,6,700000.0,2000000.0
2026-07-30,01_棣栫瑪鏀炬,01_棣栨鎺堜俊,RG4,CL_05,Android,Organic,02_100%鍙婁互涓?4,4,2000000.0,2000000.0,4,4,2000000.0,2000000.0,3,4,1400000.0,2000000.0
2026-08-01,01_棣栫瑪鏀炬,01_棣栨鎺堜俊,RG2,CL_07,iOS,Tiktok,01_100%浠ヤ笅,1,1,500000.0,1500000.0,0,1,0.0,500000.0,0,1,0.0,500000.0
2026-07-17,01_棣栫瑪鏀炬,02_闈為娆℃巿淇?RG7,CL_05,Android,Organic,02_100%鍙婁互涓?2,2,600000.0,600000.0,2,2,600000.0,600000.0,2,2,600000.0,600000.0
2026-07-10,01_棣栫瑪鏀炬,01_棣栨鎺堜俊,RG3,CL_05,Android,Facebook,02_100%鍙婁互涓?3,3,2200000.0,2200000.0,2,3,1400000.0,2200000.0,2,3,1400000.0,2200000.0
2026-08-19,01_棣栫瑪鏀炬,01_棣栨鎺堜俊,RG5,CL_05,iOS,Facebook,02_100%鍙婁互涓?3,3,1400000.0,1200000.0,1,3,400000.0,1400000.0,0,0,0.0,0.0
2026-07-16,01_棣栫瑪鏀炬,02_闈為娆℃巿淇?RG5,CL_05,Android,Facebook,02_100%鍙婁互涓?4,4,1400000.0,1400000.0,2,4,700000.0,1400000.0,1,4,400000.0,1400000.0
2026-09-01,01_棣栫瑪鏀炬,01_棣栨鎺堜俊,RG5,CL_05,iOS,ASA,02_100%鍙婁互涓?2,2,800000.0,600000.0,0,0,0.0,0.0,0,0,0.0,0.0
2026-08-13,01_棣栫瑪鏀炬,02_闈為娆℃巿淇?RG3,CL_05,Android,Organic,02_100%鍙婁互涓?1,1,800000.0,800000.0,0,1,0.0,800000.0,0,1,0.0,800000.0
2026-07-31,01_棣栫瑪鏀炬,01_棣栨鎺堜俊,RG3,CL_05,Android,Organic,01_100%浠ヤ笅,1,1,400000.0,600000.0,0,1,0.0,400000.0,0,1,0.0,400000.0
2026-07-10,01_棣栫瑪鏀炬,01_棣栨鎺堜俊,RG5,CL_03,Android,Facebook,02_100%鍙婁互涓?7,7,2500000.0,2500000.0,5,7,1900000.0,2500000.0,5,7,1900000.0,2500000.0
2026-07-29,01_棣栫瑪鏀炬,01_棣栨鎺堜俊,RG5,CL_05,iOS,Facebook,02_100%鍙婁互涓?1,1,300000.0,300000.0,0,1,0.0,300000.0,0,1,0.0,300000.0
2026-08-16,01_棣栫瑪鏀炬,02_闈為娆℃巿淇?RG5,CL_05,Android,绌哄€?02_100%鍙婁互涓?1,1,300000.0,300000.0,0,1,0.0,300000.0,0,0,0.0,0.0
2026-08-02,01_棣栫瑪鏀炬,01_棣栨鎺堜俊,RG2,CL_07,iOS,Tiktok,02_100%鍙婁互涓?1,1,1500000.0,1500000.0,1,1,1500000.0,1500000.0,0,1,0.0,1500000.0
2026-07-14,01_棣栫瑪鏀炬,02_闈為娆℃巿淇?RG5,CL_04,iOS,Organic,02_100%鍙婁互涓?4,4,1300000.0,1300000.0,2,4,700000.0,1300000.0,2,4,700000.0,1300000.0
2026-08-26,01_棣栫瑪鏀炬,02_闈為娆℃巿淇?RG4,CL_05,Android,Tiktok,02_100%鍙婁互涓?2,2,900000.0,900000.0,0,0,0.0,0.0,0,0,0.0,0.0
2026-08-01,01_棣栫瑪鏀炬,01_棣栨鎺堜俊,RG3,CL_05,iOS,Organic,02_100%鍙婁互涓?5,5,4800000.0,4800000.0,0,5,0.0,4800000.0,0,5,0.0,4800000.0
2026-08-16,01_棣栫瑪鏀炬,01_棣栨鎺堜俊,RG5,CL_05,Android,Facebook,02_100%鍙婁互涓?6,6,2000000.0,2000000.0,2,6,700000.0,2000000.0,0,0,0.0,0.0
2026-08-15,01_棣栫瑪鏀炬,01_棣栨鎺堜俊,RG5,CL_05,iOS,Tiktok,02_100%鍙婁互涓?5,5,2000000.0,1600000.0,4,5,1300000.0,2000000.0,0,0,0.0,0.0
2026-07-15,01_棣栫瑪鏀炬,01_棣栨鎺堜俊,RG5,CL_04,Android,Facebook,02_100%鍙婁互涓?2,2,800000.0,800000.0,1,2,400000.0,800000.0,1,2,400000.0,800000.0
2026-08-24,01_棣栫瑪鏀炬,02_闈為娆℃巿淇?RG1,CL_01,iOS,ASA,02_100%鍙婁互涓?1,1,2500000.0,2500000.0,0,0,0.0,0.0,0,0,0.0,0.0
2026-08-11,01_棣栫瑪鏀炬,01_棣栨鎺堜俊,RG5,CL_05,Android,Facebook,02_100%鍙婁互涓?14,14,5100000.0,5100000.0,8,14,3000000.0,5100000.0,8,14,3000000.0,5100000.0
2026-07-23,01_棣栫瑪鏀炬,01_棣栨鎺堜俊,RG7,CL_05,Android,Tiktok,02_100%鍙婁互涓?3,3,900000.0,900000.0,1,3,300000.0,900000.0,1,3,300000.0,900000.0
2026-07-27,01_棣栫瑪鏀炬,01_棣栨鎺堜俊,RG3,CL_05,Android,Organic,02_100%鍙婁互涓?5,5,3900000.0,3600000.0,1,5,800000.0,3900000.0,1,5,800000.0,3900000.0
2026-07-19,01_棣栫瑪鏀炬,02_闈為娆℃巿淇?RG3,CL_05,Android,Organic,02_100%鍙婁互涓?3,3,2000000.0,2000000.0,1,3,800000.0,2000000.0,1,3,800000.0,2000000.0
2026-08-02,01_棣栫瑪鏀炬,01_棣栨鎺堜俊,RG1,CL_01,Android,Tiktok,02_100%鍙婁互涓?1,1,1500000.0,1500000.0,0,1,0.0,1500000.0,0,1,0.0,1500000.0
2026-07-29,01_棣栫瑪鏀炬,01_棣栨鎺堜俊,RG2,CL_05,iOS,ASA,02_100%鍙婁互涓?1,1,1200000.0,1200000.0,0,1,0.0,1200000.0,0,1,0.0,1200000.0
2026-08-21,01_棣栫瑪鏀炬,01_棣栨鎺堜俊,RG1,CL_01,Android,Facebook,02_100%鍙婁互涓?9,9,1.57E7,1.45E7,1,9,1500000.0,1.57E7,0,0,0.0,0.0
2026-07-22,01_棣栫瑪鏀炬,02_闈為娆℃巿淇?RG7,CL_05,Android,Google,02_100%鍙婁互涓?3,3,900000.0,900000.0,1,3,300000.0,900000.0,1,3,300000.0,900000.0
2026-08-24,01_棣栫瑪鏀炬,01_棣栨鎺堜俊,RG2,CL_05,Android,Facebook,02_100%鍙婁互涓?2,2,2200000.0,2200000.0,0,0,0.0,0.0,0,0,0.0,0.0
2026-08-26,01_棣栫瑪鏀炬,01_棣栨鎺堜俊,RG3,CL_05,iOS,Tiktok,02_100%鍙婁互涓?2,2,2200000.0,2000000.0,0,0,0.0,0.0,0,0,0.0,0.0
2026-07-23,01_棣栫瑪鏀炬,01_棣栨鎺堜俊,RG3,CL_05,iOS,Facebook,02_100%鍙婁互涓?1,1,1200000.0,1200000.0,0,1,0.0,1200000.0,0,1,0.0,1200000.0
2026-09-05,01_棣栫瑪鏀炬,02_闈為娆℃巿淇?RG4,CL_05,Android,Facebook,02_100%鍙婁互涓?2,2,900000.0,900000.0,0,0,0.0,0.0,0,0,0.0,0.0
2026-08-15,01_棣栫瑪鏀炬,02_闈為娆℃巿淇?RG5,CL_05,Android,Tiktok,02_100%鍙婁互涓?2,2,800000.0,800000.0,0,2,0.0,800000.0,0,0,0.0,0.0
2026-07-30,01_棣栫瑪鏀炬,01_棣栨鎺堜俊,RG1,CL_01,iOS,Tiktok,01_100%浠ヤ笅,1,1,2000000.0,2500000.0,0,1,0.0,2000000.0,0,1,0.0,2000000.0
2026-08-02,01_棣栫瑪鏀炬,01_棣栨鎺堜俊,RG2,CL_05,Android,Google,01_100%浠ヤ笅,2,2,900000.0,2200000.0,2,2,900000.0,900000.0,1,2,600000.0,900000.0
2026-08-12,01_棣栫瑪鏀炬,01_棣栨鎺堜俊,RG2,CL_07,Android,Tiktok,02_100%鍙婁互涓?2,2,2400000.0,2400000.0,0,2,0.0,2400000.0,0,2,0.0,2400000.0
2026-07-18,01_棣栫瑪鏀炬,01_棣栨鎺堜俊,RG3,CL_05,Android,Google,02_100%鍙婁互涓?2,2,1400000.0,1400000.0,2,2,1400000.0,1400000.0,1,2,600000.0,1400000.0
2026-08-16,01_棣栫瑪鏀炬,01_棣栨鎺堜俊,RG2,CL_07,Android,Google,02_100%鍙婁互涓?8,8,9900000.0,9600000.0,3,8,3600000.0,9900000.0,0,0,0.0,0.0
2026-08-11,01_棣栫瑪鏀炬,01_棣栨鎺堜俊,RG4,CL_05,Android,Tiktok,02_100%鍙婁互涓?6,6,2800000.0,2800000.0,3,6,1200000.0,2800000.0,3,6,1200000.0,2800000.0
2026-07-10,01_棣栫瑪鏀炬,01_棣栨鎺堜俊,RG0,CL_01,iOS,Organic,02_100%鍙婁互涓?1,1,4000000.0,4000000.0,0,1,0.0,4000000.0,0,1,0.0,4000000.0
2026-08-16,01_棣栫瑪鏀炬,01_棣栨鎺堜俊,RG2,CL_05,Android,Google,02_100%鍙婁互涓?7,7,7000000.0,7000000.0,2,7,2000000.0,7000000.0,0,0,0.0,0.0
2026-07-11,01_棣栫瑪鏀炬,01_棣栨鎺堜俊,RG5,CL_04,iOS,Organic,02_100%鍙婁互涓?8,8,3900000.0,2900000.0,6,8,3200000.0,3900000.0,3,8,2000000.0,3900000.0
2026-07-14,01_棣栫瑪鏀炬,02_闈為娆℃巿淇?RG3,CL_03,Android,Facebook,02_100%鍙婁互涓?1,1,600000.0,600000.0,1,1,600000.0,600000.0,1,1,600000.0,600000.0
2026-08-10,01_棣栫瑪鏀炬,01_棣栨鎺堜俊,RG4,CL_05,iOS,Organic,02_100%鍙婁互涓?5,5,3800000.0,3800000.0,4,5,3000000.0,3800000.0,3,5,2200000.0,3800000.0
2026-08-07,01_棣栫瑪鏀炬,01_棣栨鎺堜俊,RG4,CL_05,iOS,ASA,02_100%鍙婁互涓?2,2,1600000.0,1600000.0,1,2,800000.0,1600000.0,1,2,800000.0,1600000.0
2026-07-10,01_棣栫瑪鏀炬,02_闈為娆℃巿淇?RG3,CL_05,Android,Google,02_100%鍙婁互涓?1,1,800000.0,800000.0,0,1,0.0,800000.0,0,1,0.0,800000.0
2026-08-02,01_棣栫瑪鏀炬,01_棣栨鎺堜俊,RG2,CL_05,iOS,Organic,02_100%鍙婁互涓?3,3,4200000.0,4200000.0,0,3,0.0,4200000.0,0,3,0.0,4200000.0
2026-08-17,01_棣栫瑪鏀炬,01_棣栨鎺堜俊,RG5,CL_05,Android,Organic,02_100%鍙婁互涓?1,1,800000.0,400000.0,0,1,0.0,800000.0,0,0,0.0,0.0
2026-08-18,01_棣栫瑪鏀炬,01_棣栨鎺堜俊,RG2,CL_07,iOS,Google,02_100%鍙婁互涓?1,1,2000000.0,2000000.0,0,1,0.0,2000000.0,0,0,0.0,0.0
2026-08-30,01_棣栫瑪鏀炬,01_棣栨鎺堜俊,RG4,CL_05,Android,Organic,01_100%浠ヤ笅,1,1,300000.0,600000.0,0,0,0.0,0.0,0,0,0.0,0.0
2026-08-12,01_棣栫瑪鏀炬,02_闈為娆℃巿淇?RG4,CL_05,Android,Google,02_100%鍙婁互涓?1,1,600000.0,600000.0,1,1,600000.0,600000.0,1,1,600000.0,600000.0
2026-08-08,01_棣栫瑪鏀炬,02_闈為娆℃巿淇?RG4,CL_05,Android,Tiktok,02_100%鍙婁互涓?2,2,1000000.0,1000000.0,1,2,600000.0,1000000.0,1,2,600000.0,1000000.0
2026-07-29,01_棣栫瑪鏀炬,01_棣栨鎺堜俊,RG1,CL_01,Android,Facebook,02_100%鍙婁互涓?1,1,1500000.0,1500000.0,0,1,0.0,1500000.0,0,1,0.0,1500000.0
2026-08-11,01_棣栫瑪鏀炬,01_棣栨鎺堜俊,RG5,CL_05,iOS,Facebook,02_100%鍙婁互涓?1,1,300000.0,300000.0,0,1,0.0,300000.0,0,1,0.0,300000.0
2026-07-21,01_棣栫瑪鏀炬,02_闈為娆℃巿淇?RG5,CL_05,iOS,绌哄€?02_100%鍙婁互涓?1,1,300000.0,300000.0,1,1,300000.0,300000.0,1,1,300000.0,300000.0
2026-07-15,01_棣栫瑪鏀炬,01_棣栨鎺堜俊,RG2,CL_01,Android,Tiktok,02_100%鍙婁互涓?1,1,1500000.0,1500000.0,0,1,0.0,1500000.0,0,1,0.0,1500000.0
2026-08-01,01_棣栫瑪鏀炬,01_棣栨鎺堜俊,RG6,CL_05,Android,Facebook,02_100%鍙婁互涓?3,3,900000.0,900000.0,2,3,600000.0,900000.0,2,3,600000.0,900000.0
2026-08-03,01_棣栫瑪鏀炬,01_棣栨鎺堜俊,RG3,CL_05,Android,Google,02_100%鍙婁互涓?16,16,1.1E7,1.1E7,9,16,6200000.0,1.1E7,8,16,5400000.0,1.1E7
2026-08-14,01_棣栫瑪鏀炬,01_棣栨鎺堜俊,RG4,CL_05,Android,Facebook,02_100%鍙婁互涓?12,12,6200000.0,6200000.0,7,12,3600000.0,6200000.0,0,0,0.0,0.0
2026-07-31,01_棣栫瑪鏀炬,02_闈為娆℃巿淇?RG4,CL_05,Android,Google,02_100%鍙婁互涓?1,1,400000.0,400000.0,1,1,400000.0,400000.0,1,1,400000.0,400000.0
2026-08-20,01_棣栫瑪鏀炬,01_棣栨鎺堜俊,RG2,CL_07,Android,Tiktok,02_100%鍙婁互涓?1,1,1200000.0,1200000.0,0,1,0.0,1200000.0,0,0,0.0,0.0
2026-07-10,01_棣栫瑪鏀炬,01_棣栨鎺堜俊,RG4,CL_03,iOS,Organic,02_100%鍙婁互涓?2,2,1200000.0,1200000.0,1,2,600000.0,1200000.0,1,2,600000.0,1200000.0
2026-07-11,01_棣栫瑪鏀炬,01_棣栨鎺堜俊,RG3,CL_04,iOS,Facebook,02_100%鍙婁互涓?1,1,800000.0,800000.0,1,1,800000.0,800000.0,0,1,0.0,800000.0
2026-07-14,01_棣栫瑪鏀炬,01_棣栨鎺堜俊,RG4,CL_03,iOS,Facebook,02_100%鍙婁互涓?1,1,1000000.0,800000.0,0,1,0.0,1000000.0,0,1,0.0,1000000.0
2026-08-19,01_棣栫瑪鏀炬,01_棣栨鎺堜俊,RG1,CL_01,Android,Google,02_100%鍙婁互涓?4,4,6000000.0,6000000.0,0,4,0.0,6000000.0,0,0,0.0,0.0
2026-09-04,01_棣栫瑪鏀炬,01_棣栨鎺堜俊,RG3,CL_05,iOS,Tiktok,02_100%鍙婁互涓?1,1,1200000.0,1200000.0,0,0,0.0,0.0,0,0,0.0,0.0
2026-08-07,01_棣栫瑪鏀炬,01_棣栨鎺堜俊,RG1,CL_01,Android,Organic,02_100%鍙婁互涓?2,2,4000000.0,3000000.0,0,2,0.0,4000000.0,0,2,0.0,4000000.0
2026-09-04,01_棣栫瑪鏀炬,01_棣栨鎺堜俊,RG2,CL_07,iOS,Facebook,02_100%鍙婁互涓?2,2,3800000.0,3000000.0,0,0,0.0,0.0,0,0,0.0,0.0
2026-08-12,01_棣栫瑪鏀炬,01_棣栨鎺堜俊,RG2,CL_07,Android,Organic,02_100%鍙婁互涓?2,2,2400000.0,2400000.0,0,2,0.0,2400000.0,0,2,0.0,2400000.0
2026-07-26,01_棣栫瑪鏀炬,01_棣栨鎺堜俊,RG5,CL_05,Android,Tiktok,02_100%鍙婁互涓?4,4,1400000.0,1400000.0,2,4,700000.0,1400000.0,2,4,700000.0,1400000.0
2026-09-07,01_棣栫瑪鏀炬,01_棣栨鎺堜俊,RG5,CL_05,Android,Tiktok,02_100%鍙婁互涓?2,2,700000.0,700000.0,0,0,0.0,0.0,0,0,0.0,0.0
2026-07-31,01_棣栫瑪鏀炬,02_闈為娆℃巿淇?RG2,CL_05,Android,Tiktok,02_100%鍙婁互涓?1,1,1000000.0,1000000.0,0,1,0.0,1000000.0,0,1,0.0,1000000.0
2026-08-29,01_棣栫瑪鏀炬,01_棣栨鎺堜俊,RG5,CL_05,Android,Google,02_100%鍙婁互涓?1,1,300000.0,300000.0,0,0,0.0,0.0,0,0,0.0,0.0
2026-07-24,01_棣栫瑪鏀炬,02_闈為娆℃巿淇?RG6,CL_05,Android,Facebook,02_100%鍙婁互涓?2,2,700000.0,700000.0,1,2,300000.0,700000.0,1,2,300000.0,700000.0
2026-08-21,01_棣栫瑪鏀炬,01_棣栨鎺堜俊,RG2,CL_05,Android,Google,02_100%鍙婁互涓?2,2,2000000.0,2000000.0,1,2,1000000.0,2000000.0,0,0,0.0,0.0
2026-07-23,01_棣栫瑪鏀炬,01_棣栨鎺堜俊,RG5,CL_05,Android,Organic,02_100%鍙婁互涓?7,7,2300000.0,2300000.0,4,7,1300000.0,2300000.0,3,7,1000000.0,2300000.0
2026-08-10,01_棣栫瑪鏀炬,02_闈為娆℃巿淇?RG4,CL_05,Android,Facebook,01_100%浠ヤ笅,1,1,300000.0,600000.0,1,1,300000.0,300000.0,1,1,300000.0,300000.0
2026-08-15,01_棣栫瑪鏀炬,01_棣栨鎺堜俊,RG2,CL_07,iOS,Tiktok,02_100%鍙婁互涓?1,1,2300000.0,1500000.0,0,1,0.0,2300000.0,0,0,0.0,0.0
2026-08-06,01_棣栫瑪鏀炬,01_棣栨鎺堜俊,RG2,CL_07,Android,Google,02_100%鍙婁互涓?9,9,1.11E7,1.08E7,5,9,6000000.0,1.11E7,4,9,4800000.0,1.11E7
2026-07-15,01_棣栫瑪鏀炬,01_棣栨鎺堜俊,RG1,CL_01,iOS,Organic,02_100%鍙婁互涓?3,3,8300000.0,8300000.0,2,3,5800000.0,8300000.0,1,3,2500000.0,8300000.0
2026-07-31,01_棣栫瑪鏀炬,02_闈為娆℃巿淇?RG5,CL_05,Android,Organic,02_100%鍙婁互涓?4,4,1600000.0,1600000.0,2,3,800000.0,1200000.0,2,3,800000.0,1200000.0
2026-07-18,01_棣栫瑪鏀炬,02_闈為娆℃巿淇?RG5,CL_05,iOS,Organic,02_100%鍙婁互涓?6,6,1900000.0,1900000.0,3,6,900000.0,1900000.0,3,6,900000.0,1900000.0
2026-08-26,01_棣栫瑪鏀炬,02_闈為娆℃巿淇?RG5,CL_05,Android,Google,02_100%鍙婁互涓?1,1,400000.0,400000.0,0,0,0.0,0.0,0,0,0.0,0.0
2026-08-03,01_棣栫瑪鏀炬,01_棣栨鎺堜俊,RG7,CL_05,Android,Organic,02_100%鍙婁互涓?1,1,300000.0,300000.0,1,1,300000.0,300000.0,1,1,300000.0,300000.0
2026-07-13,01_棣栫瑪鏀炬,01_棣栨鎺堜俊,RG7,CL_05,Android,Facebook,02_100%鍙婁互涓?3,3,900000.0,900000.0,2,3,600000.0,900000.0,1,3,300000.0,900000.0
2026-07-11,01_棣栫瑪鏀炬,01_棣栨鎺堜俊,RG4,CL_04,iOS,Facebook,02_100%鍙婁互涓?1,1,800000.0,600000.0,1,1,800000.0,800000.0,0,1,0.0,800000.0
2026-08-28,01_棣栫瑪鏀炬,01_棣栨鎺堜俊,RG0,CL_06,iOS,Organic,02_100%鍙婁互涓?1,1,6000000.0,6000000.0,0,0,0.0,0.0,0,0,0.0,0.0
2026-09-01,01_棣栫瑪鏀炬,02_闈為娆℃巿淇?RG5,CL_05,Android,Facebook,02_100%鍙婁互涓?1,1,300000.0,300000.0,0,0,0.0,0.0,0,0,0.0,0.0
2026-07-23,01_棣栫瑪鏀炬,01_棣栨鎺堜俊,RG4,CL_05,Android,Google,02_100%鍙婁互涓?11,11,5400000.0,5400000.0,10,11,5000000.0,5400000.0,9,11,4600000.0,5400000.0
2026-08-24,01_棣栫瑪鏀炬,01_棣栨鎺堜俊,RG4,CL_05,Android,Organic,02_100%鍙婁互涓?1,1,300000.0,300000.0,0,0,0.0,0.0,0,0,0.0,0.0
2026-07-23,01_棣栫瑪鏀炬,01_棣栨鎺堜俊,RG4,CL_05,iOS,ASA,02_100%鍙婁互涓?2,2,1400000.0,1400000.0,2,2,1400000.0,1400000.0,1,2,800000.0,1400000.0
2026-08-10,01_棣栫瑪鏀炬,01_棣栨鎺堜俊,RG3,CL_05,iOS,Organic,02_100%鍙婁互涓?6,6,5600000.0,5200000.0,2,6,1600000.0,5600000.0,2,6,1600000.0,5600000.0
2026-09-04,01_棣栫瑪鏀炬,01_棣栨鎺堜俊,RG0,CL_01,iOS,ASA,02_100%鍙婁互涓?2,2,1.24E7,1.04E7,0,0,0.0,0.0,0,0,0.0,0.0
2026-08-13,01_棣栫瑪鏀炬,01_棣栨鎺堜俊,RG6,CL_05,Android,Google,02_100%鍙婁互涓?2,2,600000.0,600000.0,1,2,300000.0,600000.0,1,2,300000.0,600000.0
2026-08-16,01_棣栫瑪鏀炬,02_闈為娆℃巿淇?RG4,CL_05,Android,Organic,02_100%鍙婁互涓?2,2,1200000.0,1200000.0,1,2,600000.0,1200000.0,0,0,0.0,0.0
2026-08-25,01_棣栫瑪鏀炬,02_闈為娆℃巿淇?RG4,CL_05,Android,Google,02_100%鍙婁互涓?3,3,1500000.0,1500000.0,0,0,0.0,0.0,0,0,0.0,0.0
2026-07-11,01_棣栫瑪鏀炬,02_闈為娆℃巿淇?RG4,CL_04,Android,Facebook,02_100%鍙婁互涓?2,2,1200000.0,1200000.0,0,2,0.0,1200000.0,0,2,0.0,1200000.0
2026-07-12,01_棣栫瑪鏀炬,01_棣栨鎺堜俊,RG6,CL_04,Android,Facebook,02_100%鍙婁互涓?1,1,300000.0,300000.0,1,1,300000.0,300000.0,1,1,300000.0,300000.0
2026-08-15,01_棣栫瑪鏀炬,02_闈為娆℃巿淇?RG5,CL_05,iOS,Tiktok,02_100%鍙婁互涓?1,1,300000.0,300000.0,0,1,0.0,300000.0,0,0,0.0,0.0
2026-08-24,01_棣栫瑪鏀炬,02_闈為娆℃巿淇?RG3,CL_05,Android,Tiktok,02_100%鍙婁互涓?2,2,1800000.0,1600000.0,0,0,0.0,0.0,0,0,0.0,0.0
2026-07-25,01_棣栫瑪鏀炬,01_棣栨鎺堜俊,RG4,CL_05,Android,Tiktok,01_100%浠ヤ笅,1,1,500000.0,600000.0,0,1,0.0,500000.0,0,1,0.0,500000.0
2026-07-29,01_棣栫瑪鏀炬,01_棣栨鎺堜俊,RG6,CL_05,Android,Facebook,02_100%鍙婁互涓?2,2,600000.0,600000.0,1,2,300000.0,600000.0,1,2,300000.0,600000.0
2026-08-11,01_棣栫瑪鏀炬,01_棣栨鎺堜俊,RG1,CL_01,iOS,Facebook,02_100%鍙婁互涓?3,3,8500000.0,8500000.0,1,3,3000000.0,8500000.0,1,3,3000000.0,8500000.0
2026-07-31,01_棣栫瑪鏀炬,01_棣栨鎺堜俊,RG1,CL_01,iOS,Organic,02_100%鍙婁互涓?3,3,8700000.0,7500000.0,1,3,2500000.0,8700000.0,1,3,2500000.0,8700000.0
2026-07-29,01_棣栫瑪鏀炬,01_棣栨鎺堜俊,RG1,CL_01,iOS,ASA,02_100%鍙婁互涓?2,2,5000000.0,5000000.0,0,2,0.0,5000000.0,0,2,0.0,5000000.0
2026-08-14,01_棣栫瑪鏀炬,01_棣栨鎺堜俊,RG5,CL_05,Android,Organic,02_100%鍙婁互涓?1,1,400000.0,400000.0,0,1,0.0,400000.0,0,0,0.0,0.0
2026-08-22,01_棣栫瑪鏀炬,01_棣栨鎺堜俊,RG1,CL_01,iOS,Facebook,01_100%浠ヤ笅,1,1,500000.0,2500000.0,0,1,0.0,500000.0,0,0,0.0,0.0
2026-08-04,01_棣栫瑪鏀炬,01_棣栨鎺堜俊,RG1,CL_01,Android,Facebook,02_100%鍙婁互涓?2,2,3000000.0,3000000.0,2,2,3000000.0,3000000.0,2,2,3000000.0,3000000.0
2026-07-15,01_棣栫瑪鏀炬,01_棣栨鎺堜俊,RG5,CL_04,iOS,Facebook,02_100%鍙婁互涓?1,1,400000.0,400000.0,0,1,0.0,400000.0,0,1,0.0,400000.0
2026-08-13,01_棣栫瑪鏀炬,01_棣栨鎺堜俊,RG6,CL_04,Android,Organic,02_100%鍙婁互涓?1,1,300000.0,300000.0,0,1,0.0,300000.0,0,1,0.0,300000.0
2026-07-30,01_棣栫瑪鏀炬,01_棣栨鎺堜俊,RG3,CL_05,Android,Tiktok,02_100%鍙婁互涓?9,9,6500000.0,6400000.0,4,9,2600000.0,6500000.0,3,9,2000000.0,6500000.0
2026-07-29,01_棣栫瑪鏀炬,01_棣栨鎺堜俊,RG5,CL_05,iOS,ASA,02_100%鍙婁互涓?5,5,1700000.0,1700000.0,1,5,300000.0,1700000.0,1,5,300000.0,1700000.0
2026-09-05,01_棣栫瑪鏀炬,01_棣栨鎺堜俊,RG4,CL_05,Android,Facebook,02_100%鍙婁互涓?6,6,2400000.0,2400000.0,0,0,0.0,0.0,0,0,0.0,0.0
2026-08-04,01_棣栫瑪鏀炬,02_闈為娆℃巿淇?RG5,CL_05,Android,绌哄€?02_100%鍙婁互涓?1,1,400000.0,400000.0,1,1,400000.0,400000.0,1,1,400000.0,400000.0
2026-07-22,01_棣栫瑪鏀炬,02_闈為娆℃巿淇?RG4,CL_05,iOS,Organic,02_100%鍙婁互涓?1,1,600000.0,600000.0,1,1,600000.0,600000.0,0,1,0.0,600000.0
2026-09-05,01_棣栫瑪鏀炬,01_棣栨鎺堜俊,RG5,CL_05,iOS,Tiktok,02_100%鍙婁互涓?2,2,800000.0,800000.0,0,0,0.0,0.0,0,0,0.0,0.0
2026-07-19,01_棣栫瑪鏀炬,01_棣栨鎺堜俊,RG3,CL_03,Android,Facebook,02_100%鍙婁互涓?2,2,1300000.0,1100000.0,1,2,300000.0,1300000.0,0,2,0.0,1300000.0
2026-07-28,01_棣栫瑪鏀炬,01_棣栨鎺堜俊,RG5,CL_05,iOS,Tiktok,02_100%鍙婁互涓?5,5,1700000.0,1700000.0,1,5,400000.0,1700000.0,1,5,400000.0,1700000.0
2026-08-22,01_棣栫瑪鏀炬,01_棣栨鎺堜俊,RG1,CL_01,iOS,Organic,02_100%鍙婁互涓?2,2,5500000.0,5500000.0,1,2,3000000.0,5500000.0,0,0,0.0,0.0
2026-07-15,01_棣栫瑪鏀炬,02_闈為娆℃巿淇?RG5,CL_03,Android,Facebook,02_100%鍙婁互涓?3,3,1000000.0,1000000.0,2,3,700000.0,1000000.0,2,3,700000.0,1000000.0
2026-08-03,01_棣栫瑪鏀炬,01_棣栨鎺堜俊,RG1,CL_01,Android,Organic,02_100%鍙婁互涓?1,1,1500000.0,1500000.0,1,1,1500000.0,1500000.0,1,1,1500000.0,1500000.0
2026-08-02,01_棣栫瑪鏀炬,01_棣栨鎺堜俊,RG2,CL_05,Android,Tiktok,02_100%鍙婁互涓?3,3,3600000.0,3600000.0,1,3,1200000.0,3600000.0,0,3,0.0,3600000.0
2026-08-14,01_棣栫瑪鏀炬,01_棣栨鎺堜俊,RG7,CL_03,Android,Facebook,02_100%鍙婁互涓?1,1,300000.0,300000.0,1,1,300000.0,300000.0,0,0,0.0,0.0
2026-07-17,01_棣栫瑪鏀炬,02_闈為娆℃巿淇?RG7,CL_05,Android,Tiktok,02_100%鍙婁互涓?1,1,300000.0,300000.0,0,1,0.0,300000.0,0,1,0.0,300000.0
2026-08-29,01_棣栫瑪鏀炬,01_棣栨鎺堜俊,RG3,CL_05,iOS,Tiktok,02_100%鍙婁互涓?1,1,1200000.0,1000000.0,0,0,0.0,0.0,0,0,0.0,0.0
2026-07-31,01_棣栫瑪鏀炬,01_棣栨鎺堜俊,RG2,CL_07,Android,Organic,02_100%鍙婁互涓?3,3,3600000.0,3600000.0,1,3,1200000.0,3600000.0,0,3,0.0,3600000.0
2026-09-04,01_棣栫瑪鏀炬,01_棣栨鎺堜俊,RG1,CL_01,Android,Google,02_100%鍙婁互涓?2,2,3000000.0,3000000.0,0,0,0.0,0.0,0,0,0.0,0.0
2026-07-25,01_棣栫瑪鏀炬,02_闈為娆℃巿淇?RG5,CL_05,Android,Organic,02_100%鍙婁互涓?1,1,300000.0,300000.0,0,1,0.0,300000.0,0,1,0.0,300000.0
2026-08-23,01_棣栫瑪鏀炬,01_棣栨鎺堜俊,RG6,CL_03,Android,Facebook,02_100%鍙婁互涓?1,1,300000.0,300000.0,1,1,300000.0,300000.0,0,0,0.0,0.0
2026-08-26,01_棣栫瑪鏀炬,01_棣栨鎺堜俊,RG4,CL_05,Android,Tiktok,02_100%鍙婁互涓?5,5,1900000.0,1900000.0,0,0,0.0,0.0,0,0,0.0,0.0
2026-08-18,01_棣栫瑪鏀炬,01_棣栨鎺堜俊,RG4,CL_05,Android,Organic,02_100%鍙婁互涓?3,3,2200000.0,1800000.0,2,3,1000000.0,2200000.0,0,0,0.0,0.0
2026-08-13,01_棣栫瑪鏀炬,01_棣栨鎺堜俊,RG3,CL_05,Android,Organic,02_100%鍙婁互涓?6,6,4600000.0,4600000.0,4,6,3000000.0,4600000.0,4,6,3000000.0,4600000.0
2026-08-27,01_棣栫瑪鏀炬,02_闈為娆℃巿淇?RG4,CL_05,Android,Organic,02_100%鍙婁互涓?2,2,800000.0,800000.0,0,0,0.0,0.0,0,0,0.0,0.0
2026-08-24,01_棣栫瑪鏀炬,01_棣栨鎺堜俊,RG5,CL_05,Android,Google,02_100%鍙婁互涓?3,3,1200000.0,1200000.0,0,0,0.0,0.0,0,0,0.0,0.0
2026-08-14,01_棣栫瑪鏀炬,01_棣栨鎺堜俊,RG3,CL_05,Android,Google,02_100%鍙婁互涓?12,12,8400000.0,8400000.0,4,12,3000000.0,8400000.0,0,0,0.0,0.0
2026-08-25,01_棣栫瑪鏀炬,01_棣栨鎺堜俊,RG5,CL_05,iOS,Facebook,01_100%浠ヤ笅,1,1,300000.0,400000.0,0,0,0.0,0.0,0,0,0.0,0.0
2026-07-13,01_棣栫瑪鏀炬,02_闈為娆℃巿淇?RG2,CL_05,Android,Facebook,02_100%鍙婁互涓?1,1,1200000.0,1200000.0,1,1,1200000.0,1200000.0,1,1,1200000.0,1200000.0
2026-08-25,01_棣栫瑪鏀炬,01_棣栨鎺堜俊,RG0,CL_06,iOS,Organic,02_100%鍙婁互涓?2,2,1.32E7,1.32E7,0,0,0.0,0.0,0,0,0.0,0.0
2026-08-15,01_棣栫瑪鏀炬,01_棣栨鎺堜俊,RG1,CL_01,iOS,Organic,02_100%鍙婁互涓?6,6,1.68E7,1.5E7,3,6,8100000.0,1.68E7,0,0,0.0,0.0
2026-08-03,01_棣栫瑪鏀炬,01_棣栨鎺堜俊,RG5,CL_05,iOS,Tiktok,02_100%鍙婁互涓?4,4,1700000.0,1500000.0,2,4,800000.0,1700000.0,2,4,800000.0,1700000.0
2026-07-15,01_棣栫瑪鏀炬,01_棣栨鎺堜俊,RG4,CL_03,Android,Tiktok,02_100%鍙婁互涓?1,1,400000.0,400000.0,1,1,400000.0,400000.0,0,1,0.0,400000.0
2026-08-05,01_棣栫瑪鏀炬,01_棣栨鎺堜俊,RG4,CL_05,iOS,Facebook,02_100%鍙婁互涓?7,7,5400000.0,5000000.0,3,6,2200000.0,4600000.0,2,6,1600000.0,4600000.0
2026-09-01,01_棣栫瑪鏀炬,02_闈為娆℃巿淇?RG3,CL_05,Android,Organic,02_100%鍙婁互涓?1,1,800000.0,800000.0,0,0,0.0,0.0,0,0,0.0,0.0
2026-08-18,01_棣栫瑪鏀炬,01_棣栨鎺堜俊,RG5,CL_05,iOS,ASA,02_100%鍙婁互涓?1,1,400000.0,400000.0,0,1,0.0,400000.0,0,0,0.0,0.0
2026-08-22,01_棣栫瑪鏀炬,01_棣栨鎺堜俊,RG5,CL_05,iOS,Organic,02_100%鍙婁互涓?19,19,6800000.0,6800000.0,10,18,3600000.0,6500000.0,0,0,0.0,0.0
2026-08-05,01_棣栫瑪鏀炬,01_棣栨鎺堜俊,RG1,CL_01,Android,Tiktok,02_100%鍙婁互涓?1,1,2000000.0,1500000.0,1,1,2000000.0,2000000.0,0,1,0.0,2000000.0
2026-08-06,01_棣栫瑪鏀炬,02_闈為娆℃巿淇?RG3,CL_05,Android,Organic,02_100%鍙婁互涓?2,2,1600000.0,1600000.0,1,2,800000.0,1600000.0,1,2,800000.0,1600000.0
2026-08-22,01_棣栫瑪鏀炬,02_闈為娆℃巿淇?RG5,CL_05,iOS,Tiktok,02_100%鍙婁互涓?1,1,400000.0,400000.0,0,1,0.0,400000.0,0,0,0.0,0.0
2026-08-14,01_棣栫瑪鏀炬,01_棣栨鎺堜俊,RG6,CL_03,Android,Facebook,02_100%鍙婁互涓?1,1,300000.0,300000.0,0,1,0.0,300000.0,0,0,0.0,0.0
2026-08-28,01_棣栫瑪鏀炬,01_棣栨鎺堜俊,RG3,CL_05,iOS,Organic,01_100%浠ヤ笅,1,1,500000.0,800000.0,0,0,0.0,0.0,0,0,0.0,0.0
2026-08-13,01_棣栫瑪鏀炬,02_闈為娆℃巿淇?RG3,CL_05,Android,Tiktok,02_100%鍙婁互涓?1,1,800000.0,800000.0,1,1,800000.0,800000.0,0,1,0.0,800000.0
2026-07-11,01_棣栫瑪鏀炬,02_闈為娆℃巿淇?RG7,CL_05,Android,Facebook,02_100%鍙婁互涓?2,2,600000.0,600000.0,1,2,300000.0,600000.0,0,2,0.0,600000.0
2026-07-15,01_棣栫瑪鏀炬,02_闈為娆℃巿淇?RG4,CL_03,Android,Organic,02_100%鍙婁互涓?1,1,600000.0,600000.0,1,1,600000.0,600000.0,1,1,600000.0,600000.0
2026-07-27,01_棣栫瑪鏀炬,02_闈為娆℃巿淇?RG2,CL_01,Android,Facebook,02_100%鍙婁互涓?1,1,1500000.0,1500000.0,0,1,0.0,1500000.0,0,1,0.0,1500000.0
2026-08-14,01_棣栫瑪鏀炬,01_棣栨鎺堜俊,RG5,CL_05,iOS,Tiktok,02_100%鍙婁互涓?5,5,2200000.0,2000000.0,3,4,1200000.0,1600000.0,0,0,0.0,0.0
2026-07-19,01_棣栫瑪鏀炬,01_棣栨鎺堜俊,RG7,CL_05,Android,Google,02_100%鍙婁互涓?2,2,600000.0,600000.0,1,2,300000.0,600000.0,1,2,300000.0,600000.0
2026-07-26,01_棣栫瑪鏀炬,01_棣栨鎺堜俊,RG3,CL_04,iOS,Organic,02_100%鍙婁互涓?1,1,1600000.0,1200000.0,0,1,0.0,1600000.0,0,1,0.0,1600000.0
2026-07-13,01_棣栫瑪鏀炬,01_棣栨鎺堜俊,RG2,CL_03,iOS,Facebook,01_100%浠ヤ笅,1,1,1000000.0,1500000.0,0,1,0.0,1000000.0,0,1,0.0,1000000.0
2026-08-13,01_棣栫瑪鏀炬,01_棣栨鎺堜俊,RG1,CL_01,iOS,ASA,02_100%鍙婁互涓?1,1,2500000.0,2500000.0,0,1,0.0,2500000.0,0,1,0.0,2500000.0
2026-08-17,01_棣栫瑪鏀炬,01_棣栨鎺堜俊,RG4,CL_05,Android,Organic,01_100%浠ヤ笅,2,2,600000.0,1000000.0,1,2,300000.0,600000.0,0,0,0.0,0.0
2026-07-20,01_棣栫瑪鏀炬,02_闈為娆℃巿淇?RG6,CL_05,Android,Organic,02_100%鍙婁互涓?1,1,300000.0,300000.0,0,1,0.0,300000.0,0,1,0.0,300000.0
2026-07-31,01_棣栫瑪鏀炬,02_闈為娆℃巿淇?RG4,CL_05,Android,Facebook,02_100%鍙婁互涓?5,5,2800000.0,2800000.0,3,5,1600000.0,2800000.0,2,5,1000000.0,2800000.0
2026-08-04,01_棣栫瑪鏀炬,01_棣栨鎺堜俊,RG5,CL_05,iOS,ASA,02_100%鍙婁互涓?1,1,400000.0,400000.0,0,1,0.0,400000.0,0,1,0.0,400000.0
2026-08-04,01_棣栫瑪鏀炬,01_棣栨鎺堜俊,RG7,CL_05,Android,Facebook,02_100%鍙婁互涓?4,4,1200000.0,1200000.0,1,4,300000.0,1200000.0,1,4,300000.0,1200000.0
2026-07-12,01_棣栫瑪鏀炬,01_棣栨鎺堜俊,RG4,CL_05,iOS,ASA,02_100%鍙婁互涓?1,1,800000.0,600000.0,0,1,0.0,800000.0,0,1,0.0,800000.0
2026-08-05,01_棣栫瑪鏀炬,02_闈為娆℃巿淇?RG4,CL_05,Android,Facebook,02_100%鍙婁互涓?7,7,3600000.0,3600000.0,5,7,2600000.0,3600000.0,3,7,1600000.0,3600000.0
2026-09-07,01_棣栫瑪鏀炬,02_闈為娆℃巿淇?RG5,CL_05,iOS,Tiktok,02_100%鍙婁互涓?1,1,400000.0,400000.0,0,0,0.0,0.0,0,0,0.0,0.0
2026-08-24,01_棣栫瑪鏀炬,01_棣栨鎺堜俊,RG3,CL_05,Android,Organic,02_100%鍙婁互涓?6,6,4700000.0,4200000.0,0,0,0.0,0.0,0,0,0.0,0.0
2026-07-30,01_棣栫瑪鏀炬,02_闈為娆℃巿淇?RG7,CL_05,Android,Facebook,02_100%鍙婁互涓?3,3,900000.0,900000.0,0,3,0.0,900000.0,0,3,0.0,900000.0
2026-08-01,01_棣栫瑪鏀炬,02_闈為娆℃巿淇?RG3,CL_05,iOS,Organic,02_100%鍙婁互涓?1,1,1600000.0,1200000.0,0,1,0.0,1600000.0,0,1,0.0,1600000.0
2026-08-04,01_棣栫瑪鏀炬,01_棣栨鎺堜俊,RG3,CL_05,Android,Google,01_100%浠ヤ笅,1,1,500000.0,800000.0,1,1,500000.0,500000.0,0,1,0.0,500000.0
2026-08-01,01_棣栫瑪鏀炬,01_棣栨鎺堜俊,RG3,CL_05,iOS,Tiktok,02_100%鍙婁互涓?8,8,8000000.0,8000000.0,2,8,2000000.0,8000000.0,1,8,800000.0,8000000.0
2026-08-10,01_棣栫瑪鏀炬,02_闈為娆℃巿淇?RG5,CL_05,iOS,ASA,02_100%鍙婁互涓?1,1,300000.0,300000.0,0,1,0.0,300000.0,0,1,0.0,300000.0
2026-08-17,01_棣栫瑪鏀炬,02_闈為娆℃巿淇?RG5,CL_05,iOS,Organic,02_100%鍙婁互涓?2,2,800000.0,800000.0,1,2,400000.0,800000.0,0,0,0.0,0.0
2026-07-29,01_棣栫瑪鏀炬,02_闈為娆℃巿淇?RG4,CL_05,Android,Tiktok,02_100%鍙婁互涓?1,1,400000.0,400000.0,1,1,400000.0,400000.0,1,1,400000.0,400000.0
2026-08-05,01_棣栫瑪鏀炬,01_棣栨鎺堜俊,RG2,CL_03,Android,Facebook,02_100%鍙婁互涓?1,1,400000.0,400000.0,0,1,0.0,400000.0,0,1,0.0,400000.0
2026-07-16,01_棣栫瑪鏀炬,01_棣栨鎺堜俊,RG2,CL_01,iOS,ASA,02_100%鍙婁互涓?1,1,2000000.0,2000000.0,1,1,2000000.0,2000000.0,0,1,0.0,2000000.0
2026-08-10,01_棣栫瑪鏀炬,02_闈為娆℃巿淇?RG3,CL_05,Android,Organic,02_100%鍙婁互涓?1,1,600000.0,600000.0,0,1,0.0,600000.0,0,1,0.0,600000.0
2026-08-17,01_棣栫瑪鏀炬,01_棣栨鎺堜俊,RG4,CL_05,Android,Facebook,02_100%鍙婁互涓?8,8,3800000.0,3800000.0,7,8,3400000.0,3800000.0,0,0,0.0,0.0
2026-08-31,01_棣栫瑪鏀炬,01_棣栨鎺堜俊,RG4,CL_05,iOS,Facebook,02_100%鍙婁互涓?2,2,1400000.0,1400000.0,0,0,0.0,0.0,0,0,0.0,0.0
2026-07-15,01_棣栫瑪鏀炬,01_棣栨鎺堜俊,RG4,CL_04,Android,Tiktok,02_100%鍙婁互涓?1,1,400000.0,400000.0,1,1,400000.0,400000.0,1,1,400000.0,400000.0
2026-07-24,01_棣栫瑪鏀炬,02_闈為娆℃巿淇?RG7,CL_05,Android,Google,02_100%鍙婁互涓?1,1,300000.0,300000.0,0,1,0.0,300000.0,0,1,0.0,300000.0
2026-07-16,01_棣栫瑪鏀炬,01_棣栨鎺堜俊,RG1,CL_01,iOS,ASA,02_100%鍙婁互涓?1,1,3000000.0,3000000.0,0,1,0.0,3000000.0,0,1,0.0,3000000.0
2026-07-12,01_棣栫瑪鏀炬,01_棣栨鎺堜俊,RG3,CL_04,Android,Organic,02_100%鍙婁互涓?1,1,600000.0,600000.0,1,1,600000.0,600000.0,1,1,600000.0,600000.0
2026-07-14,01_棣栫瑪鏀炬,01_棣栨鎺堜俊,RG3,CL_03,iOS,Facebook,02_100%鍙婁互涓?1,1,1200000.0,1200000.0,0,1,0.0,1200000.0,0,1,0.0,1200000.0
2026-07-31,01_棣栫瑪鏀炬,01_棣栨鎺堜俊,RG6,CL_05,Android,Tiktok,02_100%鍙婁互涓?1,1,300000.0,300000.0,1,1,300000.0,300000.0,1,1,300000.0,300000.0
2026-07-20,01_棣栫瑪鏀炬,01_棣栨鎺堜俊,RG5,CL_05,iOS,Organic,02_100%鍙婁互涓?13,13,4400000.0,4400000.0,8,13,2600000.0,4400000.0,7,13,2300000.0,4400000.0
2026-08-14,01_棣栫瑪鏀炬,01_棣栨鎺堜俊,RG4,CL_05,iOS,ASA,02_100%鍙婁互涓?1,1,1200000.0,800000.0,0,1,0.0,1200000.0,0,0,0.0,0.0
2026-07-13,01_棣栫瑪鏀炬,02_闈為娆℃巿淇?RG5,CL_04,iOS,鍏朵粬,02_100%鍙婁互涓?1,1,300000.0,300000.0,0,1,0.0,300000.0,0,1,0.0,300000.0
2026-09-04,01_棣栫瑪鏀炬,01_棣栨鎺堜俊,RG5,CL_05,Android,Facebook,02_100%鍙婁互涓?2,2,700000.0,700000.0,0,0,0.0,0.0,0,0,0.0,0.0
2026-09-02,01_棣栫瑪鏀炬,02_闈為娆℃巿淇?RG5,CL_05,iOS,Organic,02_100%鍙婁互涓?5,5,1700000.0,1700000.0,0,0,0.0,0.0,0,0,0.0,0.0
2026-08-05,01_棣栫瑪鏀炬,01_棣栨鎺堜俊,RG2,CL_01,iOS,Organic,02_100%鍙婁互涓?2,2,4000000.0,4000000.0,0,2,0.0,4000000.0,0,2,0.0,4000000.0
2026-07-14,01_棣栫瑪鏀炬,01_棣栨鎺堜俊,RG5,CL_04,iOS,Organic,02_100%鍙婁互涓?5,5,1800000.0,1800000.0,4,5,1400000.0,1800000.0,2,5,700000.0,1800000.0
2026-08-05,01_棣栫瑪鏀炬,01_棣栨鎺堜俊,RG0,CL_06,iOS,Facebook,01_100%浠ヤ笅,1,1,5000000.0,6000000.0,0,1,0.0,5000000.0,0,1,0.0,5000000.0
2026-08-16,01_棣栫瑪鏀炬,02_闈為娆℃巿淇?RG7,CL_05,Android,Facebook,02_100%鍙婁互涓?1,1,300000.0,300000.0,1,1,300000.0,300000.0,0,0,0.0,0.0
2026-08-13,01_棣栫瑪鏀炬,01_棣栨鎺堜俊,RG3,CL_05,Android,Google,01_100%浠ヤ笅,2,2,1000000.0,1600000.0,1,2,500000.0,1000000.0,1,2,500000.0,1000000.0
2026-08-05,01_棣栫瑪鏀炬,02_闈為娆℃巿淇?RG5,CL_05,Android,Organic,02_100%鍙婁互涓?3,3,1100000.0,1100000.0,2,3,700000.0,1100000.0,2,3,700000.0,1100000.0
2026-07-15,01_棣栫瑪鏀炬,01_棣栨鎺堜俊,RG2,CL_01,iOS,Organic,02_100%鍙婁互涓?3,3,6000000.0,6000000.0,1,3,2000000.0,6000000.0,1,3,2000000.0,6000000.0
2026-08-01,01_棣栫瑪鏀炬,01_棣栨鎺堜俊,RG2,CL_07,iOS,Facebook,02_100%鍙婁互涓?1,1,2000000.0,2000000.0,0,1,0.0,2000000.0,0,1,0.0,2000000.0
2026-07-23,01_棣栫瑪鏀炬,02_闈為娆℃巿淇?RG5,CL_05,Android,Tiktok,02_100%鍙婁互涓?2,2,700000.0,700000.0,1,2,400000.0,700000.0,1,2,400000.0,700000.0
2026-07-19,01_棣栫瑪鏀炬,01_棣栨鎺堜俊,RG2,CL_05,iOS,Facebook,02_100%鍙婁互涓?2,2,3000000.0,3000000.0,1,2,1500000.0,3000000.0,1,2,1500000.0,3000000.0
2026-08-04,01_棣栫瑪鏀炬,01_棣栨鎺堜俊,RG7,CL_05,Android,Google,02_100%鍙婁互涓?3,3,900000.0,900000.0,2,3,600000.0,900000.0,2,3,600000.0,900000.0
2026-08-21,01_棣栫瑪鏀炬,01_棣栨鎺堜俊,RG1,CL_01,iOS,Facebook,02_100%鍙婁互涓?2,2,6100000.0,5500000.0,0,2,0.0,6100000.0,0,0,0.0,0.0
2026-07-12,01_棣栫瑪鏀炬,02_闈為娆℃巿淇?RG5,CL_05,iOS,Organic,02_100%鍙婁互涓?1,1,400000.0,400000.0,1,1,400000.0,400000.0,0,1,0.0,400000.0
2026-08-02,01_棣栫瑪鏀炬,01_棣栨鎺堜俊,RG4,CL_05,iOS,ASA,02_100%鍙婁互涓?1,1,1000000.0,600000.0,1,1,1000000.0,1000000.0,1,1,1000000.0,1000000.0
2026-07-12,01_棣栫瑪鏀炬,01_棣栨鎺堜俊,RG3,CL_03,Android,Organic,02_100%鍙婁互涓?2,2,1400000.0,1200000.0,1,2,800000.0,1400000.0,1,2,800000.0,1400000.0
2026-07-19,01_棣栫瑪鏀炬,01_棣栨鎺堜俊,RG5,CL_05,Android,Facebook,02_100%鍙婁互涓?13,13,4800000.0,4800000.0,5,13,1700000.0,4800000.0,3,13,1000000.0,4800000.0
2026-09-02,01_棣栫瑪鏀炬,01_棣栨鎺堜俊,RG1,CL_01,iOS,Tiktok,02_100%鍙婁互涓?2,2,6800000.0,5000000.0,0,0,0.0,0.0,0,0,0.0,0.0
2026-07-15,01_棣栫瑪鏀炬,02_闈為娆℃巿淇?RG5,CL_05,Android,Organic,02_100%鍙婁互涓?1,1,300000.0,300000.0,1,1,300000.0,300000.0,1,1,300000.0,300000.0
2026-08-31,01_棣栫瑪鏀炬,02_闈為娆℃巿淇?RG2,CL_05,Android,Tiktok,02_100%鍙婁互涓?1,1,1000000.0,1000000.0,0,0,0.0,0.0,0,0,0.0,0.0
2026-08-31,01_棣栫瑪鏀炬,01_棣栨鎺堜俊,RG5,CL_05,iOS,Organic,02_100%鍙婁互涓?6,6,2700000.0,2100000.0,0,0,0.0,0.0,0,0,0.0,0.0
2026-08-04,01_棣栫瑪鏀炬,01_棣栨鎺堜俊,RG3,CL_05,Android,Organic,02_100%鍙婁互涓?1,1,800000.0,800000.0,0,1,0.0,800000.0,0,1,0.0,800000.0
2026-07-13,01_棣栫瑪鏀炬,01_棣栨鎺堜俊,RG2,CL_04,iOS,Organic,02_100%鍙婁互涓?1,1,1500000.0,1500000.0,0,1,0.0,1500000.0,0,1,0.0,1500000.0
2026-07-27,01_棣栫瑪鏀炬,01_棣栨鎺堜俊,RG3,CL_05,iOS,Organic,02_100%鍙婁互涓?7,7,7200000.0,6800000.0,5,7,5200000.0,7200000.0,5,7,5200000.0,7200000.0
2026-08-27,01_棣栫瑪鏀炬,01_棣栨鎺堜俊,RG3,CL_05,iOS,Organic,02_100%鍙婁互涓?2,2,1600000.0,1600000.0,0,0,0.0,0.0,0,0,0.0,0.0
2026-08-09,01_棣栫瑪鏀炬,02_闈為娆℃巿淇?RG3,CL_05,Android,Facebook,02_100%鍙婁互涓?2,2,1600000.0,1600000.0,2,2,1600000.0,1600000.0,0,2,0.0,1600000.0
2026-08-26,01_棣栫瑪鏀炬,01_棣栨鎺堜俊,RG5,CL_05,iOS,Facebook,02_100%鍙婁互涓?1,1,400000.0,400000.0,0,0,0.0,0.0,0,0,0.0,0.0
2026-08-10,01_棣栫瑪鏀炬,01_棣栨鎺堜俊,RG3,CL_05,Android,Tiktok,02_100%鍙婁互涓?5,5,3400000.0,3400000.0,3,5,2000000.0,3400000.0,2,5,1200000.0,3400000.0
2026-07-11,01_棣栫瑪鏀炬,01_棣栨鎺堜俊,RG4,CL_05,iOS,鍏朵粬,02_100%鍙婁互涓?1,1,600000.0,600000.0,1,1,600000.0,600000.0,0,1,0.0,600000.0
2026-08-29,01_棣栫瑪鏀炬,02_闈為娆℃巿淇?RG2,CL_07,Android,Facebook,02_100%鍙婁互涓?1,1,1200000.0,1200000.0,0,0,0.0,0.0,0,0,0.0,0.0
2026-07-20,01_棣栫瑪鏀炬,01_棣栨鎺堜俊,RG4,CL_03,iOS,Organic,02_100%鍙婁互涓?1,1,1200000.0,800000.0,1,1,1200000.0,1200000.0,1,1,1200000.0,1200000.0
2026-07-12,01_棣栫瑪鏀炬,01_棣栨鎺堜俊,RG2,CL_05,iOS,Organic,02_100%鍙婁互涓?1,1,1500000.0,1500000.0,0,1,0.0,1500000.0,0,1,0.0,1500000.0
2026-07-15,01_棣栫瑪鏀炬,02_闈為娆℃巿淇?RG3,CL_05,Android,Facebook,02_100%鍙婁互涓?2,2,1700000.0,1600000.0,0,2,0.0,1700000.0,0,2,0.0,1700000.0
2026-08-03,01_棣栫瑪鏀炬,01_棣栨鎺堜俊,RG2,CL_05,iOS,Organic,02_100%鍙婁互涓?1,1,1800000.0,1200000.0,0,1,0.0,1800000.0,0,1,0.0,1800000.0
2026-07-23,01_棣栫瑪鏀炬,02_闈為娆℃巿淇?RG6,CL_05,Android,Tiktok,02_100%鍙婁互涓?1,1,300000.0,300000.0,1,1,300000.0,300000.0,1,1,300000.0,300000.0
2026-08-19,01_棣栫瑪鏀炬,01_棣栨鎺堜俊,RG5,CL_05,iOS,ASA,02_100%鍙婁互涓?1,1,400000.0,400000.0,0,1,0.0,400000.0,0,0,0.0,0.0
2026-08-29,01_棣栫瑪鏀炬,01_棣栨鎺堜俊,RG4,CL_05,Android,Organic,02_100%鍙婁互涓?2,2,1000000.0,1000000.0,0,0,0.0,0.0,0,0,0.0,0.0
2026-07-30,01_棣栫瑪鏀炬,01_棣栨鎺堜俊,RG2,CL_07,Android,Google,02_100%鍙婁互涓?1,1,1200000.0,1200000.0,0,1,0.0,1200000.0,0,1,0.0,1200000.0
2026-07-17,01_棣栫瑪鏀炬,02_闈為娆℃巿淇?RG6,CL_05,Android,Tiktok,02_100%鍙婁互涓?1,1,300000.0,300000.0,1,1,300000.0,300000.0,0,1,0.0,300000.0
2026-08-15,01_棣栫瑪鏀炬,01_棣栨鎺堜俊,RG3,CL_05,iOS,Facebook,02_100%鍙婁互涓?4,4,4300000.0,4000000.0,3,4,3100000.0,4300000.0,0,0,0.0,0.0
2026-07-14,01_棣栫瑪鏀炬,01_棣栨鎺堜俊,RG2,CL_03,Android,Organic,02_100%鍙婁互涓?2,2,2800000.0,2400000.0,1,2,1200000.0,2800000.0,0,2,0.0,2800000.0
2026-08-20,01_棣栫瑪鏀炬,02_闈為娆℃巿淇?RG5,CL_05,iOS,Organic,02_100%鍙婁互涓?6,6,2500000.0,2100000.0,4,6,1800000.0,2500000.0,0,0,0.0,0.0
2026-07-14,01_棣栫瑪鏀炬,02_闈為娆℃巿淇?RG6,CL_03,Android,Organic,02_100%鍙婁互涓?1,1,300000.0,300000.0,0,1,0.0,300000.0,0,1,0.0,300000.0
2026-09-04,01_棣栫瑪鏀炬,02_闈為娆℃巿淇?RG5,CL_05,iOS,Organic,01_100%浠ヤ笅,1,1,300000.0,400000.0,0,0,0.0,0.0,0,0,0.0,0.0
2026-07-17,01_棣栫瑪鏀炬,01_棣栨鎺堜俊,RG2,CL_05,Android,Tiktok,02_100%鍙婁互涓?1,1,1000000.0,1000000.0,1,1,1000000.0,1000000.0,1,1,1000000.0,1000000.0
2026-08-03,01_棣栫瑪鏀炬,02_闈為娆℃巿淇?RG7,CL_05,Android,Tiktok,02_100%鍙婁互涓?2,2,600000.0,600000.0,2,2,600000.0,600000.0,2,2,600000.0,600000.0
2026-08-24,01_棣栫瑪鏀炬,01_棣栨鎺堜俊,RG6,CL_05,Android,Google,02_100%鍙婁互涓?1,1,300000.0,300000.0,0,0,0.0,0.0,0,0,0.0,0.0
2026-08-17,01_棣栫瑪鏀炬,01_棣栨鎺堜俊,RG2,CL_07,Android,Tiktok,02_100%鍙婁互涓?1,1,1200000.0,1200000.0,1,1,1200000.0,1200000.0,0,0,0.0,0.0
2026-07-16,01_棣栫瑪鏀炬,01_棣栨鎺堜俊,RG2,CL_05,iOS,Facebook,02_100%鍙婁互涓?1,1,1500000.0,1500000.0,1,1,1500000.0,1500000.0,1,1,1500000.0,1500000.0
2026-08-01,01_棣栫瑪鏀炬,01_棣栨鎺堜俊,RG5,CL_05,Android,Facebook,02_100%鍙婁互涓?19,19,6800000.0,6800000.0,11,19,3900000.0,6800000.0,8,19,2900000.0,6800000.0
2026-07-16,01_棣栫瑪鏀炬,01_棣栨鎺堜俊,RG6,CL_04,Android,Organic,02_100%鍙婁互涓?1,1,300000.0,300000.0,0,1,0.0,300000.0,0,1,0.0,300000.0
2026-08-21,01_棣栫瑪鏀炬,01_棣栨鎺堜俊,RG5,CL_05,iOS,Organic,01_100%浠ヤ笅,1,1,300000.0,400000.0,0,1,0.0,300000.0,0,0,0.0,0.0
2026-09-07,01_棣栫瑪鏀炬,02_闈為娆℃巿淇?RG4,CL_05,Android,Google,02_100%鍙婁互涓?1,1,400000.0,400000.0,0,0,0.0,0.0,0,0,0.0,0.0
2026-08-07,01_棣栫瑪鏀炬,02_闈為娆℃巿淇?RG5,CL_05,iOS,Organic,02_100%鍙婁互涓?5,5,1900000.0,1700000.0,2,5,600000.0,1900000.0,2,5,600000.0,1900000.0
2026-07-31,01_棣栫瑪鏀炬,01_棣栨鎺堜俊,RG2,CL_05,Android,Organic,02_100%鍙婁互涓?1,1,1200000.0,1200000.0,0,1,0.0,1200000.0,0,1,0.0,1200000.0
2026-07-29,01_棣栫瑪鏀炬,01_棣栨鎺堜俊,RG3,CL_05,Android,Organic,02_100%鍙婁互涓?4,4,2800000.0,2600000.0,0,4,0.0,2800000.0,0,4,0.0,2800000.0
2026-08-01,01_棣栫瑪鏀炬,01_棣栨鎺堜俊,RG1,CL_01,iOS,ASA,02_100%鍙婁互涓?3,3,8700000.0,7500000.0,1,3,3700000.0,8700000.0,0,3,0.0,8700000.0
2026-08-18,01_棣栫瑪鏀炬,01_棣栨鎺堜俊,RG3,CL_05,Android,Organic,02_100%鍙婁互涓?4,4,2800000.0,2800000.0,3,4,2000000.0,2800000.0,0,0,0.0,0.0
2026-08-06,01_棣栫瑪鏀炬,01_棣栨鎺堜俊,RG2,CL_05,Android,Google,02_100%鍙婁互涓?4,4,4200000.0,4200000.0,2,4,2000000.0,4200000.0,2,4,2000000.0,4200000.0
2026-08-06,01_棣栫瑪鏀炬,02_闈為娆℃巿淇?RG4,CL_05,Android,Facebook,01_100%浠ヤ笅,1,1,500000.0,600000.0,0,1,0.0,500000.0,0,1,0.0,500000.0
2026-08-10,01_棣栫瑪鏀炬,01_棣栨鎺堜俊,RG1,CL_01,iOS,Facebook,02_100%鍙婁互涓?2,2,5800000.0,5800000.0,0,2,0.0,5800000.0,0,2,0.0,5800000.0
2026-08-20,01_棣栫瑪鏀炬,01_棣栨鎺堜俊,RG0,CL_01,iOS,Tiktok,02_100%鍙婁互涓?1,1,4000000.0,4000000.0,0,1,0.0,4000000.0,0,0,0.0,0.0
2026-08-26,01_棣栫瑪鏀炬,01_棣栨鎺堜俊,RG2,CL_07,iOS,ASA,02_100%鍙婁互涓?1,1,1500000.0,1500000.0,0,0,0.0,0.0,0,0,0.0,0.0
2026-08-23,01_棣栫瑪鏀炬,01_棣栨鎺堜俊,RG3,CL_05,Android,Organic,01_100%浠ヤ笅,1,1,400000.0,600000.0,1,1,400000.0,400000.0,0,0,0.0,0.0
2026-08-09,01_棣栫瑪鏀炬,02_闈為娆℃巿淇?RG4,CL_05,Android,Facebook,02_100%鍙婁互涓?6,6,2800000.0,2800000.0,4,6,1800000.0,2800000.0,4,6,1800000.0,2800000.0
2026-07-10,01_棣栫瑪鏀炬,02_闈為娆℃巿淇?RG3,CL_05,iOS,绌哄€?02_100%鍙婁互涓?1,1,800000.0,800000.0,1,1,800000.0,800000.0,1,1,800000.0,800000.0
2026-08-13,01_棣栫瑪鏀炬,01_棣栨鎺堜俊,RG4,CL_05,Android,Facebook,01_100%浠ヤ笅,1,1,400000.0,600000.0,0,1,0.0,400000.0,0,1,0.0,400000.0
2026-07-24,01_棣栫瑪鏀炬,01_棣栨鎺堜俊,RG4,CL_05,Android,Tiktok,02_100%鍙婁互涓?2,2,1000000.0,1000000.0,1,2,600000.0,1000000.0,1,2,600000.0,1000000.0
2026-07-27,01_棣栫瑪鏀炬,01_棣栨鎺堜俊,RG5,CL_05,iOS,Facebook,02_100%鍙婁互涓?6,6,2100000.0,2100000.0,2,6,700000.0,2100000.0,2,6,700000.0,2100000.0
2026-07-13,01_棣栫瑪鏀炬,01_棣栨鎺堜俊,RG4,CL_05,Android,Organic,02_100%鍙婁互涓?2,2,1000000.0,1000000.0,1,2,600000.0,1000000.0,0,2,0.0,1000000.0
2026-08-11,01_棣栫瑪鏀炬,02_闈為娆℃巿淇?RG5,CL_05,Android,Facebook,02_100%鍙婁互涓?3,3,900000.0,900000.0,1,3,300000.0,900000.0,0,3,0.0,900000.0
2026-07-23,01_棣栫瑪鏀炬,02_闈為娆℃巿淇?RG3,CL_05,Android,绌哄€?02_100%鍙婁互涓?1,1,800000.0,800000.0,0,1,0.0,800000.0,0,1,0.0,800000.0
2026-08-13,01_棣栫瑪鏀炬,01_棣栨鎺堜俊,RG3,CL_05,iOS,Tiktok,02_100%鍙婁互涓?2,2,1800000.0,1600000.0,1,2,1000000.0,1800000.0,1,2,1000000.0,1800000.0
2026-07-24,01_棣栫瑪鏀炬,02_闈為娆℃巿淇?RG3,CL_05,Android,Organic,02_100%鍙婁互涓?1,1,800000.0,800000.0,1,1,800000.0,800000.0,1,1,800000.0,800000.0
2026-08-10,01_棣栫瑪鏀炬,02_闈為娆℃巿淇?RG7,CL_05,Android,Google,02_100%鍙婁互涓?1,1,300000.0,300000.0,0,1,0.0,300000.0,0,1,0.0,300000.0
2026-07-14,01_棣栫瑪鏀炬,01_棣栨鎺堜俊,RG5,CL_03,iOS,ASA,02_100%鍙婁互涓?2,2,700000.0,700000.0,0,2,0.0,700000.0,0,2,0.0,700000.0
2026-08-13,01_棣栫瑪鏀炬,01_棣栨鎺堜俊,RG3,CL_05,Android,Tiktok,01_100%浠ヤ笅,1,1,500000.0,600000.0,0,1,0.0,500000.0,0,1,0.0,500000.0
2026-08-07,01_棣栫瑪鏀炬,02_闈為娆℃巿淇?RG3,CL_05,Android,Organic,02_100%鍙婁互涓?1,1,600000.0,600000.0,0,1,0.0,600000.0,0,1,0.0,600000.0
2026-08-07,01_棣栫瑪鏀炬,01_棣栨鎺堜俊,RG3,CL_05,Android,Tiktok,02_100%鍙婁互涓?5,5,3400000.0,3400000.0,2,5,1600000.0,3400000.0,2,5,1600000.0,3400000.0
2026-08-15,01_棣栫瑪鏀炬,01_棣栨鎺堜俊,RG3,CL_05,Android,Organic,02_100%鍙婁互涓?5,5,4400000.0,4200000.0,3,5,2400000.0,4400000.0,0,0,0.0,0.0
2026-08-05,01_棣栫瑪鏀炬,01_棣栨鎺堜俊,RG2,CL_01,Android,Facebook,02_100%鍙婁互涓?1,1,1800000.0,1500000.0,1,1,1800000.0,1800000.0,1,1,1800000.0,1800000.0
2026-07-24,01_棣栫瑪鏀炬,01_棣栨鎺堜俊,RG2,CL_05,Android,Tiktok,02_100%鍙婁互涓?1,1,1400000.0,1000000.0,0,1,0.0,1400000.0,0,1,0.0,1400000.0
2026-07-11,01_棣栫瑪鏀炬,01_棣栨鎺堜俊,RG4,CL_04,Android,Organic,02_100%鍙婁互涓?1,1,400000.0,400000.0,0,1,0.0,400000.0,0,1,0.0,400000.0
2026-07-16,01_棣栫瑪鏀炬,01_棣栨鎺堜俊,RG7,CL_05,Android,Tiktok,02_100%鍙婁互涓?1,1,300000.0,300000.0,0,1,0.0,300000.0,0,1,0.0,300000.0
2026-08-13,01_棣栫瑪鏀炬,02_闈為娆℃巿淇?RG3,CL_05,Android,Google,02_100%鍙婁互涓?1,1,600000.0,600000.0,1,1,600000.0,600000.0,1,1,600000.0,600000.0
2026-07-17,01_棣栫瑪鏀炬,02_闈為娆℃巿淇?RG5,CL_05,Android,Facebook,02_100%鍙婁互涓?6,6,2200000.0,2200000.0,2,6,800000.0,2200000.0,2,6,800000.0,2200000.0
2026-09-06,01_棣栫瑪鏀炬,01_棣栨鎺堜俊,RG3,CL_05,Android,Google,02_100%鍙婁互涓?7,7,5100000.0,4800000.0,0,0,0.0,0.0,0,0,0.0,0.0
2026-07-29,01_棣栫瑪鏀炬,01_棣栨鎺堜俊,RG4,CL_03,iOS,Organic,02_100%鍙婁互涓?1,1,400000.0,400000.0,0,1,0.0,400000.0,0,1,0.0,400000.0
2026-08-15,01_棣栫瑪鏀炬,02_闈為娆℃巿淇?RG7,CL_05,Android,绌哄€?02_100%鍙婁互涓?1,1,300000.0,300000.0,0,1,0.0,300000.0,0,0,0.0,0.0
2026-07-16,01_棣栫瑪鏀炬,02_闈為娆℃巿淇?RG7,CL_05,Android,Organic,02_100%鍙婁互涓?2,2,600000.0,600000.0,1,2,300000.0,600000.0,0,2,0.0,600000.0
2026-07-23,01_棣栫瑪鏀炬,01_棣栨鎺堜俊,RG5,CL_04,iOS,Organic,02_100%鍙婁互涓?1,1,600000.0,600000.0,0,1,0.0,600000.0,0,1,0.0,600000.0
2026-07-19,01_棣栫瑪鏀炬,02_闈為娆℃巿淇?RG4,CL_05,iOS,ASA,02_100%鍙婁互涓?1,1,600000.0,600000.0,1,1,600000.0,600000.0,0,1,0.0,600000.0
2026-08-29,01_棣栫瑪鏀炬,01_棣栨鎺堜俊,RG2,CL_07,iOS,Tiktok,02_100%鍙婁互涓?2,2,3800000.0,3000000.0,0,0,0.0,0.0,0,0,0.0,0.0
2026-07-27,01_棣栫瑪鏀炬,02_闈為娆℃巿淇?RG5,CL_05,Android,Tiktok,02_100%鍙婁互涓?2,2,700000.0,700000.0,1,2,400000.0,700000.0,1,2,400000.0,700000.0
2026-08-10,01_棣栫瑪鏀炬,01_棣栨鎺堜俊,RG0,CL_06,iOS,Tiktok,02_100%鍙婁互涓?1,1,6000000.0,6000000.0,0,1,0.0,6000000.0,0,1,0.0,6000000.0
2026-08-12,01_棣栫瑪鏀炬,01_棣栨鎺堜俊,RG6,CL_05,Android,Google,02_100%鍙婁互涓?3,3,900000.0,900000.0,0,3,0.0,900000.0,0,3,0.0,900000.0
2026-07-11,01_棣栫瑪鏀炬,01_棣栨鎺堜俊,RG5,CL_04,Android,Google,02_100%鍙婁互涓?1,1,300000.0,300000.0,1,1,300000.0,300000.0,0,1,0.0,300000.0
2026-07-20,01_棣栫瑪鏀炬,01_棣栨鎺堜俊,RG2,CL_05,iOS,Facebook,02_100%鍙婁互涓?2,2,2700000.0,2700000.0,1,2,1200000.0,2700000.0,1,2,1200000.0,2700000.0
2026-07-11,01_棣栫瑪鏀炬,01_棣栨鎺堜俊,RG3,CL_03,Android,Organic,02_100%鍙婁互涓?2,2,1400000.0,1400000.0,2,2,1400000.0,1400000.0,2,2,1400000.0,1400000.0
2026-07-12,01_棣栫瑪鏀炬,01_棣栨鎺堜俊,RG7,CL_04,Android,Tiktok,02_100%鍙婁互涓?1,1,300000.0,300000.0,1,1,300000.0,300000.0,1,1,300000.0,300000.0
2026-08-20,01_棣栫瑪鏀炬,02_闈為娆℃巿淇?RG1,CL_01,Android,Facebook,02_100%鍙婁互涓?1,1,1500000.0,1500000.0,1,1,1500000.0,1500000.0,0,0,0.0,0.0
2026-07-30,01_棣栫瑪鏀炬,01_棣栨鎺堜俊,RG5,CL_05,Android,Organic,02_100%鍙婁互涓?2,2,700000.0,700000.0,0,2,0.0,700000.0,0,2,0.0,700000.0
2026-07-24,01_棣栫瑪鏀炬,01_棣栨鎺堜俊,RG7,CL_04,Android,Facebook,02_100%鍙婁互涓?1,1,300000.0,300000.0,1,1,300000.0,300000.0,1,1,300000.0,300000.0
2026-08-27,01_棣栫瑪鏀炬,01_棣栨鎺堜俊,RG3,CL_05,Android,Google,02_100%鍙婁互涓?5,5,3600000.0,3600000.0,0,0,0.0,0.0,0,0,0.0,0.0
2026-07-12,01_棣栫瑪鏀炬,01_棣栨鎺堜俊,RG2,CL_01,Android,Tiktok,01_100%浠ヤ笅,1,1,1000000.0,1500000.0,0,1,0.0,1000000.0,0,1,0.0,1000000.0
2026-08-11,01_棣栫瑪鏀炬,01_棣栨鎺堜俊,RG4,CL_05,Android,Google,02_100%鍙婁互涓?22,22,1.14E7,1.14E7,12,22,6400000.0,1.14E7,8,22,4600000.0,1.14E7
2026-08-25,01_棣栫瑪鏀炬,01_棣栨鎺堜俊,RG4,CL_05,iOS,Tiktok,02_100%鍙婁互涓?5,5,4000000.0,3600000.0,0,0,0.0,0.0,0,0,0.0,0.0
2026-08-14,01_棣栫瑪鏀炬,01_棣栨鎺堜俊,RG2,CL_01,iOS,Facebook,02_100%鍙婁互涓?1,1,2000000.0,2000000.0,0,1,0.0,2000000.0,0,0,0.0,0.0
2026-08-14,01_棣栫瑪鏀炬,02_闈為娆℃巿淇?RG7,CL_05,Android,Facebook,02_100%鍙婁互涓?1,1,300000.0,300000.0,1,1,300000.0,300000.0,0,0,0.0,0.0
2026-07-12,01_棣栫瑪鏀炬,01_棣栨鎺堜俊,RG2,CL_01,iOS,Facebook,02_100%鍙婁互涓?1,1,2000000.0,2000000.0,0,1,0.0,2000000.0,0,1,0.0,2000000.0
2026-07-10,01_棣栫瑪鏀炬,01_棣栨鎺堜俊,RG4,CL_04,iOS,ASA,02_100%鍙婁互涓?2,2,1200000.0,1200000.0,1,2,600000.0,1200000.0,1,2,600000.0,1200000.0
2026-08-06,01_棣栫瑪鏀炬,01_棣栨鎺堜俊,RG5,CL_05,Android,Organic,02_100%鍙婁互涓?5,5,1800000.0,1800000.0,1,5,400000.0,1800000.0,1,5,400000.0,1800000.0
2026-07-23,01_棣栫瑪鏀炬,01_棣栨鎺堜俊,RG2,CL_05,Android,Facebook,02_100%鍙婁互涓?2,2,2400000.0,2200000.0,1,2,1000000.0,2400000.0,1,2,1000000.0,2400000.0
2026-08-19,01_棣栫瑪鏀炬,02_闈為娆℃巿淇?RG4,CL_05,Android,Google,02_100%鍙婁互涓?1,1,600000.0,600000.0,0,1,0.0,600000.0,0,0,0.0,0.0
2026-08-28,01_棣栫瑪鏀炬,01_棣栨鎺堜俊,RG1,CL_01,Android,Facebook,02_100%鍙婁互涓?1,1,2500000.0,1500000.0,0,0,0.0,0.0,0,0,0.0,0.0
2026-07-19,01_棣栫瑪鏀炬,01_棣栨鎺堜俊,RG3,CL_04,iOS,Organic,02_100%鍙婁互涓?1,1,1200000.0,1000000.0,1,1,1200000.0,1200000.0,1,1,1200000.0,1200000.0
2026-07-19,01_棣栫瑪鏀炬,02_闈為娆℃巿淇?RG7,CL_05,Android,Organic,02_100%鍙婁互涓?1,1,300000.0,300000.0,1,1,300000.0,300000.0,1,1,300000.0,300000.0
2026-07-14,01_棣栫瑪鏀炬,02_闈為娆℃巿淇?RG4,CL_03,iOS,Organic,02_100%鍙婁互涓?1,1,800000.0,800000.0,1,1,800000.0,800000.0,1,1,800000.0,800000.0
2026-07-12,01_棣栫瑪鏀炬,01_棣栨鎺堜俊,RG6,CL_03,Android,Tiktok,02_100%鍙婁互涓?3,3,1000000.0,1000000.0,3,3,1000000.0,1000000.0,2,3,700000.0,1000000.0
2026-08-31,01_棣栫瑪鏀炬,01_棣栨鎺堜俊,RG1,CL_01,Android,Facebook,02_100%鍙婁互涓?1,1,1500000.0,1500000.0,0,0,0.0,0.0,0,0,0.0,0.0
2026-08-08,01_棣栫瑪鏀炬,01_棣栨鎺堜俊,RG3,CL_05,Android,Tiktok,01_100%浠ヤ笅,1,1,500000.0,600000.0,1,1,500000.0,500000.0,1,1,500000.0,500000.0
2026-08-25,01_棣栫瑪鏀炬,01_棣栨鎺堜俊,RG3,CL_05,Android,Organic,02_100%鍙婁互涓?3,3,2000000.0,2000000.0,0,0,0.0,0.0,0,0,0.0,0.0
2026-07-17,01_棣栫瑪鏀炬,02_闈為娆℃巿淇?RG0,CL_06,iOS,绌哄€?02_100%鍙婁互涓?1,1,9800000.0,7800000.0,0,1,0.0,9800000.0,0,1,0.0,9800000.0
2026-08-06,01_棣栫瑪鏀炬,01_棣栨鎺堜俊,RG2,CL_07,Android,Tiktok,02_100%鍙婁互涓?2,2,2700000.0,2400000.0,0,2,0.0,2700000.0,0,2,0.0,2700000.0
2026-08-17,01_棣栫瑪鏀炬,02_闈為娆℃巿淇?RG5,CL_05,Android,Google,02_100%鍙婁互涓?3,3,1000000.0,1000000.0,2,3,600000.0,1000000.0,0,0,0.0,0.0
2026-08-25,01_棣栫瑪鏀炬,01_棣栨鎺堜俊,RG2,CL_07,iOS,Facebook,02_100%鍙婁互涓?1,1,1800000.0,1800000.0,0,0,0.0,0.0,0,0,0.0,0.0
2026-07-27,01_棣栫瑪鏀炬,01_棣栨鎺堜俊,RG2,CL_05,Android,Tiktok,02_100%鍙婁互涓?1,1,1200000.0,1200000.0,1,1,1200000.0,1200000.0,0,1,0.0,1200000.0
2026-07-13,01_棣栫瑪鏀炬,02_闈為娆℃巿淇?RG7,CL_03,Android,Facebook,02_100%鍙婁互涓?2,2,600000.0,600000.0,2,2,600000.0,600000.0,2,2,600000.0,600000.0
2026-07-26,01_棣栫瑪鏀炬,02_闈為娆℃巿淇?RG5,CL_05,iOS,Facebook,02_100%鍙婁互涓?2,2,800000.0,800000.0,0,2,0.0,800000.0,0,2,0.0,800000.0
2026-08-04,01_棣栫瑪鏀炬,01_棣栨鎺堜俊,RG3,CL_05,iOS,Google,02_100%鍙婁互涓?1,1,800000.0,800000.0,0,1,0.0,800000.0,0,1,0.0,800000.0
2026-08-05,01_棣栫瑪鏀炬,01_棣栨鎺堜俊,RG4,CL_05,Android,Facebook,01_100%浠ヤ笅,1,1,500000.0,600000.0,1,1,500000.0,500000.0,1,1,500000.0,500000.0
2026-08-14,01_棣栫瑪鏀炬,01_棣栨鎺堜俊,RG3,CL_05,Android,Tiktok,02_100%鍙婁互涓?6,6,4400000.0,4200000.0,4,6,3000000.0,4400000.0,0,0,0.0,0.0
2026-08-09,01_棣栫瑪鏀炬,01_棣栨鎺堜俊,RG2,CL_07,iOS,Facebook,02_100%鍙婁互涓?1,1,1500000.0,1500000.0,1,1,1500000.0,1500000.0,1,1,1500000.0,1500000.0
2026-08-19,01_棣栫瑪鏀炬,01_棣栨鎺堜俊,RG5,CL_05,iOS,Organic,02_100%鍙婁互涓?11,11,4100000.0,3700000.0,6,11,2100000.0,4100000.0,0,0,0.0,0.0
2026-08-17,01_棣栫瑪鏀炬,02_闈為娆℃巿淇?RG3,CL_05,Android,Organic,02_100%鍙婁互涓?1,1,800000.0,800000.0,0,1,0.0,800000.0,0,0,0.0,0.0
2026-07-15,01_棣栫瑪鏀炬,01_棣栨鎺堜俊,RG3,CL_03,iOS,ASA,02_100%鍙婁互涓?1,1,1200000.0,1200000.0,0,1,0.0,1200000.0,0,1,0.0,1200000.0
2026-07-10,01_棣栫瑪鏀炬,01_棣栨鎺堜俊,RG3,CL_05,Android,Organic,02_100%鍙婁互涓?1,1,800000.0,800000.0,0,1,0.0,800000.0,0,1,0.0,800000.0
2026-07-13,01_棣栫瑪鏀炬,01_棣栨鎺堜俊,RG3,CL_03,iOS,Organic,02_100%鍙婁互涓?4,4,3600000.0,3200000.0,2,4,2000000.0,3600000.0,1,4,1200000.0,3600000.0
2026-08-02,01_棣栫瑪鏀炬,02_闈為娆℃巿淇?RG3,CL_05,Android,Organic,02_100%鍙婁互涓?1,1,800000.0,800000.0,0,1,0.0,800000.0,0,1,0.0,800000.0
2026-07-29,01_棣栫瑪鏀炬,01_棣栨鎺堜俊,RG2,CL_05,Android,Google,01_100%浠ヤ笅,1,1,600000.0,1200000.0,0,1,0.0,600000.0,0,1,0.0,600000.0
2026-07-21,01_棣栫瑪鏀炬,01_棣栨鎺堜俊,RG6,CL_05,Android,Organic,02_100%鍙婁互涓?1,1,300000.0,300000.0,1,1,300000.0,300000.0,1,1,300000.0,300000.0
2026-07-21,01_棣栫瑪鏀炬,01_棣栨鎺堜俊,RG2,CL_05,iOS,Organic,02_100%鍙婁互涓?1,1,1500000.0,1500000.0,0,1,0.0,1500000.0,0,1,0.0,1500000.0
2026-08-23,01_棣栫瑪鏀炬,01_棣栨鎺堜俊,RG5,CL_05,iOS,Facebook,02_100%鍙婁互涓?2,2,1200000.0,800000.0,1,2,800000.0,1200000.0,0,0,0.0,0.0
2026-09-07,01_棣栫瑪鏀炬,01_棣栨鎺堜俊,RG2,CL_07,iOS,Facebook,02_100%鍙婁互涓?2,2,3600000.0,3600000.0,0,0,0.0,0.0,0,0,0.0,0.0
2026-08-20,01_棣栫瑪鏀炬,02_闈為娆℃巿淇?RG4,CL_05,Android,Organic,02_100%鍙婁互涓?1,1,300000.0,300000.0,1,1,300000.0,300000.0,0,0,0.0,0.0
2026-07-31,01_棣栫瑪鏀炬,02_闈為娆℃巿淇?RG5,CL_05,iOS,Google,02_100%鍙婁互涓?1,1,400000.0,400000.0,1,1,400000.0,400000.0,0,1,0.0,400000.0
2026-07-28,01_棣栫瑪鏀炬,01_棣栨鎺堜俊,RG2,CL_05,Android,Google,02_100%鍙婁互涓?2,2,2200000.0,2200000.0,0,2,0.0,2200000.0,0,2,0.0,2200000.0
2026-08-31,01_棣栫瑪鏀炬,01_棣栨鎺堜俊,RG1,CL_01,iOS,ASA,02_100%鍙婁互涓?3,3,8000000.0,8000000.0,0,0,0.0,0.0,0,0,0.0,0.0
2026-08-13,01_棣栫瑪鏀炬,02_闈為娆℃巿淇?RG4,CL_05,Android,Google,02_100%鍙婁互涓?4,4,2000000.0,2000000.0,1,4,400000.0,2000000.0,1,4,400000.0,2000000.0
2026-07-20,01_棣栫瑪鏀炬,01_棣栨鎺堜俊,RG3,CL_05,Android,Facebook,01_100%浠ヤ笅,1,1,500000.0,800000.0,1,1,500000.0,500000.0,0,1,0.0,500000.0
2026-08-21,01_棣栫瑪鏀炬,01_棣栨鎺堜俊,RG3,CL_05,iOS,ASA,02_100%鍙婁互涓?1,1,1200000.0,1200000.0,0,1,0.0,1200000.0,0,0,0.0,0.0
2026-08-17,01_棣栫瑪鏀炬,02_闈為娆℃巿淇?RG6,CL_05,Android,Google,02_100%鍙婁互涓?1,1,300000.0,300000.0,0,1,0.0,300000.0,0,0,0.0,0.0
2026-08-28,01_棣栫瑪鏀炬,01_棣栨鎺堜俊,RG4,CL_05,Android,Organic,02_100%鍙婁互涓?3,3,1000000.0,1000000.0,0,0,0.0,0.0,0,0,0.0,0.0
2026-07-31,01_棣栫瑪鏀炬,01_棣栨鎺堜俊,RG1,CL_01,Android,Google,02_100%鍙婁互涓?1,1,1500000.0,1500000.0,0,1,0.0,1500000.0,0,1,0.0,1500000.0
2026-08-03,01_棣栫瑪鏀炬,01_棣栨鎺堜俊,RG3,CL_05,iOS,Facebook,01_100%浠ヤ笅,1,1,1000000.0,1200000.0,0,1,0.0,1000000.0,0,1,0.0,1000000.0
2026-08-19,01_棣栫瑪鏀炬,01_棣栨鎺堜俊,RG5,CL_05,Android,Tiktok,02_100%鍙婁互涓?1,1,300000.0,300000.0,1,1,300000.0,300000.0,0,0,0.0,0.0
2026-07-11,01_棣栫瑪鏀炬,01_棣栨鎺堜俊,RG7,CL_05,Android,鍏朵粬,02_100%鍙婁互涓?1,1,300000.0,300000.0,0,1,0.0,300000.0,0,1,0.0,300000.0
2026-08-06,01_棣栫瑪鏀炬,01_棣栨鎺堜俊,RG4,CL_05,Android,Facebook,02_100%鍙婁互涓?10,10,5000000.0,5000000.0,6,10,3200000.0,5000000.0,5,10,2600000.0,5000000.0
2026-09-07,01_棣栫瑪鏀炬,01_棣栨鎺堜俊,RG2,CL_03,iOS,Organic,02_100%鍙婁互涓?1,1,1500000.0,1200000.0,0,0,0.0,0.0,0,0,0.0,0.0
2026-08-15,01_棣栫瑪鏀炬,01_棣栨鎺堜俊,RG3,CL_05,Android,Google,01_100%浠ヤ笅,2,2,800000.0,1600000.0,1,2,500000.0,800000.0,0,0,0.0,0.0
2026-08-02,01_棣栫瑪鏀炬,01_棣栨鎺堜俊,RG4,CL_05,Android,Tiktok,02_100%鍙婁互涓?9,9,5000000.0,5000000.0,4,9,2000000.0,5000000.0,3,9,1400000.0,5000000.0
2026-08-26,01_棣栫瑪鏀炬,02_闈為娆℃巿淇?RG5,CL_05,Android,Tiktok,02_100%鍙婁互涓?1,1,400000.0,400000.0,0,0,0.0,0.0,0,0,0.0,0.0
2026-09-07,01_棣栫瑪鏀炬,01_棣栨鎺堜俊,RG3,CL_05,Android,Google,01_100%浠ヤ笅,2,2,800000.0,1400000.0,0,0,0.0,0.0,0,0,0.0,0.0
2026-07-14,01_棣栫瑪鏀炬,02_闈為娆℃巿淇?RG1,CL_01,iOS,Organic,02_100%鍙婁互涓?1,1,3300000.0,3300000.0,0,1,0.0,3300000.0,0,1,0.0,3300000.0
2026-07-10,01_棣栫瑪鏀炬,01_棣栨鎺堜俊,RG4,CL_03,Android,Facebook,02_100%鍙婁互涓?4,4,2000000.0,2000000.0,2,4,1000000.0,2000000.0,2,4,1000000.0,2000000.0
2026-08-08,01_棣栫瑪鏀炬,01_棣栨鎺堜俊,RG0,CL_01,iOS,Organic,02_100%鍙婁互涓?1,1,4000000.0,4000000.0,1,1,4000000.0,4000000.0,0,1,0.0,4000000.0
2026-09-05,01_棣栫瑪鏀炬,01_棣栨鎺堜俊,RG3,CL_05,Android,Tiktok,02_100%鍙婁互涓?8,8,6600000.0,6000000.0,0,0,0.0,0.0,0,0,0.0,0.0
2026-08-16,01_棣栫瑪鏀炬,01_棣栨鎺堜俊,RG4,CL_05,Android,Google,02_100%鍙婁互涓?29,29,1.34E7,1.34E7,11,29,5400000.0,1.34E7,0,0,0.0,0.0
2026-07-12,01_棣栫瑪鏀炬,01_棣栨鎺堜俊,RG3,CL_05,iOS,Organic,02_100%鍙婁互涓?4,4,4400000.0,4400000.0,2,4,2400000.0,4400000.0,2,4,2400000.0,4400000.0
2026-08-07,01_棣栫瑪鏀炬,01_棣栨鎺堜俊,RG4,CL_03,iOS,Organic,01_100%浠ヤ笅,1,1,500000.0,600000.0,0,1,0.0,500000.0,0,1,0.0,500000.0
2026-07-14,01_棣栫瑪鏀炬,01_棣栨鎺堜俊,RG5,CL_05,Android,Organic,02_100%鍙婁互涓?1,1,300000.0,300000.0,1,1,300000.0,300000.0,1,1,300000.0,300000.0
2026-08-06,01_棣栫瑪鏀炬,01_棣栨鎺堜俊,RG5,CL_05,iOS,Tiktok,02_100%鍙婁互涓?8,8,2600000.0,2600000.0,4,8,1300000.0,2600000.0,2,8,700000.0,2600000.0
2026-07-29,01_棣栫瑪鏀炬,01_棣栨鎺堜俊,RG4,CL_05,iOS,Facebook,02_100%鍙婁互涓?2,2,1800000.0,1400000.0,0,2,0.0,1800000.0,0,2,0.0,1800000.0
2026-07-18,01_棣栫瑪鏀炬,01_棣栨鎺堜俊,RG0,CL_01,iOS,Facebook,02_100%鍙婁互涓?1,1,5200000.0,5200000.0,0,1,0.0,5200000.0,0,1,0.0,5200000.0
2026-07-28,01_棣栫瑪鏀炬,02_闈為娆℃巿淇?RG5,CL_05,iOS,ASA,02_100%鍙婁互涓?1,1,300000.0,300000.0,1,1,300000.0,300000.0,1,1,300000.0,300000.0
2026-07-24,01_棣栫瑪鏀炬,02_闈為娆℃巿淇?RG5,CL_05,iOS,Organic,02_100%鍙婁互涓?3,3,1100000.0,1100000.0,3,3,1100000.0,1100000.0,3,3,1100000.0,1100000.0
2026-08-13,01_棣栫瑪鏀炬,02_闈為娆℃巿淇?RG3,CL_05,Android,Facebook,02_100%鍙婁互涓?1,1,800000.0,800000.0,0,1,0.0,800000.0,0,1,0.0,800000.0
2026-08-03,01_棣栫瑪鏀炬,01_棣栨鎺堜俊,RG5,CL_05,iOS,Facebook,02_100%鍙婁互涓?6,6,2900000.0,2300000.0,3,6,1500000.0,2900000.0,3,6,1500000.0,2900000.0
2026-09-04,01_棣栫瑪鏀炬,01_棣栨鎺堜俊,RG4,CL_05,Android,Tiktok,01_100%浠ヤ笅,2,2,600000.0,800000.0,0,0,0.0,0.0,0,0,0.0,0.0
2026-08-16,01_棣栫瑪鏀炬,01_棣栨鎺堜俊,RG2,CL_05,Android,Tiktok,02_100%鍙婁互涓?2,2,2200000.0,2200000.0,1,2,1000000.0,2200000.0,0,0,0.0,0.0
2026-07-13,01_棣栫瑪鏀炬,01_棣栨鎺堜俊,RG2,CL_03,Android,Facebook,02_100%鍙婁互涓?4,4,4800000.0,4400000.0,2,4,2600000.0,4800000.0,2,4,2600000.0,4800000.0
2026-08-12,01_棣栫瑪鏀炬,02_闈為娆℃巿淇?RG3,CL_05,iOS,Organic,02_100%鍙婁互涓?2,2,2200000.0,2000000.0,0,2,0.0,2200000.0,0,2,0.0,2200000.0
2026-08-21,01_棣栫瑪鏀炬,01_棣栨鎺堜俊,RG4,CL_05,Android,Google,02_100%鍙婁互涓?26,26,1.14E7,1.14E7,12,26,5400000.0,1.14E7,0,0,0.0,0.0
2026-09-04,01_棣栫瑪鏀炬,01_棣栨鎺堜俊,RG4,CL_05,iOS,Facebook,02_100%鍙婁互涓?1,1,1200000.0,800000.0,0,0,0.0,0.0,0,0,0.0,0.0
2026-07-19,01_棣栫瑪鏀炬,02_闈為娆℃巿淇?RG3,CL_05,Android,Facebook,02_100%鍙婁互涓?1,1,600000.0,600000.0,0,1,0.0,600000.0,0,1,0.0,600000.0
2026-07-16,01_棣栫瑪鏀炬,02_闈為娆℃巿淇?RG7,CL_03,Android,Facebook,02_100%鍙婁互涓?1,1,300000.0,300000.0,1,1,300000.0,300000.0,1,1,300000.0,300000.0
2026-07-17,01_棣栫瑪鏀炬,02_闈為娆℃巿淇?RG3,CL_05,Android,Organic,02_100%鍙婁互涓?2,2,1400000.0,1400000.0,1,2,800000.0,1400000.0,1,2,800000.0,1400000.0
2026-08-01,01_棣栫瑪鏀炬,01_棣栨鎺堜俊,RG5,CL_04,iOS,Facebook,02_100%鍙婁互涓?1,1,700000.0,300000.0,0,1,0.0,700000.0,0,1,0.0,700000.0
2026-08-04,01_棣栫瑪鏀炬,01_棣栨鎺堜俊,RG4,CL_03,Android,Tiktok,02_100%鍙婁互涓?1,1,600000.0,600000.0,1,1,600000.0,600000.0,1,1,600000.0,600000.0
2026-08-20,01_棣栫瑪鏀炬,01_棣栨鎺堜俊,RG4,CL_05,iOS,Organic,02_100%鍙婁互涓?5,5,3800000.0,3600000.0,1,5,600000.0,3800000.0,0,0,0.0,0.0
2026-09-06,01_棣栫瑪鏀炬,01_棣栨鎺堜俊,RG3,CL_05,iOS,ASA,02_100%鍙婁互涓?2,2,2400000.0,2400000.0,0,0,0.0,0.0,0,0,0.0,0.0
2026-07-13,01_棣栫瑪鏀炬,02_闈為娆℃巿淇?RG5,CL_03,iOS,绌哄€?02_100%鍙婁互涓?1,1,300000.0,300000.0,1,1,300000.0,300000.0,0,1,0.0,300000.0
2026-08-30,01_棣栫瑪鏀炬,01_棣栨鎺堜俊,RG1,CL_01,iOS,Google,02_100%鍙婁互涓?1,1,2500000.0,2500000.0,0,0,0.0,0.0,0,0,0.0,0.0
2026-08-12,01_棣栫瑪鏀炬,01_棣栨鎺堜俊,RG4,CL_05,Android,Google,01_100%浠ヤ笅,1,1,300000.0,600000.0,0,1,0.0,300000.0,0,1,0.0,300000.0
2026-08-01,01_棣栫瑪鏀炬,02_闈為娆℃巿淇?RG5,CL_05,Android,Organic,02_100%鍙婁互涓?4,4,1500000.0,1500000.0,3,4,1100000.0,1500000.0,1,4,400000.0,1500000.0
2026-07-20,01_棣栫瑪鏀炬,01_棣栨鎺堜俊,RG2,CL_01,Android,Facebook,02_100%鍙婁互涓?5,5,7500000.0,7500000.0,2,5,3000000.0,7500000.0,1,5,1500000.0,7500000.0
2026-08-09,01_棣栫瑪鏀炬,02_闈為娆℃巿淇?RG5,CL_05,iOS,Facebook,02_100%鍙婁互涓?1,1,400000.0,400000.0,1,1,400000.0,400000.0,1,1,400000.0,400000.0
2026-08-08,01_棣栫瑪鏀炬,01_棣栨鎺堜俊,RG2,CL_07,Android,Organic,02_100%鍙婁互涓?1,1,1200000.0,1200000.0,1,1,1200000.0,1200000.0,1,1,1200000.0,1200000.0
2026-09-06,01_棣栫瑪鏀炬,01_棣栨鎺堜俊,RG4,CL_05,Android,Facebook,02_100%鍙婁互涓?8,8,3700000.0,3700000.0,0,0,0.0,0.0,0,0,0.0,0.0
2026-08-19,01_棣栫瑪鏀炬,02_闈為娆℃巿淇?RG5,CL_05,iOS,Tiktok,02_100%鍙婁互涓?1,1,400000.0,400000.0,0,1,0.0,400000.0,0,0,0.0,0.0
2026-07-21,01_棣栫瑪鏀炬,01_棣栨鎺堜俊,RG4,CL_05,iOS,ASA,02_100%鍙婁互涓?2,2,1600000.0,1600000.0,0,2,0.0,1600000.0,0,2,0.0,1600000.0
2026-08-08,01_棣栫瑪鏀炬,01_棣栨鎺堜俊,RG1,CL_01,Android,Tiktok,02_100%鍙婁互涓?1,1,1500000.0,1500000.0,0,1,0.0,1500000.0,0,1,0.0,1500000.0
2026-08-08,01_棣栫瑪鏀炬,01_棣栨鎺堜俊,RG6,CL_05,Android,Tiktok,02_100%鍙婁互涓?4,4,1200000.0,1200000.0,2,4,600000.0,1200000.0,2,4,600000.0,1200000.0
2026-08-18,01_棣栫瑪鏀炬,01_棣栨鎺堜俊,RG2,CL_07,iOS,Tiktok,02_100%鍙婁互涓?1,1,1500000.0,1500000.0,0,1,0.0,1500000.0,0,0,0.0,0.0
2026-08-02,01_棣栫瑪鏀炬,01_棣栨鎺堜俊,RG5,CL_03,Android,Tiktok,02_100%鍙婁互涓?1,1,400000.0,400000.0,1,1,400000.0,400000.0,1,1,400000.0,400000.0
2026-08-14,01_棣栫瑪鏀炬,02_闈為娆℃巿淇?RG6,CL_05,Android,Facebook,02_100%鍙婁互涓?1,1,300000.0,300000.0,0,1,0.0,300000.0,0,0,0.0,0.0
2026-07-24,01_棣栫瑪鏀炬,01_棣栨鎺堜俊,RG4,CL_05,Android,Organic,01_100%浠ヤ笅,1,1,600000.0,800000.0,1,1,600000.0,600000.0,1,1,600000.0,600000.0
2026-08-16,01_棣栫瑪鏀炬,01_棣栨鎺堜俊,RG5,CL_03,Android,Facebook,02_100%鍙婁互涓?1,1,400000.0,400000.0,0,1,0.0,400000.0,0,0,0.0,0.0
2026-08-24,01_棣栫瑪鏀炬,01_棣栨鎺堜俊,RG3,CL_04,iOS,Organic,02_100%鍙婁互涓?1,1,1600000.0,1200000.0,0,0,0.0,0.0,0,0,0.0,0.0
2026-08-24,01_棣栫瑪鏀炬,02_闈為娆℃巿淇?RG4,CL_05,Android,Google,02_100%鍙婁互涓?2,2,800000.0,800000.0,0,0,0.0,0.0,0,0,0.0,0.0
2026-08-28,01_棣栫瑪鏀炬,01_棣栨鎺堜俊,RG3,CL_05,Android,Organic,02_100%鍙婁互涓?3,3,2000000.0,2000000.0,0,0,0.0,0.0,0,0,0.0,0.0
2026-08-18,01_棣栫瑪鏀炬,02_闈為娆℃巿淇?RG4,CL_05,Android,Google,02_100%鍙婁互涓?5,5,2000000.0,2000000.0,3,5,1200000.0,2000000.0,0,0,0.0,0.0
2026-07-10,01_棣栫瑪鏀炬,01_棣栨鎺堜俊,RG3,CL_04,Android,Facebook,02_100%鍙婁互涓?6,6,4000000.0,4000000.0,3,6,2000000.0,4000000.0,3,6,2000000.0,4000000.0
2026-08-24,01_棣栫瑪鏀炬,01_棣栨鎺堜俊,RG2,CL_01,Android,Tiktok,02_100%鍙婁互涓?1,1,1500000.0,1500000.0,0,0,0.0,0.0,0,0,0.0,0.0
2026-08-22,01_棣栫瑪鏀炬,01_棣栨鎺堜俊,RG4,CL_05,Android,Google,01_100%浠ヤ笅,1,1,400000.0,600000.0,0,1,0.0,400000.0,0,0,0.0,0.0
2026-08-28,01_棣栫瑪鏀炬,01_棣栨鎺堜俊,RG5,CL_05,iOS,Tiktok,01_100%浠ヤ笅,1,1,300000.0,400000.0,0,0,0.0,0.0,0,0,0.0,0.0
2026-08-14,01_棣栫瑪鏀炬,01_棣栨鎺堜俊,RG2,CL_03,Android,Organic,02_100%鍙婁互涓?1,1,1200000.0,1000000.0,0,1,0.0,1200000.0,0,0,0.0,0.0
2026-08-19,01_棣栫瑪鏀炬,01_棣栨鎺堜俊,RG3,CL_05,iOS,Google,02_100%鍙婁互涓?1,1,1200000.0,1200000.0,0,0,0.0,0.0,0,0,0.0,0.0
2026-07-28,01_棣栫瑪鏀炬,02_闈為娆℃巿淇?RG2,CL_01,Android,Facebook,02_100%鍙婁互涓?1,1,1500000.0,1500000.0,0,1,0.0,1500000.0,0,1,0.0,1500000.0
2026-08-28,01_棣栫瑪鏀炬,01_棣栨鎺堜俊,RG3,CL_05,iOS,Tiktok,02_100%鍙婁互涓?3,3,3200000.0,3200000.0,0,0,0.0,0.0,0,0,0.0,0.0
2026-08-31,01_棣栫瑪鏀炬,01_棣栨鎺堜俊,RG2,CL_05,iOS,Facebook,02_100%鍙婁互涓?3,3,3900000.0,3600000.0,0,0,0.0,0.0,0,0,0.0,0.0
2026-08-24,01_棣栫瑪鏀炬,01_棣栨鎺堜俊,RG0,CL_01,iOS,Organic,02_100%鍙婁互涓?1,1,4000000.0,4000000.0,0,0,0.0,0.0,0,0,0.0,0.0
2026-08-20,01_棣栫瑪鏀炬,02_闈為娆℃巿淇?RG4,CL_05,Android,Google,01_100%浠ヤ笅,1,1,500000.0,600000.0,0,1,0.0,500000.0,0,0,0.0,0.0
2026-08-17,01_棣栫瑪鏀炬,02_闈為娆℃巿淇?RG3,CL_05,iOS,Tiktok,02_100%鍙婁互涓?1,1,1200000.0,1200000.0,1,1,1200000.0,1200000.0,0,0,0.0,0.0
2026-07-12,01_棣栫瑪鏀炬,01_棣栨鎺堜俊,RG2,CL_04,Android,鍏朵粬,02_100%鍙婁互涓?2,2,2600000.0,2200000.0,0,2,0.0,2600000.0,0,2,0.0,2600000.0
2026-07-22,01_棣栫瑪鏀炬,01_棣栨鎺堜俊,RG3,CL_04,iOS,Organic,02_100%鍙婁互涓?2,2,2600000.0,2000000.0,0,2,0.0,2600000.0,0,2,0.0,2600000.0
2026-08-03,01_棣栫瑪鏀炬,01_棣栨鎺堜俊,RG4,CL_05,Android,Tiktok,02_100%鍙婁互涓?4,4,2000000.0,2000000.0,2,4,800000.0,2000000.0,1,3,400000.0,1600000.0
2026-07-24,01_棣栫瑪鏀炬,01_棣栨鎺堜俊,RG4,CL_05,Android,Facebook,02_100%鍙婁互涓?13,13,6400000.0,6400000.0,7,13,3600000.0,6400000.0,6,13,3200000.0,6400000.0
2026-08-21,01_棣栫瑪鏀炬,02_闈為娆℃巿淇?RG5,CL_05,iOS,Organic,02_100%鍙婁互涓?7,7,2800000.0,2700000.0,4,6,1600000.0,2400000.0,0,0,0.0,0.0
2026-08-19,01_棣栫瑪鏀炬,01_棣栨鎺堜俊,RG5,CL_03,iOS,Facebook,02_100%鍙婁互涓?1,1,500000.0,300000.0,1,1,500000.0,500000.0,0,0,0.0,0.0
2026-08-03,01_棣栫瑪鏀炬,01_棣栨鎺堜俊,RG0,CL_01,iOS,Facebook,02_100%鍙婁互涓?1,1,4800000.0,4800000.0,0,1,0.0,4800000.0,0,1,0.0,4800000.0
2026-08-27,01_棣栫瑪鏀炬,01_棣栨鎺堜俊,RG4,CL_05,Android,Google,02_100%鍙婁互涓?9,9,3400000.0,3400000.0,0,0,0.0,0.0,0,0,0.0,0.0
2026-08-23,01_棣栫瑪鏀炬,02_闈為娆℃巿淇?RG3,CL_05,Android,Organic,02_100%鍙婁互涓?2,2,1200000.0,1200000.0,0,2,0.0,1200000.0,0,0,0.0,0.0
2026-08-17,01_棣栫瑪鏀炬,01_棣栨鎺堜俊,RG3,CL_05,Android,Tiktok,02_100%鍙婁互涓?8,8,5800000.0,5800000.0,4,8,3000000.0,5800000.0,0,0,0.0,0.0
2026-07-24,01_棣栫瑪鏀炬,01_棣栨鎺堜俊,RG5,CL_05,Android,Organic,02_100%鍙婁互涓?6,6,2300000.0,2300000.0,2,6,800000.0,2300000.0,2,6,800000.0,2300000.0
2026-07-22,01_棣栫瑪鏀炬,01_棣栨鎺堜俊,RG2,CL_05,Android,Facebook,01_100%浠ヤ笅,1,1,1000000.0,1200000.0,0,1,0.0,1000000.0,0,1,0.0,1000000.0
2026-08-22,01_棣栫瑪鏀炬,01_棣栨鎺堜俊,RG1,CL_01,iOS,ASA,02_100%鍙婁互涓?2,2,7200000.0,6600000.0,1,2,3900000.0,7200000.0,0,0,0.0,0.0
2026-08-04,01_棣栫瑪鏀炬,01_棣栨鎺堜俊,RG3,CL_05,iOS,Facebook,02_100%鍙婁互涓?3,3,3600000.0,3200000.0,1,3,800000.0,3600000.0,1,3,800000.0,3600000.0
2026-08-22,01_棣栫瑪鏀炬,01_棣栨鎺堜俊,RG3,CL_05,iOS,ASA,01_100%浠ヤ笅,1,1,600000.0,800000.0,0,1,0.0,600000.0,0,0,0.0,0.0
2026-07-15,01_棣栫瑪鏀炬,02_闈為娆℃巿淇?RG5,CL_04,iOS,Organic,02_100%鍙婁互涓?2,2,900000.0,700000.0,2,2,900000.0,900000.0,2,2,900000.0,900000.0
2026-07-14,01_棣栫瑪鏀炬,01_棣栨鎺堜俊,RG6,CL_05,Android,Organic,02_100%鍙婁互涓?1,1,300000.0,300000.0,0,1,0.0,300000.0,0,1,0.0,300000.0
2026-07-28,01_棣栫瑪鏀炬,02_闈為娆℃巿淇?RG6,CL_05,Android,Facebook,02_100%鍙婁互涓?2,2,600000.0,600000.0,1,2,300000.0,600000.0,0,2,0.0,600000.0
2026-07-23,01_棣栫瑪鏀炬,01_棣栨鎺堜俊,RG5,CL_05,iOS,Facebook,02_100%鍙婁互涓?4,4,1300000.0,1300000.0,3,4,900000.0,1300000.0,3,4,900000.0,1300000.0
2026-07-25,01_棣栫瑪鏀炬,01_棣栨鎺堜俊,RG4,CL_05,Android,Organic,02_100%鍙婁互涓?3,3,1200000.0,1200000.0,1,3,400000.0,1200000.0,1,3,400000.0,1200000.0
2026-07-14,01_棣栫瑪鏀炬,01_棣栨鎺堜俊,RG3,CL_05,Android,Facebook,02_100%鍙婁互涓?7,7,4600000.0,4600000.0,5,7,3400000.0,4600000.0,3,7,2200000.0,4600000.0
2026-08-10,01_棣栫瑪鏀炬,01_棣栨鎺堜俊,RG5,CL_05,iOS,Tiktok,02_100%鍙婁互涓?3,3,1000000.0,1000000.0,1,3,300000.0,1000000.0,0,3,0.0,1000000.0
2026-08-13,01_棣栫瑪鏀炬,01_棣栨鎺堜俊,RG4,CL_03,iOS,Organic,02_100%鍙婁互涓?1,1,800000.0,800000.0,1,1,800000.0,800000.0,1,1,800000.0,800000.0
2026-08-07,01_棣栫瑪鏀炬,01_棣栨鎺堜俊,RG2,CL_01,iOS,Facebook,02_100%鍙婁互涓?1,1,2000000.0,2000000.0,0,1,0.0,2000000.0,0,1,0.0,2000000.0
2026-09-05,01_棣栫瑪鏀炬,01_棣栨鎺堜俊,RG4,CL_05,Android,Tiktok,02_100%鍙婁互涓?11,11,4200000.0,4200000.0,0,0,0.0,0.0,0,0,0.0,0.0
2026-09-07,01_棣栫瑪鏀炬,01_棣栨鎺堜俊,RG4,CL_05,Android,Organic,02_100%鍙婁互涓?3,3,1400000.0,1400000.0,0,0,0.0,0.0,0,0,0.0,0.0
2026-08-02,01_棣栫瑪鏀炬,02_闈為娆℃巿淇?RG7,CL_05,Android,Facebook,02_100%鍙婁互涓?3,3,900000.0,900000.0,2,3,600000.0,900000.0,2,3,600000.0,900000.0
2026-08-19,01_棣栫瑪鏀炬,02_闈為娆℃巿淇?RG1,CL_01,Android,Organic,02_100%鍙婁互涓?1,1,1500000.0,1500000.0,0,1,0.0,1500000.0,0,0,0.0,0.0
2026-08-31,01_棣栫瑪鏀炬,01_棣栨鎺堜俊,RG5,CL_05,Android,Google,02_100%鍙婁互涓?1,1,300000.0,300000.0,0,0,0.0,0.0,0,0,0.0,0.0
2026-09-07,01_棣栫瑪鏀炬,02_闈為娆℃巿淇?RG2,CL_05,Android,Facebook,02_100%鍙婁互涓?2,2,2400000.0,2400000.0,0,0,0.0,0.0,0,0,0.0,0.0
2026-08-19,01_棣栫瑪鏀炬,01_棣栨鎺堜俊,RG3,CL_05,iOS,Facebook,02_100%鍙婁互涓?2,2,2600000.0,2400000.0,0,2,0.0,2600000.0,0,0,0.0,0.0
2026-07-11,01_棣栫瑪鏀炬,01_棣栨鎺堜俊,RG3,CL_05,Android,Organic,01_100%浠ヤ笅,1,1,700000.0,800000.0,1,1,700000.0,700000.0,0,1,0.0,700000.0
2026-08-09,01_棣栫瑪鏀炬,01_棣栨鎺堜俊,RG4,CL_05,iOS,Tiktok,02_100%鍙婁互涓?1,1,600000.0,600000.0,0,1,0.0,600000.0,0,1,0.0,600000.0
2026-07-30,01_棣栫瑪鏀炬,01_棣栨鎺堜俊,RG3,CL_05,Android,Facebook,02_100%鍙婁互涓?10,10,6900000.0,6800000.0,4,10,2800000.0,6900000.0,2,10,1400000.0,6900000.0
2026-07-17,01_棣栫瑪鏀炬,02_闈為娆℃巿淇?RG5,CL_05,iOS,绌哄€?02_100%鍙婁互涓?1,1,400000.0,400000.0,1,1,400000.0,400000.0,1,1,400000.0,400000.0
2026-07-31,01_棣栫瑪鏀炬,01_棣栨鎺堜俊,RG5,CL_05,Android,Google,02_100%鍙婁互涓?11,11,4000000.0,4000000.0,4,11,1500000.0,4000000.0,3,11,1200000.0,4000000.0
2026-08-18,01_棣栫瑪鏀炬,01_棣栨鎺堜俊,RG2,CL_03,Android,Facebook,02_100%鍙婁互涓?1,1,1400000.0,1200000.0,0,1,0.0,1400000.0,0,0,0.0,0.0
2026-08-20,01_棣栫瑪鏀炬,02_闈為娆℃巿淇?RG4,CL_05,Android,Facebook,01_100%浠ヤ笅,1,1,300000.0,600000.0,0,1,0.0,300000.0,0,0,0.0,0.0
2026-07-27,01_棣栫瑪鏀炬,01_棣栨鎺堜俊,RG2,CL_07,Android,Tiktok,02_100%鍙婁互涓?1,1,1200000.0,1200000.0,0,1,0.0,1200000.0,0,1,0.0,1200000.0
2026-07-31,01_棣栫瑪鏀炬,01_棣栨鎺堜俊,RG3,CL_05,Android,Facebook,01_100%浠ヤ笅,1,1,400000.0,800000.0,0,1,0.0,400000.0,0,1,0.0,400000.0
2026-07-16,01_棣栫瑪鏀炬,02_闈為娆℃巿淇?RG4,CL_05,iOS,绌哄€?02_100%鍙婁互涓?1,1,800000.0,800000.0,0,1,0.0,800000.0,0,1,0.0,800000.0
2026-08-30,01_棣栫瑪鏀炬,02_闈為娆℃巿淇?RG4,CL_05,Android,Organic,02_100%鍙婁互涓?1,1,600000.0,600000.0,0,0,0.0,0.0,0,0,0.0,0.0
2026-08-16,01_棣栫瑪鏀炬,01_棣栨鎺堜俊,RG3,CL_05,Android,Google,02_100%鍙婁互涓?12,12,8400000.0,8400000.0,6,12,4000000.0,8400000.0,0,0,0.0,0.0
2026-08-07,01_棣栫瑪鏀炬,01_棣栨鎺堜俊,RG2,CL_05,Android,Google,02_100%鍙婁互涓?4,4,4600000.0,4400000.0,2,4,2200000.0,4600000.0,2,4,2200000.0,4600000.0
2026-08-07,01_棣栫瑪鏀炬,01_棣栨鎺堜俊,RG4,CL_05,iOS,Facebook,01_100%浠ヤ笅,1,1,500000.0,800000.0,0,1,0.0,500000.0,0,1,0.0,500000.0
2026-08-21,01_棣栫瑪鏀炬,01_棣栨鎺堜俊,RG3,CL_05,Android,Organic,01_100%浠ヤ笅,1,1,300000.0,800000.0,0,1,0.0,300000.0,0,0,0.0,0.0
2026-08-20,01_棣栫瑪鏀炬,02_闈為娆℃巿淇?RG5,CL_05,Android,Facebook,02_100%鍙婁互涓?3,3,1000000.0,1000000.0,1,3,300000.0,1000000.0,0,0,0.0,0.0
2026-08-22,01_棣栫瑪鏀炬,01_棣栨鎺堜俊,RG3,CL_05,Android,Organic,02_100%鍙婁互涓?2,2,1800000.0,1600000.0,1,2,1000000.0,1800000.0,0,0,0.0,0.0
2026-08-23,01_棣栫瑪鏀炬,02_闈為娆℃巿淇?RG5,CL_05,Android,Facebook,02_100%鍙婁互涓?2,2,600000.0,600000.0,0,2,0.0,600000.0,0,0,0.0,0.0
2026-08-09,01_棣栫瑪鏀炬,01_棣栨鎺堜俊,RG6,CL_05,Android,Facebook,02_100%鍙婁互涓?3,3,900000.0,900000.0,1,3,300000.0,900000.0,0,3,0.0,900000.0
2026-07-22,01_棣栫瑪鏀炬,01_棣栨鎺堜俊,RG2,CL_01,Android,Tiktok,02_100%鍙婁互涓?1,1,1500000.0,1500000.0,1,1,1500000.0,1500000.0,1,1,1500000.0,1500000.0
2026-07-23,01_棣栫瑪鏀炬,01_棣栨鎺堜俊,RG4,CL_05,iOS,Organic,02_100%鍙婁互涓?6,6,4200000.0,4200000.0,5,6,3600000.0,4200000.0,5,6,3600000.0,4200000.0
2026-07-30,01_棣栫瑪鏀炬,01_棣栨鎺堜俊,RG5,CL_05,Android,Google,01_100%浠ヤ笅,1,1,300000.0,400000.0,1,1,300000.0,300000.0,0,1,0.0,300000.0
2026-08-04,01_棣栫瑪鏀炬,01_棣栨鎺堜俊,RG5,CL_05,Android,Tiktok,02_100%鍙婁互涓?5,5,1900000.0,1900000.0,2,5,800000.0,1900000.0,1,5,400000.0,1900000.0
2026-07-16,01_棣栫瑪鏀炬,01_棣栨鎺堜俊,RG3,CL_03,iOS,Organic,02_100%鍙婁互涓?2,2,3100000.0,2500000.0,1,2,1200000.0,3100000.0,1,2,1200000.0,3100000.0
2026-07-16,01_棣栫瑪鏀炬,01_棣栨鎺堜俊,RG3,CL_03,Android,Tiktok,02_100%鍙婁互涓?1,1,600000.0,600000.0,1,1,600000.0,600000.0,1,1,600000.0,600000.0
2026-07-14,01_棣栫瑪鏀炬,01_棣栨鎺堜俊,RG4,CL_03,Android,Organic,02_100%鍙婁互涓?3,3,1400000.0,1400000.0,3,3,1400000.0,1400000.0,2,3,800000.0,1400000.0
2026-09-05,01_棣栫瑪鏀炬,02_闈為娆℃巿淇?RG5,CL_05,iOS,ASA,02_100%鍙婁互涓?1,1,400000.0,400000.0,0,0,0.0,0.0,0,0,0.0,0.0
2026-09-04,01_棣栫瑪鏀炬,01_棣栨鎺堜俊,RG3,CL_05,Android,Tiktok,01_100%浠ヤ笅,1,1,300000.0,600000.0,0,0,0.0,0.0,0,0,0.0,0.0
2026-08-24,01_棣栫瑪鏀炬,01_棣栨鎺堜俊,RG2,CL_05,iOS,Tiktok,02_100%鍙婁互涓?1,1,2100000.0,1500000.0,0,0,0.0,0.0,0,0,0.0,0.0
2026-07-22,01_棣栫瑪鏀炬,02_闈為娆℃巿淇?RG3,CL_05,Android,Facebook,02_100%鍙婁互涓?2,2,1400000.0,1400000.0,1,2,800000.0,1400000.0,1,2,800000.0,1400000.0
2026-07-21,01_棣栫瑪鏀炬,01_棣栨鎺堜俊,RG3,CL_05,Android,Facebook,02_100%鍙婁互涓?10,10,7500000.0,7400000.0,5,10,3600000.0,7500000.0,5,10,3600000.0,7500000.0
2026-08-08,01_棣栫瑪鏀炬,01_棣栨鎺堜俊,RG1,CL_01,iOS,Organic,02_100%鍙婁互涓?3,3,7500000.0,7500000.0,0,3,0.0,7500000.0,0,3,0.0,7500000.0
2026-08-11,01_棣栫瑪鏀炬,01_棣栨鎺堜俊,RG1,CL_01,iOS,Tiktok,02_100%鍙婁互涓?3,3,7500000.0,7500000.0,0,3,0.0,7500000.0,0,3,0.0,7500000.0
2026-07-12,01_棣栫瑪鏀炬,01_棣栨鎺堜俊,RG2,CL_05,Android,Facebook,02_100%鍙婁互涓?2,2,2200000.0,2200000.0,1,2,1000000.0,2200000.0,1,2,1000000.0,2200000.0
2026-07-21,01_棣栫瑪鏀炬,01_棣栨鎺堜俊,RG0,CL_01,Android,Organic,02_100%鍙婁互涓?1,1,4000000.0,4000000.0,0,1,0.0,4000000.0,0,1,0.0,4000000.0
2026-08-10,01_棣栫瑪鏀炬,01_棣栨鎺堜俊,RG4,CL_05,iOS,ASA,02_100%鍙婁互涓?1,1,1200000.0,800000.0,0,1,0.0,1200000.0,0,1,0.0,1200000.0
2026-08-23,01_棣栫瑪鏀炬,01_棣栨鎺堜俊,RG4,CL_05,iOS,Organic,02_100%鍙婁互涓?3,3,2600000.0,2400000.0,2,3,1600000.0,2600000.0,0,0,0.0,0.0
2026-08-24,01_棣栫瑪鏀炬,01_棣栨鎺堜俊,RG5,CL_05,iOS,Facebook,01_100%浠ヤ笅,1,1,300000.0,400000.0,0,0,0.0,0.0,0,0,0.0,0.0
2026-08-19,01_棣栫瑪鏀炬,02_闈為娆℃巿淇?RG4,CL_05,Android,Facebook,02_100%鍙婁互涓?1,1,400000.0,400000.0,1,1,400000.0,400000.0,0,0,0.0,0.0
2026-07-24,01_棣栫瑪鏀炬,01_棣栨鎺堜俊,RG4,CL_05,Android,Google,02_100%鍙婁互涓?16,16,8200000.0,8200000.0,9,16,4200000.0,8200000.0,7,16,3400000.0,8200000.0
2026-07-12,01_棣栫瑪鏀炬,01_棣栨鎺堜俊,RG4,CL_05,Android,Tiktok,02_100%鍙婁互涓?1,1,600000.0,600000.0,0,1,0.0,600000.0,0,1,0.0,600000.0
2026-09-05,01_棣栫瑪鏀炬,01_棣栨鎺堜俊,RG4,CL_04,iOS,Organic,01_100%浠ヤ笅,1,1,500000.0,800000.0,0,0,0.0,0.0,0,0,0.0,0.0
2026-09-07,01_棣栫瑪鏀炬,01_棣栨鎺堜俊,RG5,CL_05,Android,Google,02_100%鍙婁互涓?2,2,600000.0,600000.0,0,0,0.0,0.0,0,0,0.0,0.0
2026-07-23,01_棣栫瑪鏀炬,01_棣栨鎺堜俊,RG0,CL_01,iOS,Facebook,02_100%鍙婁互涓?2,2,1.0E7,8000000.0,0,2,0.0,1.0E7,0,2,0.0,1.0E7
2026-07-16,01_棣栫瑪鏀炬,01_棣栨鎺堜俊,RG4,CL_05,iOS,Facebook,02_100%鍙婁互涓?2,2,1400000.0,1400000.0,0,2,0.0,1400000.0,0,2,0.0,1400000.0
2026-08-17,01_棣栫瑪鏀炬,01_棣栨鎺堜俊,RG2,CL_05,Android,Facebook,02_100%鍙婁互涓?4,4,4400000.0,4000000.0,1,4,1000000.0,4400000.0,0,0,0.0,0.0
2026-08-09,01_棣栫瑪鏀炬,01_棣栨鎺堜俊,RG3,CL_05,iOS,Tiktok,02_100%鍙婁互涓?3,3,2800000.0,2400000.0,2,3,2000000.0,2800000.0,2,3,2000000.0,2800000.0
2026-07-15,01_棣栫瑪鏀炬,01_棣栨鎺堜俊,RG2,CL_01,Android,Facebook,02_100%鍙婁互涓?9,9,1.44E7,1.35E7,4,9,6600000.0,1.44E7,4,9,6600000.0,1.44E7
2026-08-12,01_棣栫瑪鏀炬,01_棣栨鎺堜俊,RG2,CL_01,Android,Facebook,02_100%鍙婁互涓?1,1,2400000.0,2400000.0,0,1,0.0,2400000.0,0,1,0.0,2400000.0
2026-08-09,01_棣栫瑪鏀炬,02_闈為娆℃巿淇?RG3,CL_05,Android,Tiktok,02_100%鍙婁互涓?1,1,800000.0,800000.0,1,1,800000.0,800000.0,1,1,800000.0,800000.0
2026-08-08,01_棣栫瑪鏀炬,01_棣栨鎺堜俊,RG4,CL_05,iOS,Facebook,02_100%鍙婁互涓?2,2,2000000.0,1600000.0,1,2,800000.0,2000000.0,0,2,0.0,2000000.0
2026-08-10,01_棣栫瑪鏀炬,01_棣栨鎺堜俊,RG1,CL_01,Android,Organic,02_100%鍙婁互涓?2,2,3500000.0,3000000.0,0,2,0.0,3500000.0,0,2,0.0,3500000.0
2026-07-16,01_棣栫瑪鏀炬,01_棣栨鎺堜俊,RG4,CL_03,iOS,Organic,02_100%鍙婁互涓?1,1,800000.0,800000.0,0,1,0.0,800000.0,0,1,0.0,800000.0
2026-07-31,01_棣栫瑪鏀炬,01_棣栨鎺堜俊,RG4,CL_03,iOS,ASA,02_100%鍙婁互涓?1,1,1000000.0,800000.0,1,1,1000000.0,1000000.0,0,1,0.0,1000000.0
2026-08-01,01_棣栫瑪鏀炬,02_闈為娆℃巿淇?RG4,CL_05,Android,Facebook,02_100%鍙婁互涓?7,7,3600000.0,3600000.0,5,7,2600000.0,3600000.0,3,7,1600000.0,3600000.0
2026-07-28,01_棣栫瑪鏀炬,01_棣栨鎺堜俊,RG2,CL_01,iOS,Facebook,02_100%鍙婁互涓?1,1,2000000.0,2000000.0,0,1,0.0,2000000.0,0,1,0.0,2000000.0
2026-08-01,01_棣栫瑪鏀炬,01_棣栨鎺堜俊,RG3,CL_05,iOS,Facebook,02_100%鍙婁互涓?2,2,2400000.0,2000000.0,1,2,1600000.0,2400000.0,1,2,1600000.0,2400000.0
2026-07-19,01_棣栫瑪鏀炬,02_闈為娆℃巿淇?RG4,CL_05,Android,Facebook,02_100%鍙婁互涓?4,4,2000000.0,2000000.0,2,4,800000.0,2000000.0,2,4,800000.0,2000000.0
2026-08-19,01_棣栫瑪鏀炬,01_棣栨鎺堜俊,RG5,CL_03,Android,Facebook,02_100%鍙婁互涓?1,1,400000.0,400000.0,1,1,400000.0,400000.0,0,0,0.0,0.0
2026-08-24,01_棣栫瑪鏀炬,01_棣栨鎺堜俊,RG2,CL_05,iOS,Organic,02_100%鍙婁互涓?3,3,4500000.0,4200000.0,0,0,0.0,0.0,0,0,0.0,0.0
2026-07-14,01_棣栫瑪鏀炬,02_闈為娆℃巿淇?RG7,CL_03,Android,Facebook,02_100%鍙婁互涓?1,1,300000.0,300000.0,1,1,300000.0,300000.0,1,1,300000.0,300000.0
2026-07-31,01_棣栫瑪鏀炬,01_棣栨鎺堜俊,RG3,CL_05,iOS,Organic,02_100%鍙婁互涓?3,3,3800000.0,3600000.0,0,3,0.0,3800000.0,0,3,0.0,3800000.0
2026-07-25,01_棣栫瑪鏀炬,02_闈為娆℃巿淇?RG5,CL_05,Android,Facebook,02_100%鍙婁互涓?10,10,3600000.0,3600000.0,7,10,2600000.0,3600000.0,7,10,2600000.0,3600000.0
2026-07-16,01_棣栫瑪鏀炬,02_闈為娆℃巿淇?RG5,CL_05,iOS,Organic,02_100%鍙婁互涓?3,3,1100000.0,1100000.0,1,3,300000.0,1100000.0,1,3,300000.0,1100000.0
2026-08-16,01_棣栫瑪鏀炬,01_棣栨鎺堜俊,RG1,CL_01,iOS,Organic,02_100%鍙婁互涓?2,2,5500000.0,5000000.0,0,2,0.0,5500000.0,0,0,0.0,0.0
2026-08-18,01_棣栫瑪鏀炬,01_棣栨鎺堜俊,RG5,CL_05,Android,Google,01_100%浠ヤ笅,2,2,600000.0,800000.0,2,2,600000.0,600000.0,0,0,0.0,0.0
2026-07-28,01_棣栫瑪鏀炬,01_棣栨鎺堜俊,RG4,CL_05,Android,Organic,02_100%鍙婁互涓?7,7,4000000.0,4000000.0,7,7,4000000.0,4000000.0,7,7,4000000.0,4000000.0
2026-07-20,01_棣栫瑪鏀炬,02_闈為娆℃巿淇?RG3,CL_05,Android,鍏朵粬,02_100%鍙婁互涓?1,1,600000.0,600000.0,1,1,600000.0,600000.0,1,1,600000.0,600000.0
2026-08-10,01_棣栫瑪鏀炬,02_闈為娆℃巿淇?RG3,CL_05,Android,Facebook,02_100%鍙婁互涓?3,3,1800000.0,1800000.0,1,3,600000.0,1800000.0,1,3,600000.0,1800000.0
2026-08-29,01_棣栫瑪鏀炬,01_棣栨鎺堜俊,RG3,CL_05,Android,Facebook,02_100%鍙婁互涓?10,10,7000000.0,6600000.0,0,0,0.0,0.0,0,0,0.0,0.0
2026-07-26,01_棣栫瑪鏀炬,01_棣栨鎺堜俊,RG2,CL_05,Android,Facebook,02_100%鍙婁互涓?3,3,3800000.0,3400000.0,0,3,0.0,3800000.0,0,3,0.0,3800000.0
2026-07-16,01_棣栫瑪鏀炬,02_闈為娆℃巿淇?RG3,CL_03,iOS,Organic,02_100%鍙婁互涓?3,3,3200000.0,3200000.0,2,3,2000000.0,3200000.0,1,3,800000.0,3200000.0
2026-07-27,01_棣栫瑪鏀炬,02_闈為娆℃巿淇?RG4,CL_05,Android,Facebook,02_100%鍙婁互涓?10,10,5600000.0,5600000.0,4,10,2400000.0,5600000.0,3,10,1800000.0,5600000.0
2026-08-12,01_棣栫瑪鏀炬,02_闈為娆℃巿淇?RG4,CL_05,Android,Organic,02_100%鍙婁互涓?2,2,1000000.0,1000000.0,1,2,400000.0,1000000.0,1,2,400000.0,1000000.0
2026-08-14,01_棣栫瑪鏀炬,01_棣栨鎺堜俊,RG1,CL_01,iOS,Tiktok,01_100%浠ヤ笅,1,1,3000000.0,3300000.0,0,1,0.0,3000000.0,0,0,0.0,0.0
2026-08-19,01_棣栫瑪鏀炬,01_棣栨鎺堜俊,RG6,CL_04,Android,Facebook,02_100%鍙婁互涓?1,1,300000.0,300000.0,1,1,300000.0,300000.0,0,0,0.0,0.0
2026-08-03,01_棣栫瑪鏀炬,01_棣栨鎺堜俊,RG3,CL_05,iOS,Tiktok,02_100%鍙婁互涓?3,3,2800000.0,2800000.0,3,3,2800000.0,2800000.0,1,3,1200000.0,2800000.0
2026-07-27,01_棣栫瑪鏀炬,01_棣栨鎺堜俊,RG3,CL_05,iOS,Facebook,02_100%鍙婁互涓?4,4,5000000.0,4800000.0,3,4,3800000.0,5000000.0,3,4,3800000.0,5000000.0
2026-07-24,01_棣栫瑪鏀炬,01_棣栨鎺堜俊,RG7,CL_05,Android,Tiktok,02_100%鍙婁互涓?2,2,600000.0,600000.0,1,2,300000.0,600000.0,1,2,300000.0,600000.0
2026-07-18,01_棣栫瑪鏀炬,01_棣栨鎺堜俊,RG2,CL_01,Android,Facebook,02_100%鍙婁互涓?3,3,4500000.0,4500000.0,1,3,1500000.0,4500000.0,1,3,1500000.0,4500000.0
2026-08-25,01_棣栫瑪鏀炬,02_闈為娆℃巿淇?RG4,CL_05,Android,Organic,02_100%鍙婁互涓?3,3,1200000.0,1200000.0,0,0,0.0,0.0,0,0,0.0,0.0
2026-08-23,01_棣栫瑪鏀炬,01_棣栨鎺堜俊,RG4,CL_05,iOS,Tiktok,02_100%鍙婁互涓?2,2,1200000.0,1200000.0,1,2,600000.0,1200000.0,0,0,0.0,0.0
2026-07-15,01_棣栫瑪鏀炬,01_棣栨鎺堜俊,RG2,CL_03,Android,Organic,02_100%鍙婁互涓?1,1,1000000.0,1000000.0,0,1,0.0,1000000.0,0,1,0.0,1000000.0
2026-07-30,01_棣栫瑪鏀炬,02_闈為娆℃巿淇?RG4,CL_05,Android,Organic,01_100%浠ヤ笅,1,1,400000.0,600000.0,0,1,0.0,400000.0,0,1,0.0,400000.0
2026-07-15,01_棣栫瑪鏀炬,01_棣栨鎺堜俊,RG3,CL_05,Android,Tiktok,02_100%鍙婁互涓?1,1,800000.0,800000.0,1,1,800000.0,800000.0,1,1,800000.0,800000.0
2026-07-20,01_棣栫瑪鏀炬,01_棣栨鎺堜俊,RG5,CL_05,iOS,Facebook,02_100%鍙婁互涓?4,4,1900000.0,1500000.0,4,4,1900000.0,1900000.0,2,4,1200000.0,1900000.0
2026-07-16,01_棣栫瑪鏀炬,01_棣栨鎺堜俊,RG3,CL_05,Android,Facebook,02_100%鍙婁互涓?6,6,4200000.0,4200000.0,2,6,1400000.0,4200000.0,2,6,1400000.0,4200000.0
2026-08-13,01_棣栫瑪鏀炬,01_棣栨鎺堜俊,RG5,CL_05,iOS,Tiktok,02_100%鍙婁互涓?3,3,1500000.0,1100000.0,2,3,700000.0,1500000.0,1,3,300000.0,1500000.0
2026-08-18,01_棣栫瑪鏀炬,01_棣栨鎺堜俊,RG4,CL_05,Android,Facebook,02_100%鍙婁互涓?21,21,1.01E7,1.01E7,8,21,3800000.0,1.01E7,0,0,0.0,0.0
2026-08-27,01_棣栫瑪鏀炬,01_棣栨鎺堜俊,RG1,CL_01,iOS,Organic,02_100%鍙婁互涓?2,2,8200000.0,5800000.0,0,0,0.0,0.0,0,0,0.0,0.0
2026-07-30,01_棣栫瑪鏀炬,01_棣栨鎺堜俊,RG5,CL_05,iOS,Organic,02_100%鍙婁互涓?27,27,1.05E7,9700000.0,10,27,3600000.0,1.05E7,9,27,3200000.0,1.05E7
2026-08-21,01_棣栫瑪鏀炬,02_闈為娆℃巿淇?RG3,CL_05,Android,Facebook,02_100%鍙婁互涓?2,2,1400000.0,1400000.0,1,1,600000.0,600000.0,0,0,0.0,0.0
2026-08-31,01_棣栫瑪鏀炬,01_棣栨鎺堜俊,RG4,CL_05,Android,Tiktok,02_100%鍙婁互涓?4,4,2000000.0,2000000.0,0,0,0.0,0.0,0,0,0.0,0.0
2026-08-19,01_棣栫瑪鏀炬,02_闈為娆℃巿淇?RG1,CL_01,Android,Tiktok,02_100%鍙婁互涓?1,1,1500000.0,1500000.0,1,1,1500000.0,1500000.0,0,0,0.0,0.0
2026-09-03,01_棣栫瑪鏀炬,02_闈為娆℃巿淇?RG4,CL_05,iOS,Facebook,02_100%鍙婁互涓?1,1,600000.0,600000.0,0,0,0.0,0.0,0,0,0.0,0.0
2026-08-24,01_棣栫瑪鏀炬,02_闈為娆℃巿淇?RG5,CL_05,iOS,Organic,02_100%鍙婁互涓?6,6,2400000.0,2400000.0,0,0,0.0,0.0,0,0,0.0,0.0
2026-08-05,01_棣栫瑪鏀炬,01_棣栨鎺堜俊,RG3,CL_05,Android,Tiktok,02_100%鍙婁互涓?8,8,5600000.0,5600000.0,5,8,3200000.0,5600000.0,5,8,3200000.0,5600000.0
2026-08-24,01_棣栫瑪鏀炬,02_闈為娆℃巿淇?RG4,CL_05,iOS,Facebook,02_100%鍙婁互涓?1,1,800000.0,800000.0,0,0,0.0,0.0,0,0,0.0,0.0
2026-07-16,01_棣栫瑪鏀炬,01_棣栨鎺堜俊,RG7,CL_03,Android,Facebook,02_100%鍙婁互涓?3,3,900000.0,900000.0,1,3,300000.0,900000.0,1,3,300000.0,900000.0
2026-08-11,01_棣栫瑪鏀炬,02_闈為娆℃巿淇?RG4,CL_05,Android,Google,02_100%鍙婁互涓?1,1,600000.0,600000.0,1,1,600000.0,600000.0,0,1,0.0,600000.0
2026-08-01,01_棣栫瑪鏀炬,01_棣栨鎺堜俊,RG6,CL_05,Android,Organic,02_100%鍙婁互涓?2,2,600000.0,600000.0,2,2,600000.0,600000.0,2,2,600000.0,600000.0
2026-07-11,01_棣栫瑪鏀炬,02_闈為娆℃巿淇?RG3,CL_03,Android,Facebook,01_100%浠ヤ笅,1,1,300000.0,800000.0,1,1,300000.0,300000.0,1,1,300000.0,300000.0
2026-08-07,01_棣栫瑪鏀炬,01_棣栨鎺堜俊,RG3,CL_05,iOS,Tiktok,02_100%鍙婁互涓?3,3,2400000.0,2400000.0,0,3,0.0,2400000.0,0,3,0.0,2400000.0
2026-08-28,01_棣栫瑪鏀炬,01_棣栨鎺堜俊,RG5,CL_03,iOS,Organic,02_100%鍙婁互涓?1,1,400000.0,400000.0,0,0,0.0,0.0,0,0,0.0,0.0
2026-08-06,01_棣栫瑪鏀炬,02_闈為娆℃巿淇?RG4,CL_05,Android,Facebook,02_100%鍙婁互涓?6,6,2400000.0,2400000.0,4,6,1600000.0,2400000.0,3,6,1200000.0,2400000.0
2026-08-10,01_棣栫瑪鏀炬,02_闈為娆℃巿淇?RG3,CL_05,Android,Google,02_100%鍙婁互涓?1,1,600000.0,600000.0,1,1,600000.0,600000.0,1,1,600000.0,600000.0
2026-07-10,01_棣栫瑪鏀炬,02_闈為娆℃巿淇?RG7,CL_03,Android,Organic,02_100%鍙婁互涓?1,1,300000.0,300000.0,0,1,0.0,300000.0,0,1,0.0,300000.0
2026-07-10,01_棣栫瑪鏀炬,01_棣栨鎺堜俊,RG4,CL_05,Android,Tiktok,02_100%鍙婁互涓?3,3,1600000.0,1600000.0,1,3,600000.0,1600000.0,1,3,600000.0,1600000.0
2026-07-21,01_棣栫瑪鏀炬,01_棣栨鎺堜俊,RG5,CL_05,iOS,Organic,02_100%鍙婁互涓?16,16,5500000.0,5500000.0,10,16,3500000.0,5500000.0,8,16,2800000.0,5500000.0
2026-07-12,01_棣栫瑪鏀炬,01_棣栨鎺堜俊,RG3,CL_04,Android,Facebook,02_100%鍙婁互涓?4,4,2600000.0,2600000.0,1,4,600000.0,2600000.0,1,4,600000.0,2600000.0
2026-08-14,01_棣栫瑪鏀炬,01_棣栨鎺堜俊,RG4,CL_05,Android,Organic,02_100%鍙婁互涓?1,1,600000.0,600000.0,0,1,0.0,600000.0,0,0,0.0,0.0
2026-07-15,01_棣栫瑪鏀炬,02_闈為娆℃巿淇?RG2,CL_01,Android,Facebook,02_100%鍙婁互涓?1,1,1500000.0,1500000.0,0,1,0.0,1500000.0,0,1,0.0,1500000.0
2026-08-27,01_棣栫瑪鏀炬,01_棣栨鎺堜俊,RG5,CL_05,iOS,Organic,02_100%鍙婁互涓?2,2,1000000.0,800000.0,0,0,0.0,0.0,0,0,0.0,0.0
2026-08-01,01_棣栫瑪鏀炬,02_闈為娆℃巿淇?RG3,CL_05,iOS,Facebook,02_100%鍙婁互涓?1,1,1200000.0,800000.0,1,1,1200000.0,1200000.0,1,1,1200000.0,1200000.0
2026-07-23,01_棣栫瑪鏀炬,01_棣栨鎺堜俊,RG6,CL_05,Android,Facebook,02_100%鍙婁互涓?4,4,1300000.0,1300000.0,2,4,700000.0,1300000.0,2,4,700000.0,1300000.0
2026-07-30,01_棣栫瑪鏀炬,01_棣栨鎺堜俊,RG4,CL_05,iOS,Facebook,02_100%鍙婁互涓?1,1,800000.0,800000.0,1,1,800000.0,800000.0,0,1,0.0,800000.0
2026-08-22,01_棣栫瑪鏀炬,01_棣栨鎺堜俊,RG3,CL_05,iOS,Organic,02_100%鍙婁互涓?3,3,2800000.0,2400000.0,1,3,800000.0,2800000.0,0,0,0.0,0.0
2026-09-07,01_棣栫瑪鏀炬,01_棣栨鎺堜俊,RG3,CL_05,iOS,Organic,02_100%鍙婁互涓?3,3,3600000.0,3600000.0,0,0,0.0,0.0,0,0,0.0,0.0
2026-09-06,01_棣栫瑪鏀炬,01_棣栨鎺堜俊,RG1,CL_01,Android,Tiktok,02_100%鍙婁互涓?3,3,5500000.0,5500000.0,0,0,0.0,0.0,0,0,0.0,0.0
2026-09-05,01_棣栫瑪鏀炬,01_棣栨鎺堜俊,RG1,CL_01,Android,Google,02_100%鍙婁互涓?6,6,1.2E7,1.1E7,0,0,0.0,0.0,0,0,0.0,0.0
2026-07-21,01_棣栫瑪鏀炬,01_棣栨鎺堜俊,RG4,CL_05,iOS,Facebook,02_100%鍙婁互涓?3,3,2400000.0,2000000.0,1,3,1000000.0,2400000.0,1,3,1000000.0,2400000.0
2026-07-13,01_棣栫瑪鏀炬,01_棣栨鎺堜俊,RG2,CL_01,Android,Organic,02_100%鍙婁互涓?1,1,1500000.0,1500000.0,0,1,0.0,1500000.0,0,1,0.0,1500000.0
2026-09-06,01_棣栫瑪鏀炬,01_棣栨鎺堜俊,RG5,CL_05,iOS,Organic,02_100%鍙婁互涓?5,5,2000000.0,2000000.0,0,0,0.0,0.0,0,0,0.0,0.0
2026-09-06,01_棣栫瑪鏀炬,01_棣栨鎺堜俊,RG0,CL_06,iOS,Facebook,01_100%浠ヤ笅,1,1,5000000.0,6000000.0,0,0,0.0,0.0,0,0,0.0,0.0
2026-08-05,01_棣栫瑪鏀炬,02_闈為娆℃巿淇?RG5,CL_05,Android,Facebook,02_100%鍙婁互涓?6,6,2200000.0,2200000.0,3,6,1100000.0,2200000.0,2,6,800000.0,2200000.0
2026-09-05,01_棣栫瑪鏀炬,02_闈為娆℃巿淇?RG3,CL_05,iOS,Organic,02_100%鍙婁互涓?1,1,1200000.0,1200000.0,0,0,0.0,0.0,0,0,0.0,0.0
2026-09-06,01_棣栫瑪鏀炬,01_棣栨鎺堜俊,RG2,CL_07,Android,Organic,02_100%鍙婁互涓?1,1,1500000.0,1200000.0,0,0,0.0,0.0,0,0,0.0,0.0
2026-08-10,01_棣栫瑪鏀炬,01_棣栨鎺堜俊,RG5,CL_05,Android,Tiktok,02_100%鍙婁互涓?4,4,1600000.0,1600000.0,3,4,1200000.0,1600000.0,3,4,1200000.0,1600000.0
2026-08-31,01_棣栫瑪鏀炬,02_闈為娆℃巿淇?RG4,CL_05,Android,Organic,02_100%鍙婁互涓?2,2,800000.0,800000.0,0,0,0.0,0.0,0,0,0.0,0.0
2026-07-21,01_棣栫瑪鏀炬,02_闈為娆℃巿淇?RG5,CL_03,Android,Facebook,02_100%鍙婁互涓?1,1,400000.0,400000.0,1,1,400000.0,400000.0,1,1,400000.0,400000.0
2026-09-04,01_棣栫瑪鏀炬,01_棣栨鎺堜俊,RG3,CL_05,Android,Facebook,02_100%鍙婁互涓?11,11,7900000.0,7600000.0,0,0,0.0,0.0,0,0,0.0,0.0
2026-08-03,01_棣栫瑪鏀炬,02_闈為娆℃巿淇?RG4,CL_05,Android,Tiktok,02_100%鍙婁互涓?2,2,1000000.0,1000000.0,0,2,0.0,1000000.0,0,2,0.0,1000000.0
2026-09-02,01_棣栫瑪鏀炬,01_棣栨鎺堜俊,RG3,CL_05,Android,Google,01_100%浠ヤ笅,1,1,500000.0,800000.0,0,0,0.0,0.0,0,0,0.0,0.0
2026-08-07,01_棣栫瑪鏀炬,01_棣栨鎺堜俊,RG4,CL_05,Android,Organic,02_100%鍙婁互涓?6,6,3000000.0,3000000.0,2,6,1200000.0,3000000.0,2,6,1200000.0,3000000.0
2026-08-22,01_棣栫瑪鏀炬,02_闈為娆℃巿淇?RG5,CL_05,Android,Facebook,02_100%鍙婁互涓?2,2,600000.0,600000.0,1,2,300000.0,600000.0,0,0,0.0,0.0
2026-07-27,01_棣栫瑪鏀炬,01_棣栨鎺堜俊,RG3,CL_03,Android,Tiktok,02_100%鍙婁互涓?1,1,800000.0,600000.0,0,1,0.0,800000.0,0,1,0.0,800000.0
2026-09-02,01_棣栫瑪鏀炬,02_闈為娆℃巿淇?RG4,CL_05,iOS,Organic,02_100%鍙婁互涓?1,1,800000.0,800000.0,0,0,0.0,0.0,0,0,0.0,0.0
2026-07-11,01_棣栫瑪鏀炬,02_闈為娆℃巿淇?RG5,CL_04,iOS,ASA,02_100%鍙婁互涓?1,1,400000.0,400000.0,0,1,0.0,400000.0,0,1,0.0,400000.0
2026-07-14,01_棣栫瑪鏀炬,01_棣栨鎺堜俊,RG5,CL_05,iOS,Organic,02_100%鍙婁互涓?2,2,700000.0,700000.0,0,2,0.0,700000.0,0,2,0.0,700000.0
2026-08-08,01_棣栫瑪鏀炬,01_棣栨鎺堜俊,RG2,CL_07,iOS,Organic,02_100%鍙婁互涓?1,1,1500000.0,1500000.0,1,1,1500000.0,1500000.0,0,1,0.0,1500000.0
2026-08-10,01_棣栫瑪鏀炬,01_棣栨鎺堜俊,RG2,CL_07,Android,Facebook,01_100%浠ヤ笅,1,1,1000000.0,1200000.0,0,1,0.0,1000000.0,0,1,0.0,1000000.0
2026-09-02,01_棣栫瑪鏀炬,01_棣栨鎺堜俊,RG4,CL_05,iOS,Tiktok,02_100%鍙婁互涓?1,1,600000.0,600000.0,0,0,0.0,0.0,0,0,0.0,0.0
2026-09-02,01_棣栫瑪鏀炬,02_闈為娆℃巿淇?RG5,CL_05,iOS,Facebook,02_100%鍙婁互涓?2,2,700000.0,700000.0,0,0,0.0,0.0,0,0,0.0,0.0
2026-08-02,01_棣栫瑪鏀炬,01_棣栨鎺堜俊,RG4,CL_05,Android,Organic,02_100%鍙婁互涓?5,5,2400000.0,2400000.0,3,5,1600000.0,2400000.0,2,5,800000.0,2400000.0
2026-08-22,01_棣栫瑪鏀炬,01_棣栨鎺堜俊,RG3,CL_05,Android,Tiktok,02_100%鍙婁互涓?10,10,7400000.0,7400000.0,4,10,3000000.0,7400000.0,0,0,0.0,0.0
2026-07-29,01_棣栫瑪鏀炬,01_棣栨鎺堜俊,RG2,CL_07,iOS,Organic,02_100%鍙婁互涓?3,3,4500000.0,4500000.0,0,3,0.0,4500000.0,0,3,0.0,4500000.0
2026-07-17,01_棣栫瑪鏀炬,01_棣栨鎺堜俊,RG4,CL_05,Android,Organic,02_100%鍙婁互涓?2,2,1200000.0,1200000.0,1,2,600000.0,1200000.0,1,2,600000.0,1200000.0
2026-08-12,01_棣栫瑪鏀炬,01_棣栨鎺堜俊,RG3,CL_05,iOS,Organic,02_100%鍙婁互涓?4,4,4400000.0,4400000.0,3,4,3200000.0,4400000.0,3,4,3200000.0,4400000.0
2026-07-11,01_棣栫瑪鏀炬,02_闈為娆℃巿淇?RG5,CL_03,Android,Facebook,02_100%鍙婁互涓?2,2,800000.0,800000.0,0,2,0.0,800000.0,0,2,0.0,800000.0
2026-08-10,01_棣栫瑪鏀炬,01_棣栨鎺堜俊,RG2,CL_07,Android,Organic,02_100%鍙婁互涓?1,1,1500000.0,1500000.0,0,1,0.0,1500000.0,0,1,0.0,1500000.0
2026-07-11,01_棣栫瑪鏀炬,02_闈為娆℃巿淇?RG3,CL_05,Android,Facebook,02_100%鍙婁互涓?3,3,2400000.0,2400000.0,2,3,1600000.0,2400000.0,0,3,0.0,2400000.0
2026-07-19,01_棣栫瑪鏀炬,02_闈為娆℃巿淇?RG5,CL_04,iOS,Facebook,02_100%鍙婁互涓?1,1,500000.0,300000.0,1,1,500000.0,500000.0,0,1,0.0,500000.0
2026-07-17,01_棣栫瑪鏀炬,01_棣栨鎺堜俊,RG5,CL_05,Android,Facebook,02_100%鍙婁互涓?12,12,4400000.0,4400000.0,5,12,1700000.0,4400000.0,4,12,1400000.0,4400000.0
2026-08-04,01_棣栫瑪鏀炬,01_棣栨鎺堜俊,RG1,CL_01,iOS,Tiktok,02_100%鍙婁互涓?1,1,2500000.0,2500000.0,1,1,2500000.0,2500000.0,1,1,2500000.0,2500000.0
2026-08-06,01_棣栫瑪鏀炬,01_棣栨鎺堜俊,RG5,CL_03,iOS,Facebook,02_100%鍙婁互涓?1,1,500000.0,300000.0,1,1,500000.0,500000.0,1,1,500000.0,500000.0
2026-07-10,01_棣栫瑪鏀炬,02_闈為娆℃巿淇?RG3,CL_03,Android,Facebook,02_100%鍙婁互涓?1,1,600000.0,600000.0,1,1,600000.0,600000.0,1,1,600000.0,600000.0
2026-07-13,01_棣栫瑪鏀炬,01_棣栨鎺堜俊,RG7,CL_03,Android,Facebook,02_100%鍙婁互涓?2,2,600000.0,600000.0,0,2,0.0,600000.0,0,2,0.0,600000.0
2026-08-08,01_棣栫瑪鏀炬,01_棣栨鎺堜俊,RG4,CL_05,iOS,ASA,02_100%鍙婁互涓?2,2,1400000.0,1400000.0,0,2,0.0,1400000.0,0,2,0.0,1400000.0
2026-08-12,01_棣栫瑪鏀炬,01_棣栨鎺堜俊,RG2,CL_05,Android,Facebook,02_100%鍙婁互涓?2,2,2400000.0,2400000.0,1,2,1200000.0,2400000.0,1,2,1200000.0,2400000.0
2026-09-01,01_棣栫瑪鏀炬,02_闈為娆℃巿淇?RG1,CL_01,Android,Organic,02_100%鍙婁互涓?1,1,1500000.0,1500000.0,0,0,0.0,0.0,0,0,0.0,0.0
2026-08-02,01_棣栫瑪鏀炬,01_棣栨鎺堜俊,RG3,CL_05,Android,Organic,02_100%鍙婁互涓?5,5,3400000.0,3400000.0,4,5,2800000.0,3400000.0,3,5,2200000.0,3400000.0
2026-08-19,01_棣栫瑪鏀炬,01_棣栨鎺堜俊,RG1,CL_01,Android,Organic,02_100%鍙婁互涓?1,1,1500000.0,1500000.0,0,1,0.0,1500000.0,0,0,0.0,0.0
2026-08-18,01_棣栫瑪鏀炬,01_棣栨鎺堜俊,RG5,CL_05,iOS,Tiktok,02_100%鍙婁互涓?2,2,800000.0,800000.0,1,2,400000.0,800000.0,0,0,0.0,0.0
2026-08-28,01_棣栫瑪鏀炬,02_闈為娆℃巿淇?RG4,CL_05,Android,Google,01_100%浠ヤ笅,1,1,500000.0,600000.0,0,0,0.0,0.0,0,0,0.0,0.0
2026-08-11,01_棣栫瑪鏀炬,02_闈為娆℃巿淇?RG4,CL_05,Android,Facebook,02_100%鍙婁互涓?6,6,2600000.0,2600000.0,1,6,400000.0,2600000.0,1,6,400000.0,2600000.0
2026-07-20,01_棣栫瑪鏀炬,01_棣栨鎺堜俊,RG4,CL_05,Android,Tiktok,02_100%鍙婁互涓?1,1,400000.0,400000.0,0,1,0.0,400000.0,0,1,0.0,400000.0
2026-08-18,01_棣栫瑪鏀炬,01_棣栨鎺堜俊,RG3,CL_05,Android,Facebook,02_100%鍙婁互涓?9,9,6600000.0,6200000.0,1,9,600000.0,6600000.0,0,0,0.0,0.0
2026-08-13,01_棣栫瑪鏀炬,01_棣栨鎺堜俊,RG4,CL_05,Android,Organic,01_100%浠ヤ笅,1,1,500000.0,600000.0,0,1,0.0,500000.0,0,1,0.0,500000.0
2026-07-14,01_棣栫瑪鏀炬,01_棣栨鎺堜俊,RG2,CL_01,iOS,Organic,02_100%鍙婁互涓?2,2,4000000.0,4000000.0,1,2,2000000.0,4000000.0,1,2,2000000.0,4000000.0
2026-08-20,01_棣栫瑪鏀炬,01_棣栨鎺堜俊,RG1,CL_01,iOS,ASA,02_100%鍙婁互涓?1,1,3700000.0,2500000.0,0,1,0.0,3700000.0,0,0,0.0,0.0
2026-08-15,01_棣栫瑪鏀炬,01_棣栨鎺堜俊,RG1,CL_01,iOS,Facebook,02_100%鍙婁互涓?1,1,2500000.0,2500000.0,0,1,0.0,2500000.0,0,0,0.0,0.0
2026-08-23,01_棣栫瑪鏀炬,01_棣栨鎺堜俊,RG3,CL_05,Android,Google,01_100%浠ヤ笅,1,1,500000.0,600000.0,1,1,500000.0,500000.0,0,0,0.0,0.0
2026-07-25,01_棣栫瑪鏀炬,01_棣栨鎺堜俊,RG5,CL_05,iOS,Google,02_100%鍙婁互涓?1,1,400000.0,400000.0,1,1,400000.0,400000.0,1,1,400000.0,400000.0
2026-07-28,01_棣栫瑪鏀炬,01_棣栨鎺堜俊,RG6,CL_05,Android,Google,02_100%鍙婁互涓?2,2,700000.0,700000.0,1,2,400000.0,700000.0,1,2,400000.0,700000.0
2026-08-29,01_棣栫瑪鏀炬,01_棣栨鎺堜俊,RG5,CL_05,Android,Organic,02_100%鍙婁互涓?1,1,600000.0,400000.0,0,0,0.0,0.0,0,0,0.0,0.0
2026-07-23,01_棣栫瑪鏀炬,01_棣栨鎺堜俊,RG7,CL_05,Android,Facebook,02_100%鍙婁互涓?4,4,1200000.0,1200000.0,2,4,600000.0,1200000.0,2,4,600000.0,1200000.0
2026-08-07,01_棣栫瑪鏀炬,01_棣栨鎺堜俊,RG5,CL_05,iOS,ASA,02_100%鍙婁互涓?1,1,300000.0,300000.0,0,1,0.0,300000.0,0,1,0.0,300000.0
2026-07-16,01_棣栫瑪鏀炬,01_棣栨鎺堜俊,RG4,CL_03,Android,Organic,02_100%鍙婁互涓?1,1,400000.0,400000.0,0,1,0.0,400000.0,0,1,0.0,400000.0
2026-08-12,01_棣栫瑪鏀炬,01_棣栨鎺堜俊,RG1,CL_01,iOS,Facebook,02_100%鍙婁互涓?1,1,2500000.0,2500000.0,1,1,2500000.0,2500000.0,1,1,2500000.0,2500000.0
2026-07-31,01_棣栫瑪鏀炬,01_棣栨鎺堜俊,RG4,CL_05,iOS,Organic,02_100%鍙婁互涓?8,8,6400000.0,6000000.0,6,8,4400000.0,6400000.0,6,8,4400000.0,6400000.0
2026-07-17,01_棣栫瑪鏀炬,01_棣栨鎺堜俊,RG3,CL_05,Android,Facebook,01_100%浠ヤ笅,1,1,600000.0,800000.0,0,1,0.0,600000.0,0,1,0.0,600000.0
2026-07-17,01_棣栫瑪鏀炬,01_棣栨鎺堜俊,RG4,CL_05,Android,鍏朵粬,02_100%鍙婁互涓?1,1,600000.0,600000.0,1,1,600000.0,600000.0,0,1,0.0,600000.0
2026-07-21,01_棣栫瑪鏀炬,02_闈為娆℃巿淇?RG4,CL_05,Android,Google,02_100%鍙婁互涓?1,1,600000.0,600000.0,0,1,0.0,600000.0,0,1,0.0,600000.0
2026-07-17,01_棣栫瑪鏀炬,01_棣栨鎺堜俊,RG6,CL_05,Android,Facebook,02_100%鍙婁互涓?6,6,1900000.0,1900000.0,4,6,1300000.0,1900000.0,3,6,1000000.0,1900000.0
2026-08-11,01_棣栫瑪鏀炬,01_棣栨鎺堜俊,RG2,CL_05,Android,Organic,02_100%鍙婁互涓?2,2,2600000.0,2200000.0,1,2,1400000.0,2600000.0,1,2,1400000.0,2600000.0
2026-07-28,01_棣栫瑪鏀炬,01_棣栨鎺堜俊,RG5,CL_05,Android,Facebook,02_100%鍙婁互涓?14,14,5000000.0,5000000.0,6,14,2300000.0,5000000.0,5,14,1900000.0,5000000.0
2026-08-21,01_棣栫瑪鏀炬,01_棣栨鎺堜俊,RG4,CL_05,iOS,Facebook,02_100%鍙婁互涓?1,1,800000.0,800000.0,0,1,0.0,800000.0,0,0,0.0,0.0
2026-08-17,01_棣栫瑪鏀炬,01_棣栨鎺堜俊,RG3,CL_05,Android,Organic,02_100%鍙婁互涓?1,1,800000.0,800000.0,1,1,800000.0,800000.0,0,0,0.0,0.0
2026-08-10,01_棣栫瑪鏀炬,01_棣栨鎺堜俊,RG2,CL_05,iOS,Tiktok,02_100%鍙婁互涓?1,1,1800000.0,1200000.0,1,1,1800000.0,1800000.0,0,1,0.0,1800000.0
2026-07-27,01_棣栫瑪鏀炬,01_棣栨鎺堜俊,RG5,CL_05,iOS,Organic,02_100%鍙婁互涓?25,25,9400000.0,9000000.0,10,25,4000000.0,9400000.0,6,25,2600000.0,9400000.0
2026-09-04,01_棣栫瑪鏀炬,01_棣栨鎺堜俊,RG4,CL_05,Android,Facebook,02_100%鍙婁互涓?7,7,3000000.0,3000000.0,0,0,0.0,0.0,0,0,0.0,0.0
2026-08-11,01_棣栫瑪鏀炬,01_棣栨鎺堜俊,RG3,CL_05,iOS,Organic,01_100%浠ヤ笅,1,1,500000.0,1200000.0,0,1,0.0,500000.0,0,1,0.0,500000.0
2026-07-23,01_棣栫瑪鏀炬,02_闈為娆℃巿淇?RG4,CL_05,iOS,Organic,02_100%鍙婁互涓?1,1,600000.0,600000.0,1,1,600000.0,600000.0,1,1,600000.0,600000.0
2026-08-21,01_棣栫瑪鏀炬,02_闈為娆℃巿淇?RG1,CL_01,Android,Google,01_100%浠ヤ笅,1,1,1000000.0,1500000.0,0,1,0.0,1000000.0,0,0,0.0,0.0
2026-08-08,01_棣栫瑪鏀炬,01_棣栨鎺堜俊,RG5,CL_05,Android,Organic,02_100%鍙婁互涓?3,3,1100000.0,1100000.0,1,3,400000.0,1100000.0,1,3,400000.0,1100000.0
2026-08-12,01_棣栫瑪鏀炬,01_棣栨鎺堜俊,RG0,CL_06,iOS,Facebook,02_100%鍙婁互涓?2,2,1.2E7,1.2E7,0,2,0.0,1.2E7,0,2,0.0,1.2E7
2026-08-26,01_棣栫瑪鏀炬,01_棣栨鎺堜俊,RG1,CL_01,iOS,Organic,02_100%鍙婁互涓?6,6,1.91E7,1.55E7,0,0,0.0,0.0,0,0,0.0,0.0
2026-07-31,01_棣栫瑪鏀炬,01_棣栨鎺堜俊,RG2,CL_07,Android,Google,02_100%鍙婁互涓?1,1,1200000.0,1200000.0,0,1,0.0,1200000.0,0,1,0.0,1200000.0
2026-08-17,01_棣栫瑪鏀炬,02_闈為娆℃巿淇?RG5,CL_05,iOS,Facebook,02_100%鍙婁互涓?2,2,1100000.0,700000.0,0,1,0.0,700000.0,0,0,0.0,0.0
2026-07-24,01_棣栫瑪鏀炬,01_棣栨鎺堜俊,RG1,CL_01,iOS,Organic,02_100%鍙婁互涓?6,6,1.64E7,1.58E7,0,6,0.0,1.64E7,0,6,0.0,1.64E7
2026-08-14,01_棣栫瑪鏀炬,01_棣栨鎺堜俊,RG5,CL_05,Android,Facebook,02_100%鍙婁互涓?12,12,4600000.0,4600000.0,8,12,3100000.0,4600000.0,0,0,0.0,0.0
2026-08-04,01_棣栫瑪鏀炬,01_棣栨鎺堜俊,RG3,CL_05,Android,Facebook,02_100%鍙婁互涓?7,7,5200000.0,5000000.0,3,7,2000000.0,5200000.0,2,7,1200000.0,5200000.0
2026-08-13,01_棣栫瑪鏀炬,02_闈為娆℃巿淇?RG7,CL_05,Android,Tiktok,02_100%鍙婁互涓?1,1,300000.0,300000.0,0,1,0.0,300000.0,0,1,0.0,300000.0
2026-08-17,01_棣栫瑪鏀炬,01_棣栨鎺堜俊,RG7,CL_05,Android,Facebook,02_100%鍙婁互涓?3,3,900000.0,900000.0,3,3,900000.0,900000.0,0,0,0.0,0.0
2026-07-27,01_棣栫瑪鏀炬,02_闈為娆℃巿淇?RG3,CL_05,Android,Google,02_100%鍙婁互涓?1,1,600000.0,600000.0,0,1,0.0,600000.0,0,1,0.0,600000.0
2026-07-31,01_棣栫瑪鏀炬,01_棣栨鎺堜俊,RG4,CL_05,Android,Tiktok,02_100%鍙婁互涓?5,5,2400000.0,2400000.0,1,5,600000.0,2400000.0,0,5,0.0,2400000.0
2026-08-25,01_棣栫瑪鏀炬,02_闈為娆℃巿淇?RG2,CL_07,iOS,Facebook,02_100%鍙婁互涓?1,1,1900000.0,1500000.0,0,0,0.0,0.0,0,0,0.0,0.0
2026-08-25,01_棣栫瑪鏀炬,01_棣栨鎺堜俊,RG4,CL_05,Android,Tiktok,02_100%鍙婁互涓?5,5,1600000.0,1600000.0,0,0,0.0,0.0,0,0,0.0,0.0
2026-08-19,01_棣栫瑪鏀炬,01_棣栨鎺堜俊,RG4,CL_05,Android,Facebook,02_100%鍙婁互涓?6,6,2600000.0,2600000.0,5,6,2200000.0,2600000.0,0,0,0.0,0.0
2026-08-09,01_棣栫瑪鏀炬,01_棣栨鎺堜俊,RG2,CL_07,Android,Facebook,02_100%鍙婁互涓?3,3,3600000.0,3600000.0,2,3,2400000.0,3600000.0,1,3,1200000.0,3600000.0
2026-09-03,01_棣栫瑪鏀炬,01_棣栨鎺堜俊,RG2,CL_05,iOS,Organic,02_100%鍙婁互涓?1,1,1800000.0,1800000.0,0,0,0.0,0.0,0,0,0.0,0.0
2026-07-10,01_棣栫瑪鏀炬,01_棣栨鎺堜俊,RG6,CL_04,Android,Tiktok,02_100%鍙婁互涓?1,1,300000.0,300000.0,0,1,0.0,300000.0,0,1,0.0,300000.0
2026-07-15,01_棣栫瑪鏀炬,01_棣栨鎺堜俊,RG6,CL_03,Android,Tiktok,02_100%鍙婁互涓?1,1,300000.0,300000.0,1,1,300000.0,300000.0,1,1,300000.0,300000.0
2026-07-23,01_棣栫瑪鏀炬,01_棣栨鎺堜俊,RG0,CL_06,iOS,ASA,02_100%鍙婁互涓?1,1,6000000.0,6000000.0,0,1,0.0,6000000.0,0,1,0.0,6000000.0
2026-07-17,01_棣栫瑪鏀炬,01_棣栨鎺堜俊,RG3,CL_03,Android,Facebook,02_100%鍙婁互涓?1,1,1000000.0,800000.0,0,1,0.0,1000000.0,0,1,0.0,1000000.0
2026-08-04,01_棣栫瑪鏀炬,01_棣栨鎺堜俊,RG3,CL_05,iOS,ASA,02_100%鍙婁互涓?1,1,1200000.0,1200000.0,0,1,0.0,1200000.0,0,1,0.0,1200000.0
2026-07-18,01_棣栫瑪鏀炬,01_棣栨鎺堜俊,RG2,CL_04,Android,Tiktok,02_100%鍙婁互涓?1,1,1400000.0,1000000.0,1,1,1400000.0,1400000.0,1,1,1400000.0,1400000.0
2026-07-21,01_棣栫瑪鏀炬,01_棣栨鎺堜俊,RG5,CL_03,iOS,Facebook,02_100%鍙婁互涓?2,2,1500000.0,700000.0,0,2,0.0,1500000.0,0,2,0.0,1500000.0
2026-07-13,01_棣栫瑪鏀炬,02_闈為娆℃巿淇?RG0,CL_06,iOS,Organic,02_100%鍙婁互涓?1,1,6000000.0,6000000.0,0,1,0.0,6000000.0,0,1,0.0,6000000.0
2026-07-26,01_棣栫瑪鏀炬,02_闈為娆℃巿淇?RG3,CL_05,Android,Organic,02_100%鍙婁互涓?3,3,2400000.0,2400000.0,2,3,1600000.0,2400000.0,2,3,1600000.0,2400000.0
2026-07-22,01_棣栫瑪鏀炬,01_棣栨鎺堜俊,RG3,CL_05,Android,Google,02_100%鍙婁互涓?8,8,5400000.0,5400000.0,4,8,2800000.0,5400000.0,3,8,2200000.0,5400000.0
2026-07-30,01_棣栫瑪鏀炬,02_闈為娆℃巿淇?RG5,CL_05,Android,Organic,02_100%鍙婁互涓?1,1,300000.0,300000.0,1,1,300000.0,300000.0,1,1,300000.0,300000.0
2026-07-13,01_棣栫瑪鏀炬,01_棣栨鎺堜俊,RG6,CL_05,Android,Organic,02_100%鍙婁互涓?1,1,300000.0,300000.0,1,1,300000.0,300000.0,1,1,300000.0,300000.0
2026-09-04,01_棣栫瑪鏀炬,01_棣栨鎺堜俊,RG4,CL_05,Android,Google,02_100%鍙婁互涓?14,14,6200000.0,6200000.0,0,0,0.0,0.0,0,0,0.0,0.0
2026-07-29,01_棣栫瑪鏀炬,01_棣栨鎺堜俊,RG2,CL_07,Android,Tiktok,02_100%鍙婁互涓?1,1,1200000.0,1200000.0,0,1,0.0,1200000.0,0,1,0.0,1200000.0
2026-09-04,01_棣栫瑪鏀炬,01_棣栨鎺堜俊,RG3,CL_05,Android,Google,02_100%鍙婁互涓?8,8,5800000.0,5400000.0,0,0,0.0,0.0,0,0,0.0,0.0
2026-08-10,01_棣栫瑪鏀炬,01_棣栨鎺堜俊,RG3,CL_05,iOS,Facebook,02_100%鍙婁互涓?4,4,4200000.0,4000000.0,2,4,2000000.0,4200000.0,1,4,1200000.0,4200000.0
2026-07-24,01_棣栫瑪鏀炬,01_棣栨鎺堜俊,RG4,CL_03,iOS,Organic,02_100%鍙婁互涓?1,1,600000.0,600000.0,0,1,0.0,600000.0,0,1,0.0,600000.0
2026-07-10,01_棣栫瑪鏀炬,02_闈為娆℃巿淇?RG5,CL_04,Android,鍏朵粬,02_100%鍙婁互涓?1,1,300000.0,300000.0,0,1,0.0,300000.0,0,1,0.0,300000.0
2026-08-15,01_棣栫瑪鏀炬,01_棣栨鎺堜俊,RG3,CL_05,iOS,Organic,02_100%鍙婁互涓?4,4,4800000.0,4400000.0,2,4,2000000.0,4800000.0,0,0,0.0,0.0
2026-08-22,01_棣栫瑪鏀炬,01_棣栨鎺堜俊,RG2,CL_07,Android,Facebook,02_100%鍙婁互涓?2,2,2400000.0,2400000.0,0,2,0.0,2400000.0,0,0,0.0,0.0
2026-07-24,01_棣栫瑪鏀炬,01_棣栨鎺堜俊,RG2,CL_03,Android,Facebook,02_100%鍙婁互涓?1,1,400000.0,400000.0,1,1,400000.0,400000.0,0,1,0.0,400000.0
2026-07-21,01_棣栫瑪鏀炬,02_闈為娆℃巿淇?RG3,CL_05,Android,Facebook,02_100%鍙婁互涓?6,6,4000000.0,4000000.0,4,6,2600000.0,4000000.0,3,6,1800000.0,4000000.0
2026-08-25,01_棣栫瑪鏀炬,01_棣栨鎺堜俊,RG3,CL_05,iOS,Organic,02_100%鍙婁互涓?5,5,5400000.0,5200000.0,0,0,0.0,0.0,0,0,0.0,0.0
2026-08-23,01_棣栫瑪鏀炬,01_棣栨鎺堜俊,RG4,CL_05,Android,Organic,02_100%鍙婁互涓?4,4,1600000.0,1600000.0,1,4,500000.0,1600000.0,0,0,0.0,0.0
2026-08-12,01_棣栫瑪鏀炬,01_棣栨鎺堜俊,RG4,CL_05,Android,Tiktok,02_100%鍙婁互涓?1,1,600000.0,600000.0,0,1,0.0,600000.0,0,1,0.0,600000.0
2026-08-01,01_棣栫瑪鏀炬,01_棣栨鎺堜俊,RG4,CL_05,Android,Google,02_100%鍙婁互涓?32,32,1.6E7,1.6E7,22,32,1.1E7,1.6E7,18,32,8600000.0,1.6E7
2026-08-04,01_棣栫瑪鏀炬,01_棣栨鎺堜俊,RG2,CL_05,Android,Tiktok,02_100%鍙婁互涓?1,1,1200000.0,1200000.0,1,1,1200000.0,1200000.0,1,1,1200000.0,1200000.0
2026-08-07,01_棣栫瑪鏀炬,01_棣栨鎺堜俊,RG5,CL_05,Android,Facebook,02_100%鍙婁互涓?12,12,4500000.0,4500000.0,5,12,2000000.0,4500000.0,3,12,1200000.0,4500000.0
2026-08-07,01_棣栫瑪鏀炬,01_棣栨鎺堜俊,RG5,CL_05,Android,Organic,01_100%浠ヤ笅,1,1,300000.0,400000.0,0,1,0.0,300000.0,0,1,0.0,300000.0
2026-07-23,01_棣栫瑪鏀炬,01_棣栨鎺堜俊,RG7,CL_05,Android,Google,02_100%鍙婁互涓?3,3,900000.0,900000.0,2,3,600000.0,900000.0,2,3,600000.0,900000.0
2026-07-13,01_棣栫瑪鏀炬,02_闈為娆℃巿淇?RG5,CL_04,iOS,Facebook,02_100%鍙婁互涓?1,1,400000.0,400000.0,0,1,0.0,400000.0,0,1,0.0,400000.0
2026-09-07,01_棣栫瑪鏀炬,01_棣栨鎺堜俊,RG4,CL_05,Android,Tiktok,02_100%鍙婁互涓?5,5,1800000.0,1800000.0,0,0,0.0,0.0,0,0,0.0,0.0
2026-07-23,01_棣栫瑪鏀炬,01_棣栨鎺堜俊,RG3,CL_05,Android,Google,01_100%浠ヤ笅,1,1,400000.0,600000.0,1,1,400000.0,400000.0,1,1,400000.0,400000.0
2026-08-11,01_棣栫瑪鏀炬,01_棣栨鎺堜俊,RG4,CL_05,iOS,Facebook,02_100%鍙婁互涓?2,2,1400000.0,1400000.0,0,2,0.0,1400000.0,0,2,0.0,1400000.0
2026-08-01,01_棣栫瑪鏀炬,01_棣栨鎺堜俊,RG5,CL_05,Android,Organic,02_100%鍙婁互涓?5,5,1800000.0,1800000.0,3,5,1100000.0,1800000.0,3,5,1100000.0,1800000.0
2026-09-07,01_棣栫瑪鏀炬,01_棣栨鎺堜俊,RG5,CL_05,iOS,Organic,01_100%浠ヤ笅,1,1,300000.0,400000.0,0,0,0.0,0.0,0,0,0.0,0.0
2026-07-13,01_棣栫瑪鏀炬,01_棣栨鎺堜俊,RG2,CL_05,iOS,Organic,02_100%鍙婁互涓?1,1,1200000.0,1200000.0,0,1,0.0,1200000.0,0,1,0.0,1200000.0
2026-07-25,01_棣栫瑪鏀炬,01_棣栨鎺堜俊,RG1,CL_01,iOS,Facebook,02_100%鍙婁互涓?2,2,5000000.0,5000000.0,0,2,0.0,5000000.0,0,2,0.0,5000000.0
2026-08-03,01_棣栫瑪鏀炬,01_棣栨鎺堜俊,RG3,CL_05,Android,Facebook,01_100%浠ヤ笅,1,1,500000.0,800000.0,0,1,0.0,500000.0,0,1,0.0,500000.0
2026-09-01,01_棣栫瑪鏀炬,01_棣栨鎺堜俊,RG0,CL_01,iOS,Organic,02_100%鍙婁互涓?1,1,4000000.0,4000000.0,0,0,0.0,0.0,0,0,0.0,0.0
2026-08-17,01_棣栫瑪鏀炬,01_棣栨鎺堜俊,RG3,CL_05,Android,Facebook,01_100%浠ヤ笅,3,3,1200000.0,2000000.0,0,3,0.0,1200000.0,0,0,0.0,0.0
2026-08-17,01_棣栫瑪鏀炬,01_棣栨鎺堜俊,RG5,CL_05,Android,Google,02_100%鍙婁互涓?9,9,3400000.0,3400000.0,5,9,1900000.0,3400000.0,0,0,0.0,0.0
2026-08-26,01_棣栫瑪鏀炬,02_闈為娆℃巿淇?RG2,CL_05,Android,Tiktok,02_100%鍙婁互涓?1,1,1000000.0,1000000.0,0,0,0.0,0.0,0,0,0.0,0.0
2026-07-23,01_棣栫瑪鏀炬,01_棣栨鎺堜俊,RG2,CL_01,iOS,ASA,02_100%鍙婁互涓?1,1,2000000.0,2000000.0,0,1,0.0,2000000.0,0,1,0.0,2000000.0
2026-08-12,01_棣栫瑪鏀炬,02_闈為娆℃巿淇?RG5,CL_05,Android,Google,02_100%鍙婁互涓?3,3,1200000.0,1200000.0,3,3,1200000.0,1200000.0,2,3,800000.0,1200000.0
2026-07-13,01_棣栫瑪鏀炬,02_闈為娆℃巿淇?RG4,CL_04,iOS,Organic,02_100%鍙婁互涓?1,1,600000.0,600000.0,1,1,600000.0,600000.0,1,1,600000.0,600000.0
2026-08-27,01_棣栫瑪鏀炬,02_闈為娆℃巿淇?RG4,CL_05,Android,Google,02_100%鍙婁互涓?5,5,2000000.0,2000000.0,0,0,0.0,0.0,0,0,0.0,0.0
2026-08-12,01_棣栫瑪鏀炬,01_棣栨鎺堜俊,RG5,CL_05,iOS,Facebook,02_100%鍙婁互涓?6,6,2000000.0,2000000.0,3,6,1000000.0,2000000.0,2,6,700000.0,2000000.0
2026-09-01,01_棣栫瑪鏀炬,01_棣栨鎺堜俊,RG4,CL_03,iOS,Organic,02_100%鍙婁互涓?1,1,1000000.0,600000.0,0,0,0.0,0.0,0,0,0.0,0.0
2026-08-02,01_棣栫瑪鏀炬,01_棣栨鎺堜俊,RG5,CL_05,Android,Organic,01_100%浠ヤ笅,1,1,300000.0,400000.0,1,1,300000.0,300000.0,1,1,300000.0,300000.0
2026-07-18,01_棣栫瑪鏀炬,01_棣栨鎺堜俊,RG6,CL_05,Android,Facebook,02_100%鍙婁互涓?5,5,1600000.0,1600000.0,0,5,0.0,1600000.0,0,5,0.0,1600000.0
2026-08-12,01_棣栫瑪鏀炬,02_闈為娆℃巿淇?RG5,CL_05,Android,Facebook,02_100%鍙婁互涓?1,1,400000.0,400000.0,1,1,400000.0,400000.0,1,1,400000.0,400000.0
2026-07-18,01_棣栫瑪鏀炬,01_棣栨鎺堜俊,RG6,CL_05,Android,Google,02_100%鍙婁互涓?5,5,1600000.0,1600000.0,3,5,1000000.0,1600000.0,3,5,1000000.0,1600000.0
2026-08-07,01_棣栫瑪鏀炬,02_闈為娆℃巿淇?RG4,CL_05,Android,Tiktok,02_100%鍙婁互涓?1,1,600000.0,600000.0,1,1,600000.0,600000.0,1,1,600000.0,600000.0
2026-08-31,01_棣栫瑪鏀炬,01_棣栨鎺堜俊,RG0,CL_01,iOS,Facebook,02_100%鍙婁互涓?1,1,5200000.0,5200000.0,0,0,0.0,0.0,0,0,0.0,0.0
2026-08-17,01_棣栫瑪鏀炬,01_棣栨鎺堜俊,RG3,CL_05,iOS,Tiktok,02_100%鍙婁互涓?5,5,4800000.0,4800000.0,0,5,0.0,4800000.0,0,0,0.0,0.0
2026-08-24,01_棣栫瑪鏀炬,01_棣栨鎺堜俊,RG3,CL_05,Android,Google,02_100%鍙婁互涓?14,14,1.04E7,1.02E7,0,0,0.0,0.0,0,0,0.0,0.0
2026-07-19,01_棣栫瑪鏀炬,02_闈為娆℃巿淇?RG5,CL_05,Android,Tiktok,02_100%鍙婁互涓?1,1,300000.0,300000.0,1,1,300000.0,300000.0,1,1,300000.0,300000.0
2026-08-23,01_棣栫瑪鏀炬,02_闈為娆℃巿淇?RG5,CL_05,iOS,Google,02_100%鍙婁互涓?1,1,300000.0,300000.0,0,1,0.0,300000.0,0,0,0.0,0.0
2026-07-24,01_棣栫瑪鏀炬,01_棣栨鎺堜俊,RG5,CL_05,Android,Tiktok,02_100%鍙婁互涓?6,6,2100000.0,2100000.0,3,6,1100000.0,2100000.0,3,6,1100000.0,2100000.0
2026-07-24,01_棣栫瑪鏀炬,01_棣栨鎺堜俊,RG4,CL_05,iOS,Facebook,02_100%鍙婁互涓?1,1,800000.0,800000.0,1,1,800000.0,800000.0,1,1,800000.0,800000.0
2026-07-14,01_棣栫瑪鏀炬,02_闈為娆℃巿淇?RG5,CL_04,Android,Facebook,02_100%鍙婁互涓?1,1,400000.0,400000.0,0,1,0.0,400000.0,0,1,0.0,400000.0
2026-09-03,01_棣栫瑪鏀炬,01_棣栨鎺堜俊,RG3,CL_05,Android,Google,02_100%鍙婁互涓?16,16,1.14E7,1.12E7,0,0,0.0,0.0,0,0,0.0,0.0
2026-07-10,01_棣栫瑪鏀炬,01_棣栨鎺堜俊,RG5,CL_03,iOS,Organic,02_100%鍙婁互涓?12,12,4400000.0,4200000.0,4,12,1500000.0,4400000.0,2,12,800000.0,4400000.0
2026-07-26,01_棣栫瑪鏀炬,01_棣栨鎺堜俊,RG3,CL_05,iOS,Facebook,01_100%浠ヤ笅,1,1,1000000.0,1200000.0,0,1,0.0,1000000.0,0,1,0.0,1000000.0
2026-07-31,01_棣栫瑪鏀炬,02_闈為娆℃巿淇?RG4,CL_05,Android,Organic,02_100%鍙婁互涓?2,2,1000000.0,1000000.0,1,2,600000.0,1000000.0,1,2,600000.0,1000000.0
2026-08-03,01_棣栫瑪鏀炬,02_闈為娆℃巿淇?RG5,CL_03,iOS,Organic,02_100%鍙婁互涓?1,1,500000.0,300000.0,0,1,0.0,500000.0,0,1,0.0,500000.0
2026-08-25,01_棣栫瑪鏀炬,01_棣栨鎺堜俊,RG2,CL_07,Android,Facebook,02_100%鍙婁互涓?1,1,1500000.0,1200000.0,0,0,0.0,0.0,0,0,0.0,0.0
2026-07-30,01_棣栫瑪鏀炬,01_棣栨鎺堜俊,RG2,CL_07,Android,Organic,02_100%鍙婁互涓?2,2,2400000.0,2400000.0,1,2,1200000.0,2400000.0,1,2,1200000.0,2400000.0
2026-08-11,01_棣栫瑪鏀炬,01_棣栨鎺堜俊,RG2,CL_07,iOS,Tiktok,02_100%鍙婁互涓?1,1,1800000.0,1800000.0,0,1,0.0,1800000.0,0,1,0.0,1800000.0
2026-07-20,01_棣栫瑪鏀炬,02_闈為娆℃巿淇?RG7,CL_05,Android,Facebook,02_100%鍙婁互涓?5,5,1500000.0,1500000.0,3,5,900000.0,1500000.0,1,5,300000.0,1500000.0
2026-07-30,01_棣栫瑪鏀炬,01_棣栨鎺堜俊,RG4,CL_05,Android,Tiktok,01_100%浠ヤ笅,1,1,300000.0,400000.0,1,1,300000.0,300000.0,1,1,300000.0,300000.0
2026-07-22,01_棣栫瑪鏀炬,01_棣栨鎺堜俊,RG4,CL_04,Android,Organic,02_100%鍙婁互涓?1,1,600000.0,600000.0,1,1,600000.0,600000.0,1,1,600000.0,600000.0
2026-07-10,01_棣栫瑪鏀炬,01_棣栨鎺堜俊,RG2,CL_01,iOS,Facebook,02_100%鍙婁互涓?1,1,2000000.0,2000000.0,0,1,0.0,2000000.0,0,1,0.0,2000000.0
2026-08-15,01_棣栫瑪鏀炬,01_棣栨鎺堜俊,RG2,CL_07,Android,Google,02_100%鍙婁互涓?3,3,3600000.0,3600000.0,0,3,0.0,3600000.0,0,0,0.0,0.0
2026-08-09,01_棣栫瑪鏀炬,02_闈為娆℃巿淇?RG6,CL_05,Android,Google,02_100%鍙婁互涓?1,1,300000.0,300000.0,0,1,0.0,300000.0,0,1,0.0,300000.0
2026-08-16,01_棣栫瑪鏀炬,01_棣栨鎺堜俊,RG5,CL_05,Android,Tiktok,02_100%鍙婁互涓?7,7,2900000.0,2500000.0,2,7,700000.0,2900000.0,0,0,0.0,0.0
2026-09-07,01_棣栫瑪鏀炬,01_棣栨鎺堜俊,RG2,CL_05,Android,Facebook,02_100%鍙婁互涓?2,2,2400000.0,2200000.0,0,0,0.0,0.0,0,0,0.0,0.0
2026-08-02,01_棣栫瑪鏀炬,01_棣栨鎺堜俊,RG2,CL_07,iOS,Facebook,02_100%鍙婁互涓?2,2,3000000.0,3000000.0,0,2,0.0,3000000.0,0,2,0.0,3000000.0
2026-08-14,01_棣栫瑪鏀炬,01_棣栨鎺堜俊,RG5,CL_05,Android,Google,02_100%鍙婁互涓?8,8,2900000.0,2900000.0,5,8,1900000.0,2900000.0,0,0,0.0,0.0
2026-07-12,01_棣栫瑪鏀炬,01_棣栨鎺堜俊,RG5,CL_05,Android,Facebook,02_100%鍙婁互涓?6,6,2400000.0,2400000.0,4,6,1600000.0,2400000.0,4,6,1600000.0,2400000.0
2026-08-20,01_棣栫瑪鏀炬,01_棣栨鎺堜俊,RG4,CL_05,Android,Organic,02_100%鍙婁互涓?3,3,1500000.0,1500000.0,1,2,500000.0,1100000.0,0,0,0.0,0.0
2026-07-15,01_棣栫瑪鏀炬,01_棣栨鎺堜俊,RG2,CL_04,Android,Organic,02_100%鍙婁互涓?1,1,1000000.0,1000000.0,0,1,0.0,1000000.0,0,1,0.0,1000000.0
2026-08-21,01_棣栫瑪鏀炬,01_棣栨鎺堜俊,RG3,CL_05,Android,Tiktok,01_100%浠ヤ笅,1,1,300000.0,800000.0,0,1,0.0,300000.0,0,0,0.0,0.0
2026-07-13,01_棣栫瑪鏀炬,01_棣栨鎺堜俊,RG3,CL_04,Android,Facebook,01_100%浠ヤ笅,1,1,500000.0,600000.0,1,1,500000.0,500000.0,1,1,500000.0,500000.0
2026-07-14,01_棣栫瑪鏀炬,01_棣栨鎺堜俊,RG3,CL_03,Android,Tiktok,02_100%鍙婁互涓?1,1,900000.0,800000.0,0,1,0.0,900000.0,0,1,0.0,900000.0
2026-08-06,01_棣栫瑪鏀炬,01_棣栨鎺堜俊,RG4,CL_05,iOS,Facebook,02_100%鍙婁互涓?1,1,600000.0,600000.0,0,1,0.0,600000.0,0,1,0.0,600000.0
2026-08-16,01_棣栫瑪鏀炬,01_棣栨鎺堜俊,RG3,CL_05,iOS,Organic,01_100%浠ヤ笅,1,1,1000000.0,1200000.0,0,1,0.0,1000000.0,0,0,0.0,0.0
2026-08-05,01_棣栫瑪鏀炬,01_棣栨鎺堜俊,RG2,CL_05,Android,Facebook,02_100%鍙婁互涓?7,7,7600000.0,7600000.0,2,7,2200000.0,7600000.0,2,7,2200000.0,7600000.0
2026-08-02,01_棣栫瑪鏀炬,01_棣栨鎺堜俊,RG4,CL_05,Android,Google,01_100%浠ヤ笅,3,3,1100000.0,1800000.0,1,3,500000.0,1100000.0,1,3,500000.0,1100000.0
2026-09-01,01_棣栫瑪鏀炬,01_棣栨鎺堜俊,RG5,CL_05,iOS,Organic,02_100%鍙婁互涓?3,3,1200000.0,1200000.0,0,0,0.0,0.0,0,0,0.0,0.0
2026-07-17,01_棣栫瑪鏀炬,01_棣栨鎺堜俊,RG4,CL_03,Android,Organic,01_100%浠ヤ笅,1,1,300000.0,600000.0,0,1,0.0,300000.0,0,1,0.0,300000.0
2026-08-07,01_棣栫瑪鏀炬,01_棣栨鎺堜俊,RG1,CL_01,iOS,ASA,02_100%鍙婁互涓?1,1,2500000.0,2500000.0,0,1,0.0,2500000.0,0,1,0.0,2500000.0
2026-07-22,01_棣栫瑪鏀炬,01_棣栨鎺堜俊,RG6,CL_05,Android,Organic,02_100%鍙婁互涓?3,3,900000.0,900000.0,2,3,600000.0,900000.0,2,3,600000.0,900000.0
2026-09-05,01_棣栫瑪鏀炬,01_棣栨鎺堜俊,RG1,CL_01,Android,Facebook,02_100%鍙婁互涓?5,5,1.0E7,8500000.0,0,0,0.0,0.0,0,0,0.0,0.0
2026-07-25,01_棣栫瑪鏀炬,02_闈為娆℃巿淇?RG3,CL_05,Android,Organic,02_100%鍙婁互涓?3,3,2200000.0,2200000.0,1,3,800000.0,2200000.0,0,3,0.0,2200000.0
2026-07-14,01_棣栫瑪鏀炬,02_闈為娆℃巿淇?RG5,CL_03,iOS,ASA,02_100%鍙婁互涓?1,1,400000.0,400000.0,0,1,0.0,400000.0,0,1,0.0,400000.0
2026-09-05,01_棣栫瑪鏀炬,01_棣栨鎺堜俊,RG3,CL_05,Android,Facebook,01_100%浠ヤ笅,3,3,1500000.0,2200000.0,0,0,0.0,0.0,0,0,0.0,0.0
2026-07-19,01_棣栫瑪鏀炬,02_闈為娆℃巿淇?RG3,CL_05,Android,Google,02_100%鍙婁互涓?1,1,800000.0,800000.0,0,1,0.0,800000.0,0,1,0.0,800000.0
2026-09-04,01_棣栫瑪鏀炬,01_棣栨鎺堜俊,RG2,CL_01,iOS,Organic,02_100%鍙婁互涓?1,1,2000000.0,2000000.0,0,0,0.0,0.0,0,0,0.0,0.0
2026-07-24,01_棣栫瑪鏀炬,01_棣栨鎺堜俊,RG6,CL_05,Android,Organic,02_100%鍙婁互涓?7,7,2100000.0,2100000.0,3,7,900000.0,2100000.0,3,7,900000.0,2100000.0
2026-09-01,01_棣栫瑪鏀炬,01_棣栨鎺堜俊,RG4,CL_05,Android,Google,02_100%鍙婁互涓?8,8,3600000.0,3600000.0,0,0,0.0,0.0,0,0,0.0,0.0
2026-07-30,01_棣栫瑪鏀炬,01_棣栨鎺堜俊,RG4,CL_05,iOS,Tiktok,01_100%浠ヤ笅,1,1,500000.0,800000.0,0,1,0.0,500000.0,0,1,0.0,500000.0
2026-07-18,01_棣栫瑪鏀炬,01_棣栨鎺堜俊,RG5,CL_05,iOS,Facebook,02_100%鍙婁互涓?7,7,2500000.0,2500000.0,3,7,1000000.0,2500000.0,2,7,600000.0,2500000.0
2026-07-16,01_棣栫瑪鏀炬,02_闈為娆℃巿淇?RG5,CL_03,Android,Facebook,02_100%鍙婁互涓?1,1,400000.0,400000.0,0,1,0.0,400000.0,0,1,0.0,400000.0
2026-07-31,01_棣栫瑪鏀炬,01_棣栨鎺堜俊,RG3,CL_05,Android,Organic,02_100%鍙婁互涓?2,2,1300000.0,1200000.0,1,2,600000.0,1300000.0,1,2,600000.0,1300000.0
2026-08-17,01_棣栫瑪鏀炬,02_闈為娆℃巿淇?RG3,CL_05,Android,Google,01_100%浠ヤ笅,1,1,300000.0,800000.0,1,1,300000.0,300000.0,0,0,0.0,0.0
2026-08-01,01_棣栫瑪鏀炬,01_棣栨鎺堜俊,RG4,CL_05,iOS,Facebook,02_100%鍙婁互涓?3,3,2000000.0,2000000.0,1,3,600000.0,2000000.0,1,3,600000.0,2000000.0
2026-08-15,01_棣栫瑪鏀炬,01_棣栨鎺堜俊,RG2,CL_01,Android,Facebook,02_100%鍙婁互涓?1,1,2100000.0,1500000.0,0,1,0.0,2100000.0,0,0,0.0,0.0
2026-08-03,01_棣栫瑪鏀炬,01_棣栨鎺堜俊,RG2,CL_05,Android,Facebook,02_100%鍙婁互涓?4,4,5000000.0,4400000.0,1,4,1200000.0,5000000.0,0,4,0.0,5000000.0
2026-08-02,01_棣栫瑪鏀炬,01_棣栨鎺堜俊,RG2,CL_07,Android,Facebook,02_100%鍙婁互涓?8,8,1.05E7,9600000.0,5,8,6900000.0,1.05E7,3,8,4500000.0,1.05E7
2026-08-24,01_棣栫瑪鏀炬,01_棣栨鎺堜俊,RG4,CL_04,iOS,Organic,02_100%鍙婁互涓?1,1,1000000.0,800000.0,0,0,0.0,0.0,0,0,0.0,0.0
2026-08-21,01_棣栫瑪鏀炬,02_闈為娆℃巿淇?RG4,CL_05,iOS,Facebook,02_100%鍙婁互涓?1,1,600000.0,600000.0,0,1,0.0,600000.0,0,0,0.0,0.0
2026-08-05,01_棣栫瑪鏀炬,02_闈為娆℃巿淇?RG4,CL_05,Android,Tiktok,02_100%鍙婁互涓?2,2,800000.0,800000.0,0,2,0.0,800000.0,0,2,0.0,800000.0
2026-08-10,01_棣栫瑪鏀炬,01_棣栨鎺堜俊,RG5,CL_05,Android,Organic,02_100%鍙婁互涓?1,1,400000.0,400000.0,1,1,400000.0,400000.0,1,1,400000.0,400000.0
2026-07-25,01_棣栫瑪鏀炬,01_棣栨鎺堜俊,RG2,CL_07,iOS,Facebook,02_100%鍙婁互涓?2,2,3500000.0,3500000.0,0,2,0.0,3500000.0,0,2,0.0,3500000.0
2026-09-01,01_棣栫瑪鏀炬,02_闈為娆℃巿淇?RG5,CL_05,iOS,Organic,02_100%鍙婁互涓?4,4,1700000.0,1500000.0,0,0,0.0,0.0,0,0,0.0,0.0
2026-07-27,01_棣栫瑪鏀炬,01_棣栨鎺堜俊,RG3,CL_05,iOS,ASA,02_100%鍙婁互涓?1,1,1000000.0,800000.0,1,1,1000000.0,1000000.0,1,1,1000000.0,1000000.0
2026-08-23,01_棣栫瑪鏀炬,01_棣栨鎺堜俊,RG2,CL_05,Android,Google,02_100%鍙婁互涓?1,1,1200000.0,1200000.0,0,1,0.0,1200000.0,0,0,0.0,0.0
2026-08-29,01_棣栫瑪鏀炬,02_闈為娆℃巿淇?RG5,CL_05,iOS,Tiktok,02_100%鍙婁互涓?1,1,400000.0,400000.0,0,0,0.0,0.0,0,0,0.0,0.0
2026-07-28,01_棣栫瑪鏀炬,01_棣栨鎺堜俊,RG7,CL_03,Android,Tiktok,02_100%鍙婁互涓?1,1,300000.0,300000.0,1,1,300000.0,300000.0,1,1,300000.0,300000.0
2026-08-26,01_棣栫瑪鏀炬,01_棣栨鎺堜俊,RG3,CL_05,Android,Google,02_100%鍙婁互涓?19,19,1.43E7,1.36E7,0,0,0.0,0.0,0,0,0.0,0.0
2026-08-16,01_棣栫瑪鏀炬,01_棣栨鎺堜俊,RG4,CL_05,Android,Facebook,02_100%鍙婁互涓?13,13,6600000.0,6600000.0,4,13,2000000.0,6600000.0,0,0,0.0,0.0
2026-09-05,01_棣栫瑪鏀炬,01_棣栨鎺堜俊,RG2,CL_07,Android,Google,02_100%鍙婁互涓?2,2,3000000.0,3000000.0,0,0,0.0,0.0,0,0,0.0,0.0
2026-07-26,01_棣栫瑪鏀炬,01_棣栨鎺堜俊,RG4,CL_03,Android,Facebook,02_100%鍙婁互涓?2,2,800000.0,800000.0,2,2,800000.0,800000.0,2,2,800000.0,800000.0
2026-07-25,01_棣栫瑪鏀炬,01_棣栨鎺堜俊,RG3,CL_05,Android,Google,01_100%浠ヤ笅,2,2,600000.0,1400000.0,1,2,300000.0,600000.0,1,2,300000.0,600000.0
2026-08-16,01_棣栫瑪鏀炬,01_棣栨鎺堜俊,RG3,CL_05,iOS,Tiktok,01_100%浠ヤ笅,1,1,600000.0,1200000.0,0,1,0.0,600000.0,0,0,0.0,0.0
2026-07-20,01_棣栫瑪鏀炬,02_闈為娆℃巿淇?RG3,CL_05,Android,Tiktok,02_100%鍙婁互涓?1,1,800000.0,600000.0,0,1,0.0,800000.0,0,1,0.0,800000.0
2026-07-18,01_棣栫瑪鏀炬,01_棣栨鎺堜俊,RG1,CL_01,iOS,Facebook,02_100%鍙婁互涓?1,1,2500000.0,2500000.0,0,1,0.0,2500000.0,0,1,0.0,2500000.0
2026-07-29,01_棣栫瑪鏀炬,01_棣栨鎺堜俊,RG4,CL_03,Android,Tiktok,02_100%鍙婁互涓?1,1,400000.0,400000.0,1,1,400000.0,400000.0,0,1,0.0,400000.0
2026-08-03,01_棣栫瑪鏀炬,02_闈為娆℃巿淇?RG7,CL_05,Android,Google,02_100%鍙婁互涓?4,4,1200000.0,1200000.0,1,3,300000.0,900000.0,1,3,300000.0,900000.0
2026-08-29,01_棣栫瑪鏀炬,01_棣栨鎺堜俊,RG2,CL_07,Android,Organic,02_100%鍙婁互涓?1,1,1200000.0,1200000.0,0,0,0.0,0.0,0,0,0.0,0.0
2026-08-04,01_棣栫瑪鏀炬,02_闈為娆℃巿淇?RG4,CL_05,iOS,绌哄€?02_100%鍙婁互涓?1,1,600000.0,600000.0,1,1,600000.0,600000.0,1,1,600000.0,600000.0
2026-07-18,01_棣栫瑪鏀炬,02_闈為娆℃巿淇?RG5,CL_05,iOS,ASA,02_100%鍙婁互涓?1,1,400000.0,400000.0,1,1,400000.0,400000.0,0,1,0.0,400000.0
2026-07-23,01_棣栫瑪鏀炬,01_棣栨鎺堜俊,RG2,CL_03,Android,Facebook,01_100%浠ヤ笅,1,1,800000.0,1200000.0,1,1,800000.0,800000.0,1,1,800000.0,800000.0
2026-07-28,01_棣栫瑪鏀炬,01_棣栨鎺堜俊,RG4,CL_05,Android,Tiktok,02_100%鍙婁互涓?5,5,2200000.0,2200000.0,2,5,800000.0,2200000.0,1,5,400000.0,2200000.0
2026-07-31,01_棣栫瑪鏀炬,01_棣栨鎺堜俊,RG1,CL_01,Android,Facebook,02_100%鍙婁互涓?1,1,1500000.0,1500000.0,0,1,0.0,1500000.0,0,1,0.0,1500000.0
2026-07-31,01_棣栫瑪鏀炬,01_棣栨鎺堜俊,RG4,CL_05,iOS,Tiktok,02_100%鍙婁互涓?1,1,600000.0,600000.0,1,1,600000.0,600000.0,1,1,600000.0,600000.0
2026-07-25,01_棣栫瑪鏀炬,01_棣栨鎺堜俊,RG1,CL_01,Android,Google,02_100%鍙婁互涓?1,1,1500000.0,1500000.0,0,1,0.0,1500000.0,0,1,0.0,1500000.0
2026-07-14,01_棣栫瑪鏀炬,01_棣栨鎺堜俊,RG6,CL_04,Android,Facebook,02_100%鍙婁互涓?4,4,1300000.0,1300000.0,1,4,400000.0,1300000.0,1,4,400000.0,1300000.0
2026-08-01,01_棣栫瑪鏀炬,02_闈為娆℃巿淇?RG4,CL_05,Android,Organic,01_100%浠ヤ笅,1,1,300000.0,600000.0,0,1,0.0,300000.0,0,1,0.0,300000.0
2026-08-31,01_棣栫瑪鏀炬,01_棣栨鎺堜俊,RG3,CL_05,iOS,Tiktok,02_100%鍙婁互涓?3,3,4000000.0,3200000.0,0,0,0.0,0.0,0,0,0.0,0.0
2026-07-19,01_棣栫瑪鏀炬,01_棣栨鎺堜俊,RG5,CL_05,Android,Tiktok,02_100%鍙婁互涓?5,5,1600000.0,1600000.0,2,5,700000.0,1600000.0,2,5,700000.0,1600000.0
2026-08-31,01_棣栫瑪鏀炬,01_棣栨鎺堜俊,RG4,CL_03,Android,Facebook,02_100%鍙婁互涓?1,1,400000.0,400000.0,0,0,0.0,0.0,0,0,0.0,0.0
2026-08-14,01_棣栫瑪鏀炬,01_棣栨鎺堜俊,RG2,CL_07,Android,Facebook,02_100%鍙婁互涓?4,4,4800000.0,4800000.0,2,4,2400000.0,4800000.0,0,0,0.0,0.0
2026-09-01,01_棣栫瑪鏀炬,01_棣栨鎺堜俊,RG2,CL_05,Android,Tiktok,02_100%鍙婁互涓?4,4,4600000.0,4200000.0,0,0,0.0,0.0,0,0,0.0,0.0
2026-07-31,01_棣栫瑪鏀炬,01_棣栨鎺堜俊,RG5,CL_05,iOS,Tiktok,01_100%浠ヤ笅,1,1,300000.0,400000.0,0,1,0.0,300000.0,0,1,0.0,300000.0
2026-08-29,01_棣栫瑪鏀炬,01_棣栨鎺堜俊,RG1,CL_01,Android,Tiktok,02_100%鍙婁互涓?1,1,2000000.0,1500000.0,0,0,0.0,0.0,0,0,0.0,0.0
2026-07-15,01_棣栫瑪鏀炬,01_棣栨鎺堜俊,RG4,CL_05,Android,Organic,02_100%鍙婁互涓?1,1,400000.0,400000.0,0,1,0.0,400000.0,0,1,0.0,400000.0
2026-08-02,01_棣栫瑪鏀炬,02_闈為娆℃巿淇?RG5,CL_05,Android,Google,02_100%鍙婁互涓?1,1,300000.0,300000.0,1,1,300000.0,300000.0,1,1,300000.0,300000.0
2026-08-10,01_棣栫瑪鏀炬,01_棣栨鎺堜俊,RG2,CL_07,Android,Tiktok,02_100%鍙婁互涓?5,5,6900000.0,6000000.0,2,5,3000000.0,6900000.0,2,5,3000000.0,6900000.0
2026-08-18,01_棣栫瑪鏀炬,02_闈為娆℃巿淇?RG3,CL_05,Android,Google,02_100%鍙婁互涓?2,2,1400000.0,1400000.0,1,2,600000.0,1400000.0,0,0,0.0,0.0
2026-07-15,01_棣栫瑪鏀炬,01_棣栨鎺堜俊,RG6,CL_05,Android,Facebook,02_100%鍙婁互涓?2,2,600000.0,600000.0,0,2,0.0,600000.0,0,2,0.0,600000.0
2026-07-28,01_棣栫瑪鏀炬,02_闈為娆℃巿淇?RG5,CL_05,iOS,绌哄€?02_100%鍙婁互涓?1,1,300000.0,300000.0,0,1,0.0,300000.0,0,1,0.0,300000.0
2026-08-13,01_棣栫瑪鏀炬,01_棣栨鎺堜俊,RG4,CL_05,iOS,Facebook,02_100%鍙婁互涓?4,4,3000000.0,3000000.0,3,4,2200000.0,3000000.0,1,4,600000.0,3000000.0
2026-07-15,01_棣栫瑪鏀炬,01_棣栨鎺堜俊,RG3,CL_03,Android,Facebook,02_100%鍙婁互涓?5,5,3400000.0,3400000.0,4,5,2800000.0,3400000.0,2,5,1400000.0,3400000.0
2026-08-12,01_棣栫瑪鏀炬,01_棣栨鎺堜俊,RG7,CL_05,Android,Google,02_100%鍙婁互涓?2,2,600000.0,600000.0,1,2,300000.0,600000.0,1,2,300000.0,600000.0
2026-08-15,01_棣栫瑪鏀炬,01_棣栨鎺堜俊,RG3,CL_05,iOS,Tiktok,02_100%鍙婁互涓?2,2,1600000.0,1600000.0,0,2,0.0,1600000.0,0,0,0.0,0.0
2026-08-16,01_棣栫瑪鏀炬,01_棣栨鎺堜俊,RG3,CL_05,Android,Facebook,02_100%鍙婁互涓?6,6,4400000.0,4400000.0,2,6,1600000.0,4400000.0,0,0,0.0,0.0
2026-07-26,01_棣栫瑪鏀炬,01_棣栨鎺堜俊,RG1,CL_01,Android,Google,02_100%鍙婁互涓?2,2,3000000.0,3000000.0,1,2,1500000.0,3000000.0,1,2,1500000.0,3000000.0
2026-08-29,01_棣栫瑪鏀炬,02_闈為娆℃巿淇?RG3,CL_05,Android,Facebook,02_100%鍙婁互涓?1,1,700000.0,600000.0,0,0,0.0,0.0,0,0,0.0,0.0
2026-07-23,01_棣栫瑪鏀炬,02_闈為娆℃巿淇?RG5,CL_05,Android,Facebook,02_100%鍙婁互涓?5,5,1900000.0,1900000.0,2,5,700000.0,1900000.0,1,5,300000.0,1900000.0
2026-07-30,01_棣栫瑪鏀炬,01_棣栨鎺堜俊,RG6,CL_05,Android,Organic,02_100%鍙婁互涓?2,2,600000.0,600000.0,1,2,300000.0,600000.0,0,2,0.0,600000.0
2026-08-25,01_棣栫瑪鏀炬,01_棣栨鎺堜俊,RG3,CL_05,Android,Google,01_100%浠ヤ笅,2,2,900000.0,1400000.0,0,0,0.0,0.0,0,0,0.0,0.0
2026-08-07,01_棣栫瑪鏀炬,01_棣栨鎺堜俊,RG1,CL_01,iOS,Facebook,02_100%鍙婁互涓?1,1,3000000.0,3000000.0,0,1,0.0,3000000.0,0,1,0.0,3000000.0
2026-07-10,01_棣栫瑪鏀炬,01_棣栨鎺堜俊,RG2,CL_01,iOS,ASA,02_100%鍙婁互涓?1,1,2000000.0,2000000.0,0,1,0.0,2000000.0,0,1,0.0,2000000.0
2026-08-16,01_棣栫瑪鏀炬,02_闈為娆℃巿淇?RG5,CL_05,iOS,Organic,02_100%鍙婁互涓?8,8,2800000.0,2800000.0,7,8,2400000.0,2800000.0,0,0,0.0,0.0
2026-09-05,01_棣栫瑪鏀炬,01_棣栨鎺堜俊,RG5,CL_05,iOS,Facebook,02_100%鍙婁互涓?5,5,2100000.0,1900000.0,0,0,0.0,0.0,0,0,0.0,0.0
2026-09-07,01_棣栫瑪鏀炬,01_棣栨鎺堜俊,RG4,CL_05,iOS,Tiktok,02_100%鍙婁互涓?2,2,1600000.0,1400000.0,0,0,0.0,0.0,0,0,0.0,0.0
2026-07-11,01_棣栫瑪鏀炬,01_棣栨鎺堜俊,RG2,CL_01,Android,Organic,02_100%鍙婁互涓?1,1,2000000.0,1500000.0,0,1,0.0,2000000.0,0,1,0.0,2000000.0
2026-07-30,01_棣栫瑪鏀炬,01_棣栨鎺堜俊,RG5,CL_05,iOS,Tiktok,02_100%鍙婁互涓?4,4,1300000.0,1300000.0,2,4,700000.0,1300000.0,1,4,400000.0,1300000.0
2026-08-06,01_棣栫瑪鏀炬,02_闈為娆℃巿淇?RG7,CL_05,Android,Tiktok,02_100%鍙婁互涓?1,1,300000.0,300000.0,0,1,0.0,300000.0,0,1,0.0,300000.0
2026-07-24,01_棣栫瑪鏀炬,01_棣栨鎺堜俊,RG3,CL_05,Android,Google,02_100%鍙婁互涓?17,17,1.1E7,1.1E7,7,17,4600000.0,1.1E7,6,17,3800000.0,1.1E7
2026-09-02,01_棣栫瑪鏀炬,01_棣栨鎺堜俊,RG1,CL_01,iOS,Facebook,02_100%鍙婁互涓?3,3,7500000.0,7500000.0,0,0,0.0,0.0,0,0,0.0,0.0
2026-07-13,01_棣栫瑪鏀炬,02_闈為娆℃巿淇?RG7,CL_04,Android,Facebook,02_100%鍙婁互涓?1,1,300000.0,300000.0,1,1,300000.0,300000.0,1,1,300000.0,300000.0
2026-09-05,01_棣栫瑪鏀炬,01_棣栨鎺堜俊,RG0,CL_01,iOS,Facebook,02_100%鍙婁互涓?2,2,1.0E7,8000000.0,0,0,0.0,0.0,0,0,0.0,0.0
2026-08-26,01_棣栫瑪鏀炬,02_闈為娆℃巿淇?RG5,CL_05,iOS,Organic,02_100%鍙婁互涓?6,6,2500000.0,2300000.0,0,0,0.0,0.0,0,0,0.0,0.0
2026-07-10,01_棣栫瑪鏀炬,01_棣栨鎺堜俊,RG6,CL_04,Android,Organic,02_100%鍙婁互涓?1,1,300000.0,300000.0,1,1,300000.0,300000.0,1,1,300000.0,300000.0
2026-08-01,01_棣栫瑪鏀炬,02_闈為娆℃巿淇?RG4,CL_05,Android,Google,02_100%鍙婁互涓?4,4,2000000.0,2000000.0,1,4,600000.0,2000000.0,0,3,0.0,1400000.0
2026-08-17,01_棣栫瑪鏀炬,01_棣栨鎺堜俊,RG4,CL_05,iOS,Organic,02_100%鍙婁互涓?3,3,3000000.0,2600000.0,1,3,800000.0,3000000.0,0,0,0.0,0.0
2026-08-09,01_棣栫瑪鏀炬,01_棣栨鎺堜俊,RG7,CL_05,Android,Google,02_100%鍙婁互涓?2,2,600000.0,600000.0,0,2,0.0,600000.0,0,2,0.0,600000.0
2026-08-25,01_棣栫瑪鏀炬,01_棣栨鎺堜俊,RG1,CL_01,Android,Facebook,02_100%鍙婁互涓?2,2,3000000.0,3000000.0,0,0,0.0,0.0,0,0,0.0,0.0
2026-08-16,01_棣栫瑪鏀炬,01_棣栨鎺堜俊,RG4,CL_05,iOS,绌哄€?02_100%鍙婁互涓?1,1,800000.0,800000.0,0,1,0.0,800000.0,0,0,0.0,0.0
2026-08-31,01_棣栫瑪鏀炬,01_棣栨鎺堜俊,RG5,CL_05,Android,Facebook,02_100%鍙婁互涓?1,1,400000.0,400000.0,0,0,0.0,0.0,0,0,0.0,0.0
2026-08-22,01_棣栫瑪鏀炬,02_闈為娆℃巿淇?RG5,CL_05,iOS,Facebook,02_100%鍙婁互涓?1,1,300000.0,300000.0,0,1,0.0,300000.0,0,0,0.0,0.0
2026-07-19,01_棣栫瑪鏀炬,01_棣栨鎺堜俊,RG5,CL_05,iOS,Organic,02_100%鍙婁互涓?13,13,4600000.0,4400000.0,8,13,3000000.0,4600000.0,5,13,2000000.0,4600000.0
2026-08-05,01_棣栫瑪鏀炬,01_棣栨鎺堜俊,RG4,CL_03,Android,Facebook,02_100%鍙婁互涓?1,1,600000.0,600000.0,1,1,600000.0,600000.0,1,1,600000.0,600000.0
2026-07-26,01_棣栫瑪鏀炬,02_闈為娆℃巿淇?RG3,CL_05,Android,Tiktok,02_100%鍙婁互涓?1,1,600000.0,600000.0,0,1,0.0,600000.0,0,1,0.0,600000.0
2026-08-21,01_棣栫瑪鏀炬,02_闈為娆℃巿淇?RG4,CL_05,Android,绌哄€?02_100%鍙婁互涓?1,1,300000.0,300000.0,0,1,0.0,300000.0,0,0,0.0,0.0
2026-07-11,01_棣栫瑪鏀炬,01_棣栨鎺堜俊,RG5,CL_05,Android,Organic,02_100%鍙婁互涓?2,2,800000.0,800000.0,1,2,400000.0,800000.0,1,2,400000.0,800000.0
2026-07-31,01_棣栫瑪鏀炬,01_棣栨鎺堜俊,RG7,CL_05,Android,Google,02_100%鍙婁互涓?8,8,2400000.0,2400000.0,5,8,1500000.0,2400000.0,4,8,1200000.0,2400000.0
2026-07-21,01_棣栫瑪鏀炬,01_棣栨鎺堜俊,RG3,CL_05,iOS,ASA,02_100%鍙婁互涓?1,1,800000.0,800000.0,0,1,0.0,800000.0,0,1,0.0,800000.0
2026-08-16,01_棣栫瑪鏀炬,01_棣栨鎺堜俊,RG1,CL_01,Android,Organic,02_100%鍙婁互涓?1,1,2000000.0,1500000.0,0,1,0.0,2000000.0,0,0,0.0,0.0
2026-08-07,01_棣栫瑪鏀炬,02_闈為娆℃巿淇?RG4,CL_05,Android,Organic,02_100%鍙婁互涓?2,2,1000000.0,1000000.0,2,2,1000000.0,1000000.0,1,2,400000.0,1000000.0
2026-08-05,01_棣栫瑪鏀炬,01_棣栨鎺堜俊,RG3,CL_05,Android,Google,01_100%浠ヤ笅,1,1,500000.0,800000.0,1,1,500000.0,500000.0,0,1,0.0,500000.0
2026-07-28,01_棣栫瑪鏀炬,01_棣栨鎺堜俊,RG3,CL_05,Android,Tiktok,02_100%鍙婁互涓?5,5,3200000.0,3200000.0,1,5,600000.0,3200000.0,1,5,600000.0,3200000.0
2026-07-12,01_棣栫瑪鏀炬,01_棣栨鎺堜俊,RG5,CL_03,iOS,鍏朵粬,02_100%鍙婁互涓?2,2,700000.0,700000.0,1,2,400000.0,700000.0,0,2,0.0,700000.0
2026-08-22,01_棣栫瑪鏀炬,01_棣栨鎺堜俊,RG5,CL_05,Android,Google,02_100%鍙婁互涓?4,4,1300000.0,1300000.0,3,4,1000000.0,1300000.0,0,0,0.0,0.0
2026-07-14,01_棣栫瑪鏀炬,01_棣栨鎺堜俊,RG6,CL_03,Android,Facebook,02_100%鍙婁互涓?2,2,700000.0,700000.0,2,2,700000.0,700000.0,1,2,400000.0,700000.0
2026-08-26,01_棣栫瑪鏀炬,01_棣栨鎺堜俊,RG3,CL_05,Android,Facebook,02_100%鍙婁互涓?4,4,3200000.0,3000000.0,0,0,0.0,0.0,0,0,0.0,0.0
2026-07-13,01_棣栫瑪鏀炬,02_闈為娆℃巿淇?RG6,CL_03,Android,Facebook,02_100%鍙婁互涓?1,1,300000.0,300000.0,1,1,300000.0,300000.0,0,1,0.0,300000.0
2026-08-04,01_棣栫瑪鏀炬,01_棣栨鎺堜俊,RG5,CL_05,iOS,Organic,02_100%鍙婁互涓?17,17,6400000.0,5800000.0,11,17,4200000.0,6400000.0,9,17,3500000.0,6400000.0
2026-07-10,01_棣栫瑪鏀炬,01_棣栨鎺堜俊,RG4,CL_05,Android,Facebook,01_100%浠ヤ笅,1,1,300000.0,600000.0,1,1,300000.0,300000.0,1,1,300000.0,300000.0
2026-07-13,01_棣栫瑪鏀炬,01_棣栨鎺堜俊,RG3,CL_04,iOS,Organic,02_100%鍙婁互涓?3,3,2800000.0,2800000.0,1,3,800000.0,2800000.0,1,3,800000.0,2800000.0
2026-08-08,01_棣栫瑪鏀炬,01_棣栨鎺堜俊,RG5,CL_05,iOS,Organic,02_100%鍙婁互涓?18,18,6800000.0,6200000.0,11,18,4200000.0,6800000.0,8,18,3200000.0,6800000.0
2026-07-19,01_棣栫瑪鏀炬,01_棣栨鎺堜俊,RG6,CL_05,Android,Tiktok,02_100%鍙婁互涓?1,1,300000.0,300000.0,1,1,300000.0,300000.0,1,1,300000.0,300000.0
2026-07-29,01_棣栫瑪鏀炬,01_棣栨鎺堜俊,RG5,CL_05,iOS,Organic,02_100%鍙婁互涓?15,15,5200000.0,5200000.0,8,15,2700000.0,5200000.0,5,15,1700000.0,5200000.0
2026-07-15,01_棣栫瑪鏀炬,01_棣栨鎺堜俊,RG4,CL_03,Android,Facebook,02_100%鍙婁互涓?6,6,3000000.0,3000000.0,5,6,2400000.0,3000000.0,2,6,800000.0,3000000.0
2026-07-10,01_棣栫瑪鏀炬,01_棣栨鎺堜俊,RG6,CL_03,Android,Organic,02_100%鍙婁互涓?3,3,900000.0,900000.0,2,3,600000.0,900000.0,1,3,300000.0,900000.0
2026-07-16,01_棣栫瑪鏀炬,02_闈為娆℃巿淇?RG6,CL_03,Android,Organic,01_100%浠ヤ笅,1,1,300000.0,400000.0,0,1,0.0,300000.0,0,1,0.0,300000.0
2026-08-13,01_棣栫瑪鏀炬,01_棣栨鎺堜俊,RG4,CL_05,Android,Tiktok,01_100%浠ヤ笅,1,1,500000.0,600000.0,1,1,500000.0,500000.0,1,1,500000.0,500000.0
2026-08-09,01_棣栫瑪鏀炬,02_闈為娆℃巿淇?RG2,CL_05,Android,Google,02_100%鍙婁互涓?1,1,1000000.0,1000000.0,0,1,0.0,1000000.0,0,1,0.0,1000000.0
2026-08-15,01_棣栫瑪鏀炬,02_闈為娆℃巿淇?RG3,CL_05,Android,Tiktok,02_100%鍙婁互涓?1,1,600000.0,600000.0,1,1,600000.0,600000.0,0,0,0.0,0.0
2026-08-17,01_棣栫瑪鏀炬,01_棣栨鎺堜俊,RG4,CL_05,Android,Tiktok,02_100%鍙婁互涓?6,6,2600000.0,2600000.0,1,6,400000.0,2600000.0,0,0,0.0,0.0
2026-08-02,01_棣栫瑪鏀炬,01_棣栨鎺堜俊,RG4,CL_05,iOS,Organic,02_100%鍙婁互涓?8,8,5600000.0,5600000.0,5,8,3600000.0,5600000.0,2,8,1400000.0,5600000.0
2026-08-13,01_棣栫瑪鏀炬,01_棣栨鎺堜俊,RG1,CL_01,iOS,Organic,02_100%鍙婁互涓?3,3,1.01E7,8300000.0,1,3,3700000.0,1.01E7,0,3,0.0,1.01E7
2026-07-10,01_棣栫瑪鏀炬,01_棣栨鎺堜俊,RG4,CL_04,Android,Facebook,02_100%鍙婁互涓?8,8,4400000.0,4400000.0,7,8,3800000.0,4400000.0,6,8,3200000.0,4400000.0
2026-08-03,01_棣栫瑪鏀炬,02_闈為娆℃巿淇?RG5,CL_05,Android,Facebook,02_100%鍙婁互涓?6,6,2300000.0,2300000.0,3,6,1100000.0,2300000.0,3,6,1100000.0,2300000.0
2026-07-16,01_棣栫瑪鏀炬,02_闈為娆℃巿淇?RG5,CL_04,iOS,ASA,02_100%鍙婁互涓?1,1,400000.0,400000.0,1,1,400000.0,400000.0,1,1,400000.0,400000.0
2026-07-17,01_棣栫瑪鏀炬,02_闈為娆℃巿淇?RG5,CL_05,Android,Google,02_100%鍙婁互涓?1,1,400000.0,400000.0,0,1,0.0,400000.0,0,1,0.0,400000.0
2026-07-29,01_棣栫瑪鏀炬,01_棣栨鎺堜俊,RG2,CL_07,Android,Organic,02_100%鍙婁互涓?1,1,1500000.0,1500000.0,0,1,0.0,1500000.0,0,1,0.0,1500000.0
2026-07-22,01_棣栫瑪鏀炬,01_棣栨鎺堜俊,RG2,CL_03,Android,Facebook,02_100%鍙婁互涓?1,1,800000.0,800000.0,0,1,0.0,800000.0,0,1,0.0,800000.0
2026-07-14,01_棣栫瑪鏀炬,02_闈為娆℃巿淇?RG3,CL_03,Android,Tiktok,02_100%鍙婁互涓?1,1,800000.0,800000.0,0,1,0.0,800000.0,0,1,0.0,800000.0
2026-07-22,01_棣栫瑪鏀炬,01_棣栨鎺堜俊,RG6,CL_05,Android,Tiktok,02_100%鍙婁互涓?2,2,700000.0,700000.0,0,2,0.0,700000.0,0,2,0.0,700000.0
2026-08-06,01_棣栫瑪鏀炬,01_棣栨鎺堜俊,RG2,CL_01,iOS,Tiktok,02_100%鍙婁互涓?1,1,2400000.0,2400000.0,1,1,2400000.0,2400000.0,1,1,2400000.0,2400000.0
2026-07-28,01_棣栫瑪鏀炬,01_棣栨鎺堜俊,RG1,CL_01,iOS,Facebook,02_100%鍙婁互涓?1,1,2500000.0,2500000.0,0,1,0.0,2500000.0,0,1,0.0,2500000.0
2026-08-27,01_棣栫瑪鏀炬,01_棣栨鎺堜俊,RG4,CL_05,Android,Facebook,02_100%鍙婁互涓?3,3,1300000.0,1300000.0,0,0,0.0,0.0,0,0,0.0,0.0
2026-08-03,01_棣栫瑪鏀炬,02_闈為娆℃巿淇?RG4,CL_05,Android,Organic,02_100%鍙婁互涓?4,4,1600000.0,1600000.0,2,4,800000.0,1600000.0,2,4,800000.0,1600000.0
2026-07-13,01_棣栫瑪鏀炬,01_棣栨鎺堜俊,RG3,CL_03,iOS,鍏朵粬,02_100%鍙婁互涓?1,1,800000.0,800000.0,0,1,0.0,800000.0,0,1,0.0,800000.0
2026-07-13,01_棣栫瑪鏀炬,01_棣栨鎺堜俊,RG5,CL_05,iOS,鍏朵粬,02_100%鍙婁互涓?1,1,400000.0,400000.0,0,1,0.0,400000.0,0,1,0.0,400000.0
2026-08-07,01_棣栫瑪鏀炬,01_棣栨鎺堜俊,RG5,CL_04,iOS,Organic,02_100%鍙婁互涓?1,1,300000.0,300000.0,1,1,300000.0,300000.0,1,1,300000.0,300000.0
2026-08-13,01_棣栫瑪鏀炬,02_闈為娆℃巿淇?RG6,CL_05,Android,Organic,02_100%鍙婁互涓?1,1,300000.0,300000.0,1,1,300000.0,300000.0,1,1,300000.0,300000.0
2026-08-23,01_棣栫瑪鏀炬,02_闈為娆℃巿淇?RG1,CL_01,Android,Facebook,02_100%鍙婁互涓?1,1,1500000.0,1500000.0,0,1,0.0,1500000.0,0,0,0.0,0.0
2026-07-16,01_棣栫瑪鏀炬,01_棣栨鎺堜俊,RG2,CL_03,Android,Facebook,02_100%鍙婁互涓?1,1,1400000.0,1000000.0,0,1,0.0,1400000.0,0,1,0.0,1400000.0
2026-07-12,01_棣栫瑪鏀炬,01_棣栨鎺堜俊,RG5,CL_04,iOS,Organic,02_100%鍙婁互涓?5,5,1700000.0,1700000.0,2,5,700000.0,1700000.0,2,5,700000.0,1700000.0
2026-08-02,01_棣栫瑪鏀炬,01_棣栨鎺堜俊,RG5,CL_05,iOS,Facebook,02_100%鍙婁互涓?3,3,1100000.0,1100000.0,2,3,800000.0,1100000.0,2,3,800000.0,1100000.0
2026-07-30,01_棣栫瑪鏀炬,02_闈為娆℃巿淇?RG6,CL_05,Android,Tiktok,02_100%鍙婁互涓?1,1,300000.0,300000.0,1,1,300000.0,300000.0,0,1,0.0,300000.0
2026-09-01,01_棣栫瑪鏀炬,01_棣栨鎺堜俊,RG4,CL_05,Android,Facebook,02_100%鍙婁互涓?9,9,3600000.0,3600000.0,0,0,0.0,0.0,0,0,0.0,0.0
2026-08-26,01_棣栫瑪鏀炬,01_棣栨鎺堜俊,RG5,CL_05,iOS,Tiktok,02_100%鍙婁互涓?1,1,400000.0,400000.0,0,0,0.0,0.0,0,0,0.0,0.0
2026-08-10,01_棣栫瑪鏀炬,01_棣栨鎺堜俊,RG2,CL_07,iOS,Organic,02_100%鍙婁互涓?5,5,8300000.0,7500000.0,3,5,5300000.0,8300000.0,3,5,5300000.0,8300000.0
2026-08-11,01_棣栫瑪鏀炬,01_棣栨鎺堜俊,RG3,CL_05,iOS,ASA,02_100%鍙婁互涓?1,1,1200000.0,1200000.0,0,1,0.0,1200000.0,0,1,0.0,1200000.0
2026-08-04,01_棣栫瑪鏀炬,01_棣栨鎺堜俊,RG7,CL_05,Android,Tiktok,02_100%鍙婁互涓?1,1,300000.0,300000.0,0,1,0.0,300000.0,0,1,0.0,300000.0
2026-07-31,01_棣栫瑪鏀炬,01_棣栨鎺堜俊,RG6,CL_05,Android,Google,02_100%鍙婁互涓?7,7,2100000.0,2100000.0,4,7,1200000.0,2100000.0,3,7,900000.0,2100000.0
2026-07-31,01_棣栫瑪鏀炬,01_棣栨鎺堜俊,RG2,CL_07,iOS,Facebook,02_100%鍙婁互涓?1,1,2300000.0,1500000.0,1,1,2300000.0,2300000.0,1,1,2300000.0,2300000.0
2026-08-07,01_棣栫瑪鏀炬,01_棣栨鎺堜俊,RG2,CL_07,Android,Google,02_100%鍙婁互涓?5,5,6900000.0,6000000.0,0,5,0.0,6900000.0,0,5,0.0,6900000.0
2026-09-04,01_棣栫瑪鏀炬,01_棣栨鎺堜俊,RG3,CL_05,iOS,Google,02_100%鍙婁互涓?1,1,1600000.0,1200000.0,0,0,0.0,0.0,0,0,0.0,0.0
2026-08-18,01_棣栫瑪鏀炬,01_棣栨鎺堜俊,RG6,CL_05,Android,Tiktok,02_100%鍙婁互涓?2,2,600000.0,600000.0,1,2,300000.0,600000.0,0,0,0.0,0.0
2026-09-05,01_棣栫瑪鏀炬,02_闈為娆℃巿淇?RG3,CL_05,Android,Organic,02_100%鍙婁互涓?1,1,800000.0,800000.0,0,0,0.0,0.0,0,0,0.0,0.0
2026-08-17,01_棣栫瑪鏀炬,02_闈為娆℃巿淇?RG6,CL_05,Android,Facebook,02_100%鍙婁互涓?1,1,300000.0,300000.0,1,1,300000.0,300000.0,0,0,0.0,0.0
2026-08-12,01_棣栫瑪鏀炬,02_闈為娆℃巿淇?RG5,CL_05,iOS,Facebook,02_100%鍙婁互涓?2,2,600000.0,600000.0,1,2,300000.0,600000.0,1,2,300000.0,600000.0
2026-08-02,01_棣栫瑪鏀炬,02_闈為娆℃巿淇?RG6,CL_05,Android,Google,02_100%鍙婁互涓?2,2,600000.0,600000.0,2,2,600000.0,600000.0,2,2,600000.0,600000.0
2026-08-26,01_棣栫瑪鏀炬,01_棣栨鎺堜俊,RG2,CL_07,iOS,Organic,02_100%鍙婁互涓?3,3,4500000.0,4500000.0,0,0,0.0,0.0,0,0,0.0,0.0
2026-07-20,01_棣栫瑪鏀炬,02_闈為娆℃巿淇?RG4,CL_05,iOS,Organic,02_100%鍙婁互涓?1,1,800000.0,800000.0,1,1,800000.0,800000.0,1,1,800000.0,800000.0
2026-07-29,01_棣栫瑪鏀炬,02_闈為娆℃巿淇?RG5,CL_03,Android,Facebook,02_100%鍙婁互涓?1,1,400000.0,400000.0,1,1,400000.0,400000.0,1,1,400000.0,400000.0
2026-07-31,01_棣栫瑪鏀炬,01_棣栨鎺堜俊,RG3,CL_05,iOS,Tiktok,02_100%鍙婁互涓?1,1,1200000.0,1200000.0,1,1,1200000.0,1200000.0,1,1,1200000.0,1200000.0
2026-07-18,01_棣栫瑪鏀炬,02_闈為娆℃巿淇?RG5,CL_05,Android,Facebook,02_100%鍙婁互涓?5,5,1900000.0,1900000.0,2,5,700000.0,1900000.0,2,5,700000.0,1900000.0
2026-07-26,01_棣栫瑪鏀炬,01_棣栨鎺堜俊,RG2,CL_07,iOS,Facebook,02_100%鍙婁互涓?1,1,1500000.0,1500000.0,0,1,0.0,1500000.0,0,1,0.0,1500000.0
2026-08-06,01_棣栫瑪鏀炬,01_棣栨鎺堜俊,RG3,CL_05,Android,Google,02_100%鍙婁互涓?12,12,8400000.0,8200000.0,4,12,2800000.0,8400000.0,3,12,2000000.0,8400000.0
2026-08-12,01_棣栫瑪鏀炬,01_棣栨鎺堜俊,RG3,CL_05,Android,Google,01_100%浠ヤ笅,1,1,300000.0,800000.0,0,1,0.0,300000.0,0,1,0.0,300000.0
2026-08-07,01_棣栫瑪鏀炬,02_闈為娆℃巿淇?RG6,CL_05,Android,Facebook,02_100%鍙婁互涓?1,1,300000.0,300000.0,1,1,300000.0,300000.0,1,1,300000.0,300000.0
2026-08-17,01_棣栫瑪鏀炬,01_棣栨鎺堜俊,RG2,CL_01,iOS,Facebook,02_100%鍙婁互涓?1,1,2000000.0,2000000.0,0,1,0.0,2000000.0,0,0,0.0,0.0
2026-08-03,01_棣栫瑪鏀炬,02_闈為娆℃巿淇?RG6,CL_05,Android,Google,02_100%鍙婁互涓?1,1,300000.0,300000.0,1,1,300000.0,300000.0,1,1,300000.0,300000.0
2026-08-24,01_棣栫瑪鏀炬,01_棣栨鎺堜俊,RG2,CL_07,iOS,Tiktok,02_100%鍙婁互涓?1,1,1500000.0,1500000.0,0,0,0.0,0.0,0,0,0.0,0.0
2026-07-19,01_棣栫瑪鏀炬,01_棣栨鎺堜俊,RG3,CL_03,iOS,Organic,02_100%鍙婁互涓?4,4,3400000.0,3000000.0,2,4,1800000.0,3400000.0,2,4,1800000.0,3400000.0
2026-08-25,01_棣栫瑪鏀炬,01_棣栨鎺堜俊,RG2,CL_05,iOS,Google,02_100%鍙婁互涓?1,1,1500000.0,1500000.0,0,0,0.0,0.0,0,0,0.0,0.0
2026-09-03,01_棣栫瑪鏀炬,01_棣栨鎺堜俊,RG2,CL_07,Android,Organic,02_100%鍙婁互涓?1,1,1200000.0,1200000.0,0,0,0.0,0.0,0,0,0.0,0.0
2026-08-12,01_棣栫瑪鏀炬,01_棣栨鎺堜俊,RG5,CL_05,iOS,ASA,02_100%鍙婁互涓?1,1,300000.0,300000.0,0,1,0.0,300000.0,0,1,0.0,300000.0
2026-08-31,01_棣栫瑪鏀炬,01_棣栨鎺堜俊,RG7,CL_05,Android,Google,02_100%鍙婁互涓?1,1,300000.0,300000.0,0,0,0.0,0.0,0,0,0.0,0.0
2026-08-09,01_棣栫瑪鏀炬,01_棣栨鎺堜俊,RG7,CL_05,Android,Facebook,02_100%鍙婁互涓?1,1,300000.0,300000.0,0,1,0.0,300000.0,0,1,0.0,300000.0
2026-08-16,01_棣栫瑪鏀炬,02_闈為娆℃巿淇?RG5,CL_05,Android,Tiktok,02_100%鍙婁互涓?1,1,400000.0,400000.0,1,1,400000.0,400000.0,0,0,0.0,0.0
2026-08-21,01_棣栫瑪鏀炬,01_棣栨鎺堜俊,RG3,CL_05,Android,Facebook,02_100%鍙婁互涓?6,6,4400000.0,4400000.0,2,6,1600000.0,4400000.0,0,0,0.0,0.0
2026-08-05,01_棣栫瑪鏀炬,02_闈為娆℃巿淇?RG5,CL_05,iOS,Facebook,02_100%鍙婁互涓?2,2,700000.0,700000.0,0,2,0.0,700000.0,0,2,0.0,700000.0
2026-08-21,01_棣栫瑪鏀炬,01_棣栨鎺堜俊,RG2,CL_05,Android,Tiktok,02_100%鍙婁互涓?1,1,1600000.0,1200000.0,1,1,1600000.0,1600000.0,0,0,0.0,0.0
2026-08-25,01_棣栫瑪鏀炬,02_闈為娆℃巿淇?RG3,CL_05,iOS,Organic,02_100%鍙婁互涓?1,1,1200000.0,1200000.0,0,0,0.0,0.0,0,0,0.0,0.0
2026-08-11,01_棣栫瑪鏀炬,01_棣栨鎺堜俊,RG3,CL_03,Android,Organic,02_100%鍙婁互涓?1,1,1000000.0,1000000.0,0,1,0.0,1000000.0,0,1,0.0,1000000.0
2026-07-24,01_棣栫瑪鏀炬,01_棣栨鎺堜俊,RG2,CL_05,iOS,Organic,02_100%鍙婁互涓?3,3,5400000.0,4500000.0,2,3,3300000.0,5400000.0,2,3,3300000.0,5400000.0
2026-07-14,01_棣栫瑪鏀炬,01_棣栨鎺堜俊,RG2,CL_01,Android,Organic,02_100%鍙婁互涓?1,1,2000000.0,2000000.0,0,1,0.0,2000000.0,0,1,0.0,2000000.0
2026-07-24,01_棣栫瑪鏀炬,01_棣栨鎺堜俊,RG5,CL_04,iOS,ASA,02_100%鍙婁互涓?1,1,700000.0,300000.0,0,1,0.0,700000.0,0,1,0.0,700000.0
2026-07-12,01_棣栫瑪鏀炬,01_棣栨鎺堜俊,RG0,CL_01,iOS,Facebook,02_100%鍙婁互涓?1,1,4000000.0,4000000.0,0,1,0.0,4000000.0,0,1,0.0,4000000.0
2026-07-21,01_棣栫瑪鏀炬,01_棣栨鎺堜俊,RG4,CL_05,Android,Facebook,02_100%鍙婁互涓?13,13,6400000.0,6400000.0,8,13,4000000.0,6400000.0,5,13,2400000.0,6400000.0
2026-07-25,01_棣栫瑪鏀炬,01_棣栨鎺堜俊,RG6,CL_05,Android,Facebook,02_100%鍙婁互涓?1,1,300000.0,300000.0,0,1,0.0,300000.0,0,1,0.0,300000.0
2026-07-12,01_棣栫瑪鏀炬,02_闈為娆℃巿淇?RG6,CL_04,Android,Organic,02_100%鍙婁互涓?1,1,300000.0,300000.0,0,1,0.0,300000.0,0,1,0.0,300000.0
2026-08-13,01_棣栫瑪鏀炬,01_棣栨鎺堜俊,RG6,CL_05,Android,Tiktok,02_100%鍙婁互涓?1,1,300000.0,300000.0,1,1,300000.0,300000.0,0,1,0.0,300000.0
2026-09-03,01_棣栫瑪鏀炬,01_棣栨鎺堜俊,RG5,CL_05,iOS,Organic,02_100%鍙婁互涓?4,4,1500000.0,1500000.0,0,0,0.0,0.0,0,0,0.0,0.0
2026-08-17,01_棣栫瑪鏀炬,01_棣栨鎺堜俊,RG1,CL_01,iOS,Facebook,02_100%鍙婁互涓?2,2,5000000.0,5000000.0,1,2,2500000.0,5000000.0,0,0,0.0,0.0
2026-08-02,01_棣栫瑪鏀炬,02_闈為娆℃巿淇?RG5,CL_05,iOS,ASA,02_100%鍙婁互涓?1,1,400000.0,400000.0,0,1,0.0,400000.0,0,1,0.0,400000.0
2026-09-07,01_棣栫瑪鏀炬,01_棣栨鎺堜俊,RG2,CL_01,iOS,ASA,02_100%鍙婁互涓?1,1,2500000.0,2500000.0,0,0,0.0,0.0,0,0,0.0,0.0
2026-08-18,01_棣栫瑪鏀炬,01_棣栨鎺堜俊,RG3,CL_05,iOS,Google,02_100%鍙婁互涓?3,3,3200000.0,3200000.0,3,3,3200000.0,3200000.0,0,0,0.0,0.0
2026-08-01,01_棣栫瑪鏀炬,02_闈為娆℃巿淇?RG7,CL_05,Android,Organic,02_100%鍙婁互涓?1,1,300000.0,300000.0,1,1,300000.0,300000.0,1,1,300000.0,300000.0
2026-07-10,01_棣栫瑪鏀炬,01_棣栨鎺堜俊,RG7,CL_04,Android,Organic,02_100%鍙婁互涓?2,2,600000.0,600000.0,2,2,600000.0,600000.0,0,2,0.0,600000.0
2026-08-04,01_棣栫瑪鏀炬,02_闈為娆℃巿淇?RG4,CL_05,Android,Organic,01_100%浠ヤ笅,1,1,300000.0,600000.0,0,1,0.0,300000.0,0,1,0.0,300000.0
2026-08-26,01_棣栫瑪鏀炬,02_闈為娆℃巿淇?RG3,CL_05,iOS,Facebook,02_100%鍙婁互涓?1,1,1200000.0,1200000.0,0,0,0.0,0.0,0,0,0.0,0.0
2026-09-01,01_棣栫瑪鏀炬,01_棣栨鎺堜俊,RG3,CL_05,Android,Google,02_100%鍙婁互涓?14,14,9900000.0,9600000.0,0,0,0.0,0.0,0,0,0.0,0.0
2026-08-11,01_棣栫瑪鏀炬,01_棣栨鎺堜俊,RG3,CL_05,Android,Google,02_100%鍙婁互涓?11,11,8100000.0,7800000.0,5,11,3800000.0,8100000.0,4,11,3000000.0,8100000.0
2026-08-25,01_棣栫瑪鏀炬,02_闈為娆℃巿淇?RG5,CL_05,iOS,Facebook,02_100%鍙婁互涓?1,1,300000.0,300000.0,0,0,0.0,0.0,0,0,0.0,0.0
2026-08-20,01_棣栫瑪鏀炬,01_棣栨鎺堜俊,RG3,CL_05,Android,Tiktok,02_100%鍙婁互涓?10,10,7200000.0,7000000.0,3,10,2400000.0,7200000.0,0,0,0.0,0.0
2026-09-01,01_棣栫瑪鏀炬,01_棣栨鎺堜俊,RG2,CL_05,iOS,Organic,02_100%鍙婁互涓?3,3,3900000.0,3900000.0,0,0,0.0,0.0,0,0,0.0,0.0
2026-07-16,01_棣栫瑪鏀炬,01_棣栨鎺堜俊,RG4,CL_04,iOS,Organic,02_100%鍙婁互涓?1,1,600000.0,600000.0,1,1,600000.0,600000.0,1,1,600000.0,600000.0
2026-09-02,01_棣栫瑪鏀炬,01_棣栨鎺堜俊,RG4,CL_05,Android,Tiktok,02_100%鍙婁互涓?5,5,2500000.0,2500000.0,0,0,0.0,0.0,0,0,0.0,0.0
2026-08-14,01_棣栫瑪鏀炬,01_棣栨鎺堜俊,RG2,CL_05,Android,Google,02_100%鍙婁互涓?9,9,1.0E7,1.0E7,2,9,2400000.0,1.0E7,0,0,0.0,0.0
2026-08-13,01_棣栫瑪鏀炬,01_棣栨鎺堜俊,RG5,CL_05,iOS,Organic,02_100%鍙婁互涓?17,17,6000000.0,5600000.0,11,17,3600000.0,6000000.0,11,17,3600000.0,6000000.0
2026-08-07,01_棣栫瑪鏀炬,01_棣栨鎺堜俊,RG2,CL_05,Android,Organic,01_100%浠ヤ笅,1,1,1000000.0,1200000.0,0,1,0.0,1000000.0,0,1,0.0,1000000.0
2026-08-08,01_棣栫瑪鏀炬,01_棣栨鎺堜俊,RG5,CL_05,Android,Tiktok,02_100%鍙婁互涓?5,5,1800000.0,1800000.0,2,5,800000.0,1800000.0,0,5,0.0,1800000.0
2026-09-04,01_棣栫瑪鏀炬,01_棣栨鎺堜俊,RG5,CL_05,iOS,Organic,02_100%鍙婁互涓?4,4,1300000.0,1300000.0,0,0,0.0,0.0,0,0,0.0,0.0
2026-08-09,01_棣栫瑪鏀炬,01_棣栨鎺堜俊,RG4,CL_05,Android,Organic,02_100%鍙婁互涓?2,2,800000.0,800000.0,1,2,400000.0,800000.0,1,2,400000.0,800000.0
2026-08-27,01_棣栫瑪鏀炬,02_闈為娆℃巿淇?RG5,CL_05,iOS,Organic,02_100%鍙婁互涓?1,1,300000.0,300000.0,0,0,0.0,0.0,0,0,0.0,0.0
2026-08-02,01_棣栫瑪鏀炬,02_闈為娆℃巿淇?RG4,CL_05,Android,Organic,02_100%鍙婁互涓?2,2,1000000.0,1000000.0,2,2,1000000.0,1000000.0,2,2,1000000.0,1000000.0
2026-09-06,01_棣栫瑪鏀炬,01_棣栨鎺堜俊,RG4,CL_05,Android,Google,02_100%鍙婁互涓?5,5,1900000.0,1900000.0,0,0,0.0,0.0,0,0,0.0,0.0
2026-07-10,01_棣栫瑪鏀炬,01_棣栨鎺堜俊,RG3,CL_03,Android,Google,02_100%鍙婁互涓?1,1,600000.0,600000.0,0,1,0.0,600000.0,0,1,0.0,600000.0
2026-07-11,01_棣栫瑪鏀炬,01_棣栨鎺堜俊,RG4,CL_05,Android,Facebook,02_100%鍙婁互涓?2,2,1000000.0,1000000.0,1,2,600000.0,1000000.0,1,2,600000.0,1000000.0
2026-08-08,01_棣栫瑪鏀炬,01_棣栨鎺堜俊,RG2,CL_05,Android,Organic,02_100%鍙婁互涓?1,1,1000000.0,1000000.0,0,1,0.0,1000000.0,0,1,0.0,1000000.0
2026-07-29,01_棣栫瑪鏀炬,01_棣栨鎺堜俊,RG4,CL_05,Android,Tiktok,01_100%浠ヤ笅,2,2,700000.0,1200000.0,1,2,400000.0,700000.0,1,2,400000.0,700000.0
2026-08-01,01_棣栫瑪鏀炬,01_棣栨鎺堜俊,RG2,CL_01,iOS,Organic,02_100%鍙婁互涓?1,1,2000000.0,2000000.0,0,1,0.0,2000000.0,0,1,0.0,2000000.0
2026-08-25,01_棣栫瑪鏀炬,02_闈為娆℃巿淇?RG4,CL_05,iOS,Organic,02_100%鍙婁互涓?3,3,2600000.0,2200000.0,0,0,0.0,0.0,0,0,0.0,0.0
2026-07-12,01_棣栫瑪鏀炬,01_棣栨鎺堜俊,RG5,CL_03,iOS,Organic,02_100%鍙婁互涓?9,9,3400000.0,3000000.0,4,9,1400000.0,3400000.0,4,9,1400000.0,3400000.0
2026-08-14,01_棣栫瑪鏀炬,01_棣栨鎺堜俊,RG4,CL_05,Android,Tiktok,02_100%鍙婁互涓?5,5,2800000.0,2800000.0,2,5,1200000.0,2800000.0,0,0,0.0,0.0
2026-09-07,01_棣栫瑪鏀炬,01_棣栨鎺堜俊,RG1,CL_01,iOS,ASA,02_100%鍙婁互涓?1,1,3000000.0,3000000.0,0,0,0.0,0.0,0,0,0.0,0.0
2026-08-27,01_棣栫瑪鏀炬,01_棣栨鎺堜俊,RG1,CL_01,iOS,Tiktok,02_100%鍙婁互涓?1,1,2500000.0,2500000.0,0,0,0.0,0.0,0,0,0.0,0.0
2026-07-20,01_棣栫瑪鏀炬,01_棣栨鎺堜俊,RG5,CL_04,Android,Organic,02_100%鍙婁互涓?1,1,400000.0,400000.0,1,1,400000.0,400000.0,1,1,400000.0,400000.0
2026-07-26,01_棣栫瑪鏀炬,01_棣栨鎺堜俊,RG2,CL_01,Android,Facebook,02_100%鍙婁互涓?1,1,2300000.0,1500000.0,0,1,0.0,2300000.0,0,1,0.0,2300000.0
2026-07-14,01_棣栫瑪鏀炬,01_棣栨鎺堜俊,RG3,CL_04,Android,Organic,02_100%鍙婁互涓?1,1,800000.0,800000.0,0,1,0.0,800000.0,0,1,0.0,800000.0
2026-08-28,01_棣栫瑪鏀炬,02_闈為娆℃巿淇?RG2,CL_05,Android,Google,02_100%鍙婁互涓?1,1,1000000.0,1000000.0,0,0,0.0,0.0,0,0,0.0,0.0
2026-07-16,01_棣栫瑪鏀炬,01_棣栨鎺堜俊,RG3,CL_05,iOS,Organic,02_100%鍙婁互涓?4,4,4000000.0,4000000.0,2,4,1600000.0,4000000.0,2,4,1600000.0,4000000.0
2026-08-14,01_棣栫瑪鏀炬,01_棣栨鎺堜俊,RG5,CL_05,Android,Tiktok,02_100%鍙婁互涓?3,3,1100000.0,1100000.0,2,3,700000.0,1100000.0,0,0,0.0,0.0
2026-08-27,01_棣栫瑪鏀炬,02_闈為娆℃巿淇?RG2,CL_05,iOS,ASA,02_100%鍙婁互涓?1,1,1500000.0,1500000.0,0,0,0.0,0.0,0,0,0.0,0.0
2026-07-12,01_棣栫瑪鏀炬,01_棣栨鎺堜俊,RG4,CL_03,Android,Tiktok,02_100%鍙婁互涓?1,1,600000.0,600000.0,0,1,0.0,600000.0,0,1,0.0,600000.0
2026-09-06,01_棣栫瑪鏀炬,01_棣栨鎺堜俊,RG3,CL_05,Android,Organic,02_100%鍙婁互涓?2,2,1800000.0,1600000.0,0,0,0.0,0.0,0,0,0.0,0.0
2026-07-17,01_棣栫瑪鏀炬,01_棣栨鎺堜俊,RG1,CL_01,iOS,Organic,02_100%鍙婁互涓?4,4,1.28E7,1.13E7,0,4,0.0,1.28E7,0,4,0.0,1.28E7
2026-07-10,01_棣栫瑪鏀炬,01_棣栨鎺堜俊,RG7,CL_03,Android,Facebook,02_100%鍙婁互涓?5,5,1500000.0,1500000.0,4,5,1200000.0,1500000.0,3,5,900000.0,1500000.0
2026-08-29,01_棣栫瑪鏀炬,01_棣栨鎺堜俊,RG5,CL_05,iOS,Facebook,02_100%鍙婁互涓?2,2,1000000.0,800000.0,0,0,0.0,0.0,0,0,0.0,0.0
2026-08-25,01_棣栫瑪鏀炬,01_棣栨鎺堜俊,RG5,CL_05,Android,Organic,02_100%鍙婁互涓?1,1,400000.0,400000.0,0,0,0.0,0.0,0,0,0.0,0.0
2026-09-03,01_棣栫瑪鏀炬,02_闈為娆℃巿淇?RG5,CL_05,iOS,绌哄€?02_100%鍙婁互涓?1,1,300000.0,300000.0,0,0,0.0,0.0,0,0,0.0,0.0
2026-07-10,01_棣栫瑪鏀炬,01_棣栨鎺堜俊,RG5,CL_04,Android,Facebook,02_100%鍙婁互涓?7,7,2600000.0,2600000.0,4,7,1400000.0,2600000.0,3,7,1100000.0,2600000.0
2026-09-05,01_棣栫瑪鏀炬,02_闈為娆℃巿淇?RG3,CL_05,Android,Google,02_100%鍙婁互涓?1,1,800000.0,800000.0,0,0,0.0,0.0,0,0,0.0,0.0
2026-08-24,01_棣栫瑪鏀炬,01_棣栨鎺堜俊,RG4,CL_05,iOS,Organic,02_100%鍙婁互涓?6,6,5000000.0,4400000.0,0,0,0.0,0.0,0,0,0.0,0.0
2026-08-16,01_棣栫瑪鏀炬,01_棣栨鎺堜俊,RG3,CL_05,iOS,Tiktok,02_100%鍙婁互涓?5,5,5800000.0,5200000.0,1,5,1200000.0,5800000.0,0,0,0.0,0.0
2026-08-10,01_棣栫瑪鏀炬,01_棣栨鎺堜俊,RG6,CL_05,Android,Google,02_100%鍙婁互涓?2,2,600000.0,600000.0,1,2,300000.0,600000.0,1,2,300000.0,600000.0
2026-08-06,01_棣栫瑪鏀炬,01_棣栨鎺堜俊,RG1,CL_01,Android,Google,02_100%鍙婁互涓?1,1,1500000.0,1500000.0,1,1,1500000.0,1500000.0,1,1,1500000.0,1500000.0
2026-07-22,01_棣栫瑪鏀炬,02_闈為娆℃巿淇?RG4,CL_05,Android,Facebook,01_100%浠ヤ笅,1,1,300000.0,600000.0,1,1,300000.0,300000.0,1,1,300000.0,300000.0
2026-08-21,01_棣栫瑪鏀炬,01_棣栨鎺堜俊,RG4,CL_05,Android,Google,01_100%浠ヤ笅,4,4,1300000.0,2100000.0,0,4,0.0,1300000.0,0,0,0.0,0.0
2026-08-21,01_棣栫瑪鏀炬,02_闈為娆℃巿淇?RG5,CL_05,Android,绌哄€?02_100%鍙婁互涓?1,1,400000.0,400000.0,0,1,0.0,400000.0,0,0,0.0,0.0
2026-08-11,01_棣栫瑪鏀炬,01_棣栨鎺堜俊,RG5,CL_05,iOS,ASA,02_100%鍙婁互涓?1,1,300000.0,300000.0,1,1,300000.0,300000.0,1,1,300000.0,300000.0
2026-08-06,01_棣栫瑪鏀炬,01_棣栨鎺堜俊,RG5,CL_05,Android,Facebook,02_100%鍙婁互涓?18,18,6600000.0,6600000.0,10,18,3500000.0,6600000.0,10,18,3500000.0,6600000.0
2026-08-19,01_棣栫瑪鏀炬,01_棣栨鎺堜俊,RG3,CL_05,iOS,Google,01_100%浠ヤ笅,1,1,400000.0,800000.0,0,1,0.0,400000.0,0,0,0.0,0.0
2026-09-03,01_棣栫瑪鏀炬,02_闈為娆℃巿淇?RG1,CL_01,Android,Google,02_100%鍙婁互涓?1,1,1500000.0,1500000.0,0,0,0.0,0.0,0,0,0.0,0.0
2026-08-12,01_棣栫瑪鏀炬,02_闈為娆℃巿淇?RG5,CL_05,iOS,Organic,02_100%鍙婁互涓?1,1,400000.0,400000.0,0,1,0.0,400000.0,0,1,0.0,400000.0
2026-08-15,01_棣栫瑪鏀炬,01_棣栨鎺堜俊,RG3,CL_05,iOS,ASA,02_100%鍙婁互涓?2,2,2600000.0,2200000.0,0,2,0.0,2600000.0,0,0,0.0,0.0
2026-08-10,01_棣栫瑪鏀炬,01_棣栨鎺堜俊,RG3,CL_05,Android,Facebook,01_100%浠ヤ笅,2,2,800000.0,1600000.0,0,2,0.0,800000.0,0,2,0.0,800000.0
2026-07-31,01_棣栫瑪鏀炬,01_棣栨鎺堜俊,RG4,CL_05,Android,Google,02_100%鍙婁互涓?21,21,1.12E7,1.12E7,13,21,6600000.0,1.12E7,12,21,6200000.0,1.12E7
2026-07-15,01_棣栫瑪鏀炬,01_棣栨鎺堜俊,RG3,CL_03,Android,Organic,02_100%鍙婁互涓?3,3,2200000.0,2200000.0,1,3,600000.0,2200000.0,1,3,600000.0,2200000.0
2026-07-13,01_棣栫瑪鏀炬,02_闈為娆℃巿淇?RG6,CL_05,Android,Facebook,02_100%鍙婁互涓?1,1,300000.0,300000.0,1,1,300000.0,300000.0,0,1,0.0,300000.0
2026-07-19,01_棣栫瑪鏀炬,01_棣栨鎺堜俊,RG2,CL_01,iOS,Facebook,02_100%鍙婁互涓?2,2,4000000.0,4000000.0,0,2,0.0,4000000.0,0,2,0.0,4000000.0
2026-07-13,01_棣栫瑪鏀炬,02_闈為娆℃巿淇?RG3,CL_05,Android,Facebook,01_100%浠ヤ笅,1,1,300000.0,600000.0,0,1,0.0,300000.0,0,1,0.0,300000.0
2026-07-24,01_棣栫瑪鏀炬,01_棣栨鎺堜俊,RG2,CL_05,iOS,Facebook,02_100%鍙婁互涓?1,1,1500000.0,1500000.0,0,1,0.0,1500000.0,0,1,0.0,1500000.0
2026-07-12,01_棣栫瑪鏀炬,02_闈為娆℃巿淇?RG7,CL_03,Android,Facebook,02_100%鍙婁互涓?1,1,300000.0,300000.0,1,1,300000.0,300000.0,1,1,300000.0,300000.0
2026-07-22,01_棣栫瑪鏀炬,01_棣栨鎺堜俊,RG5,CL_05,iOS,Organic,01_100%浠ヤ笅,1,1,300000.0,400000.0,0,1,0.0,300000.0,0,1,0.0,300000.0
2026-08-14,01_棣栫瑪鏀炬,01_棣栨鎺堜俊,RG1,CL_01,Android,Tiktok,02_100%鍙婁互涓?2,2,3000000.0,3000000.0,0,2,0.0,3000000.0,0,0,0.0,0.0
2026-08-09,01_棣栫瑪鏀炬,01_棣栨鎺堜俊,RG2,CL_05,iOS,Organic,02_100%鍙婁互涓?1,1,1500000.0,1500000.0,1,1,1500000.0,1500000.0,1,1,1500000.0,1500000.0
2026-07-25,01_棣栫瑪鏀炬,01_棣栨鎺堜俊,RG6,CL_05,Android,Organic,02_100%鍙婁互涓?1,1,300000.0,300000.0,1,1,300000.0,300000.0,1,1,300000.0,300000.0
2026-08-02,01_棣栫瑪鏀炬,02_闈為娆℃巿淇?RG3,CL_05,Android,Facebook,02_100%鍙婁互涓?2,2,1200000.0,1200000.0,0,2,0.0,1200000.0,0,2,0.0,1200000.0
2026-07-12,01_棣栫瑪鏀炬,02_闈為娆℃巿淇?RG6,CL_04,Android,Facebook,02_100%鍙婁互涓?1,1,300000.0,300000.0,0,1,0.0,300000.0,0,1,0.0,300000.0
2026-07-25,01_棣栫瑪鏀炬,02_闈為娆℃巿淇?RG7,CL_05,Android,Tiktok,02_100%鍙婁互涓?1,1,300000.0,300000.0,1,1,300000.0,300000.0,1,1,300000.0,300000.0
2026-08-20,01_棣栫瑪鏀炬,01_棣栨鎺堜俊,RG2,CL_07,Android,Organic,02_100%鍙婁互涓?2,2,2700000.0,2400000.0,0,2,0.0,2700000.0,0,0,0.0,0.0
2026-07-15,01_棣栫瑪鏀炬,01_棣栨鎺堜俊,RG4,CL_05,Android,Organic,01_100%浠ヤ笅,1,1,400000.0,600000.0,1,1,400000.0,400000.0,1,1,400000.0,400000.0
2026-08-03,01_棣栫瑪鏀炬,02_闈為娆℃巿淇?RG4,CL_05,Android,Google,02_100%鍙婁互涓?5,5,2400000.0,2400000.0,3,4,1400000.0,1800000.0,2,4,1000000.0,1800000.0
2026-08-15,01_棣栫瑪鏀炬,01_棣栨鎺堜俊,RG2,CL_07,Android,Tiktok,02_100%鍙婁互涓?2,2,2700000.0,2400000.0,0,2,0.0,2700000.0,0,0,0.0,0.0
2026-08-31,01_棣栫瑪鏀炬,02_闈為娆℃巿淇?RG5,CL_05,iOS,Organic,02_100%鍙婁互涓?1,1,400000.0,400000.0,0,0,0.0,0.0,0,0,0.0,0.0
2026-07-23,01_棣栫瑪鏀炬,02_闈為娆℃巿淇?RG3,CL_05,Android,Facebook,02_100%鍙婁互涓?4,4,2800000.0,2800000.0,1,4,600000.0,2800000.0,0,4,0.0,2800000.0
2026-07-14,01_棣栫瑪鏀炬,01_棣栨鎺堜俊,RG4,CL_03,Android,Facebook,02_100%鍙婁互涓?7,7,3400000.0,3400000.0,5,7,2400000.0,3400000.0,4,7,2000000.0,3400000.0
2026-07-17,01_棣栫瑪鏀炬,01_棣栨鎺堜俊,RG2,CL_05,Android,Organic,02_100%鍙婁互涓?1,1,1200000.0,1200000.0,1,1,1200000.0,1200000.0,1,1,1200000.0,1200000.0
2026-09-06,01_棣栫瑪鏀炬,01_棣栨鎺堜俊,RG5,CL_05,Android,Facebook,02_100%鍙婁互涓?1,1,400000.0,400000.0,0,0,0.0,0.0,0,0,0.0,0.0
2026-07-12,01_棣栫瑪鏀炬,01_棣栨鎺堜俊,RG4,CL_04,Android,Tiktok,02_100%鍙婁互涓?3,3,1400000.0,1400000.0,2,3,1000000.0,1400000.0,1,3,400000.0,1400000.0
2026-08-02,01_棣栫瑪鏀炬,01_棣栨鎺堜俊,RG0,CL_06,iOS,Organic,02_100%鍙婁互涓?2,2,1.2E7,1.2E7,0,2,0.0,1.2E7,0,2,0.0,1.2E7
2026-07-11,01_棣栫瑪鏀炬,01_棣栨鎺堜俊,RG1,CL_01,iOS,ASA,02_100%鍙婁互涓?3,3,8000000.0,7500000.0,0,3,0.0,8000000.0,0,3,0.0,8000000.0
2026-08-06,01_棣栫瑪鏀炬,01_棣栨鎺堜俊,RG4,CL_05,Android,Organic,02_100%鍙婁互涓?9,9,4200000.0,4200000.0,3,9,1400000.0,4200000.0,3,9,1400000.0,4200000.0
2026-07-24,01_棣栫瑪鏀炬,01_棣栨鎺堜俊,RG4,CL_05,Android,Organic,02_100%鍙婁互涓?5,5,2600000.0,2600000.0,2,5,1200000.0,2600000.0,2,5,1200000.0,2600000.0
2026-08-23,01_棣栫瑪鏀炬,01_棣栨鎺堜俊,RG4,CL_05,iOS,Organic,01_100%浠ヤ笅,1,1,700000.0,800000.0,1,1,700000.0,700000.0,0,0,0.0,0.0
2026-07-13,01_棣栫瑪鏀炬,01_棣栨鎺堜俊,RG5,CL_03,iOS,鍏朵粬,02_100%鍙婁互涓?1,1,400000.0,400000.0,0,1,0.0,400000.0,0,1,0.0,400000.0
2026-07-14,01_棣栫瑪鏀炬,01_棣栨鎺堜俊,RG3,CL_03,Android,Facebook,02_100%鍙婁互涓?8,8,5400000.0,5200000.0,5,8,3400000.0,5400000.0,4,8,2800000.0,5400000.0
2026-08-05,01_棣栫瑪鏀炬,01_棣栨鎺堜俊,RG3,CL_05,Android,Organic,01_100%浠ヤ笅,2,2,700000.0,1600000.0,0,2,0.0,700000.0,0,2,0.0,700000.0
2026-08-17,01_棣栫瑪鏀炬,01_棣栨鎺堜俊,RG1,CL_01,Android,Tiktok,02_100%鍙婁互涓?1,1,1500000.0,1500000.0,0,1,0.0,1500000.0,0,0,0.0,0.0
2026-07-18,01_棣栫瑪鏀炬,02_闈為娆℃巿淇?RG4,CL_05,iOS,绌哄€?02_100%鍙婁互涓?1,1,800000.0,800000.0,1,1,800000.0,800000.0,0,1,0.0,800000.0
2026-07-15,01_棣栫瑪鏀炬,01_棣栨鎺堜俊,RG3,CL_05,Android,Facebook,02_100%鍙婁互涓?3,3,2000000.0,2000000.0,2,3,1400000.0,2000000.0,1,3,800000.0,2000000.0
2026-08-11,01_棣栫瑪鏀炬,01_棣栨鎺堜俊,RG6,CL_05,Android,Google,02_100%鍙婁互涓?3,3,900000.0,900000.0,3,3,900000.0,900000.0,1,3,300000.0,900000.0
2026-08-20,01_棣栫瑪鏀炬,01_棣栨鎺堜俊,RG2,CL_03,Android,Facebook,02_100%鍙婁互涓?1,1,1200000.0,1200000.0,0,1,0.0,1200000.0,0,0,0.0,0.0
2026-08-09,01_棣栫瑪鏀炬,01_棣栨鎺堜俊,RG6,CL_05,Android,Organic,02_100%鍙婁互涓?1,1,300000.0,300000.0,1,1,300000.0,300000.0,1,1,300000.0,300000.0
2026-08-10,01_棣栫瑪鏀炬,01_棣栨鎺堜俊,RG4,CL_05,Android,Facebook,01_100%浠ヤ笅,1,1,300000.0,400000.0,0,1,0.0,300000.0,0,1,0.0,300000.0
2026-07-17,01_棣栫瑪鏀炬,01_棣栨鎺堜俊,RG3,CL_03,iOS,Organic,02_100%鍙婁互涓?1,1,1000000.0,1000000.0,0,1,0.0,1000000.0,0,1,0.0,1000000.0
2026-08-14,01_棣栫瑪鏀炬,02_闈為娆℃巿淇?RG2,CL_07,iOS,Organic,02_100%鍙婁互涓?1,1,1500000.0,1500000.0,0,1,0.0,1500000.0,0,0,0.0,0.0
2026-07-30,01_棣栫瑪鏀炬,01_棣栨鎺堜俊,RG7,CL_05,Android,Facebook,02_100%鍙婁互涓?2,2,600000.0,600000.0,1,2,300000.0,600000.0,1,2,300000.0,600000.0
2026-08-30,01_棣栫瑪鏀炬,01_棣栨鎺堜俊,RG3,CL_05,iOS,Facebook,02_100%鍙婁互涓?1,1,1000000.0,800000.0,0,0,0.0,0.0,0,0,0.0,0.0
2026-07-19,01_棣栫瑪鏀炬,02_闈為娆℃巿淇?RG6,CL_05,Android,Facebook,02_100%鍙婁互涓?2,2,600000.0,600000.0,0,2,0.0,600000.0,0,2,0.0,600000.0
2026-07-10,01_棣栫瑪鏀炬,01_棣栨鎺堜俊,RG6,CL_05,Android,Organic,02_100%鍙婁互涓?1,1,300000.0,300000.0,1,1,300000.0,300000.0,1,1,300000.0,300000.0
2026-08-05,01_棣栫瑪鏀炬,01_棣栨鎺堜俊,RG6,CL_05,Android,Organic,02_100%鍙婁互涓?1,1,300000.0,300000.0,1,1,300000.0,300000.0,1,1,300000.0,300000.0
2026-08-05,01_棣栫瑪鏀炬,02_闈為娆℃巿淇?RG3,CL_05,Android,绌哄€?02_100%鍙婁互涓?1,1,600000.0,600000.0,0,1,0.0,600000.0,0,1,0.0,600000.0
2026-08-17,01_棣栫瑪鏀炬,01_棣栨鎺堜俊,RG2,CL_05,Android,Google,01_100%浠ヤ笅,1,1,500000.0,1200000.0,1,1,500000.0,500000.0,0,0,0.0,0.0
2026-08-30,01_棣栫瑪鏀炬,02_闈為娆℃巿淇?RG3,CL_05,Android,Facebook,02_100%鍙婁互涓?2,2,1400000.0,1400000.0,0,0,0.0,0.0,0,0,0.0,0.0
2026-07-29,01_棣栫瑪鏀炬,02_闈為娆℃巿淇?RG5,CL_05,iOS,绌哄€?02_100%鍙婁互涓?1,1,300000.0,300000.0,1,1,300000.0,300000.0,1,1,300000.0,300000.0
2026-07-17,01_棣栫瑪鏀炬,01_棣栨鎺堜俊,RG3,CL_04,Android,Tiktok,02_100%鍙婁互涓?1,1,1000000.0,800000.0,1,1,1000000.0,1000000.0,1,1,1000000.0,1000000.0
2026-07-10,01_棣栫瑪鏀炬,01_棣栨鎺堜俊,RG6,CL_04,Android,Facebook,02_100%鍙婁互涓?1,1,400000.0,400000.0,1,1,400000.0,400000.0,1,1,400000.0,400000.0
2026-08-16,01_棣栫瑪鏀炬,01_棣栨鎺堜俊,RG1,CL_01,Android,Google,02_100%鍙婁互涓?1,1,1500000.0,1500000.0,1,1,1500000.0,1500000.0,0,0,0.0,0.0
2026-07-13,01_棣栫瑪鏀炬,02_闈為娆℃巿淇?RG4,CL_04,Android,Facebook,02_100%鍙婁互涓?1,1,600000.0,600000.0,0,1,0.0,600000.0,0,1,0.0,600000.0
2026-08-18,01_棣栫瑪鏀炬,01_棣栨鎺堜俊,RG2,CL_05,Android,Google,02_100%鍙婁互涓?6,6,6800000.0,6800000.0,3,6,3400000.0,6800000.0,0,0,0.0,0.0
2026-09-07,01_棣栫瑪鏀炬,01_棣栨鎺堜俊,RG4,CL_05,Android,Organic,01_100%浠ヤ笅,1,1,300000.0,600000.0,0,0,0.0,0.0,0,0,0.0,0.0
2026-07-21,01_棣栫瑪鏀炬,02_闈為娆℃巿淇?RG6,CL_05,Android,绌哄€?02_100%鍙婁互涓?1,1,300000.0,300000.0,0,1,0.0,300000.0,0,1,0.0,300000.0
2026-08-31,01_棣栫瑪鏀炬,01_棣栨鎺堜俊,RG5,CL_05,iOS,Tiktok,02_100%鍙婁互涓?2,2,1200000.0,800000.0,0,0,0.0,0.0,0,0,0.0,0.0
2026-08-18,01_棣栫瑪鏀炬,01_棣栨鎺堜俊,RG2,CL_07,Android,Google,02_100%鍙婁互涓?7,7,9000000.0,8400000.0,1,7,1200000.0,9000000.0,0,0,0.0,0.0
2026-07-21,01_棣栫瑪鏀炬,02_闈為娆℃巿淇?RG5,CL_05,iOS,Facebook,02_100%鍙婁互涓?3,3,1100000.0,1100000.0,2,3,700000.0,1100000.0,2,3,700000.0,1100000.0
2026-08-08,01_棣栫瑪鏀炬,01_棣栨鎺堜俊,RG0,CL_06,iOS,Facebook,02_100%鍙婁互涓?1,1,7800000.0,7800000.0,0,1,0.0,7800000.0,0,1,0.0,7800000.0
2026-08-12,01_棣栫瑪鏀炬,01_棣栨鎺堜俊,RG1,CL_01,Android,Organic,02_100%鍙婁互涓?1,1,2000000.0,1500000.0,0,1,0.0,2000000.0,0,1,0.0,2000000.0
2026-07-30,01_棣栫瑪鏀炬,01_棣栨鎺堜俊,RG4,CL_05,Android,Google,01_100%浠ヤ笅,2,2,600000.0,1200000.0,0,2,0.0,600000.0,0,2,0.0,600000.0
2026-08-11,01_棣栫瑪鏀炬,01_棣栨鎺堜俊,RG4,CL_05,iOS,Tiktok,02_100%鍙婁互涓?1,1,600000.0,600000.0,0,1,0.0,600000.0,0,1,0.0,600000.0
2026-08-18,01_棣栫瑪鏀炬,02_闈為娆℃巿淇?RG4,CL_05,Android,Organic,02_100%鍙婁互涓?3,3,1800000.0,1800000.0,0,3,0.0,1800000.0,0,0,0.0,0.0
2026-07-25,01_棣栫瑪鏀炬,01_棣栨鎺堜俊,RG3,CL_03,Android,Organic,02_100%鍙婁互涓?1,1,600000.0,600000.0,0,1,0.0,600000.0,0,1,0.0,600000.0
2026-08-05,01_棣栫瑪鏀炬,01_棣栨鎺堜俊,RG4,CL_05,Android,Organic,01_100%浠ヤ笅,2,2,600000.0,800000.0,0,2,0.0,600000.0,0,2,0.0,600000.0
2026-08-19,01_棣栫瑪鏀炬,01_棣栨鎺堜俊,RG2,CL_05,iOS,ASA,02_100%鍙婁互涓?1,1,1500000.0,1200000.0,1,1,1500000.0,1500000.0,0,0,0.0,0.0
2026-08-01,01_棣栫瑪鏀炬,02_闈為娆℃巿淇?RG3,CL_05,Android,Google,01_100%浠ヤ笅,1,1,300000.0,600000.0,0,1,0.0,300000.0,0,1,0.0,300000.0
2026-07-27,01_棣栫瑪鏀炬,02_闈為娆℃巿淇?RG5,CL_05,iOS,Facebook,02_100%鍙婁互涓?2,2,600000.0,600000.0,1,2,300000.0,600000.0,1,2,300000.0,600000.0
2026-08-14,01_棣栫瑪鏀炬,02_闈為娆℃巿淇?RG3,CL_05,Android,Facebook,02_100%鍙婁互涓?3,3,2400000.0,2400000.0,1,2,800000.0,1600000.0,0,0,0.0,0.0
2026-07-13,01_棣栫瑪鏀炬,02_闈為娆℃巿淇?RG4,CL_05,Android,Organic,02_100%鍙婁互涓?1,1,400000.0,400000.0,1,1,400000.0,400000.0,1,1,400000.0,400000.0
2026-08-02,01_棣栫瑪鏀炬,01_棣栨鎺堜俊,RG4,CL_05,iOS,Facebook,02_100%鍙婁互涓?6,6,5000000.0,4200000.0,4,6,3200000.0,5000000.0,4,6,3200000.0,5000000.0
2026-07-25,01_棣栫瑪鏀炬,02_闈為娆℃巿淇?RG6,CL_05,Android,Tiktok,02_100%鍙婁互涓?1,1,400000.0,400000.0,1,1,400000.0,400000.0,1,1,400000.0,400000.0
2026-07-19,01_棣栫瑪鏀炬,02_闈為娆℃巿淇?RG5,CL_05,Android,Facebook,02_100%鍙婁互涓?3,3,1200000.0,1200000.0,0,3,0.0,1200000.0,0,3,0.0,1200000.0
2026-07-13,01_棣栫瑪鏀炬,01_棣栨鎺堜俊,RG5,CL_03,Android,Tiktok,02_100%鍙婁互涓?4,4,1400000.0,1400000.0,3,4,1000000.0,1400000.0,3,4,1000000.0,1400000.0
2026-07-23,01_棣栫瑪鏀炬,02_闈為娆℃巿淇?RG4,CL_05,Android,Organic,01_100%浠ヤ笅,1,1,300000.0,600000.0,0,1,0.0,300000.0,0,1,0.0,300000.0
2026-07-12,01_棣栫瑪鏀炬,01_棣栨鎺堜俊,RG1,CL_01,iOS,鍏朵粬,02_100%鍙婁互涓?1,1,3500000.0,2500000.0,0,1,0.0,3500000.0,0,1,0.0,3500000.0
2026-09-06,01_棣栫瑪鏀炬,01_棣栨鎺堜俊,RG4,CL_05,Android,Organic,02_100%鍙婁互涓?2,2,900000.0,900000.0,0,0,0.0,0.0,0,0,0.0,0.0
2026-08-12,01_棣栫瑪鏀炬,01_棣栨鎺堜俊,RG0,CL_01,iOS,Tiktok,02_100%鍙婁互涓?1,1,7200000.0,5200000.0,0,1,0.0,7200000.0,0,1,0.0,7200000.0
2026-08-17,01_棣栫瑪鏀炬,01_棣栨鎺堜俊,RG5,CL_05,iOS,Organic,02_100%鍙婁互涓?7,7,3200000.0,2700000.0,3,7,1100000.0,3200000.0,0,0,0.0,0.0
2026-07-27,01_棣栫瑪鏀炬,01_棣栨鎺堜俊,RG1,CL_01,Android,Google,02_100%鍙婁互涓?1,1,1500000.0,1500000.0,0,1,0.0,1500000.0,0,1,0.0,1500000.0
2026-08-07,01_棣栫瑪鏀炬,01_棣栨鎺堜俊,RG3,CL_05,iOS,Facebook,02_100%鍙婁互涓?4,4,4200000.0,4000000.0,1,4,800000.0,4200000.0,1,4,800000.0,4200000.0
2026-07-30,01_棣栫瑪鏀炬,02_闈為娆℃巿淇?RG7,CL_05,Android,绌哄€?02_100%鍙婁互涓?1,1,300000.0,300000.0,0,1,0.0,300000.0,0,1,0.0,300000.0
2026-07-12,01_棣栫瑪鏀炬,02_闈為娆℃巿淇?RG3,CL_05,Android,Facebook,02_100%鍙婁互涓?1,1,800000.0,800000.0,1,1,800000.0,800000.0,1,1,800000.0,800000.0
2026-07-24,01_棣栫瑪鏀炬,02_闈為娆℃巿淇?RG4,CL_05,Android,Tiktok,02_100%鍙婁互涓?1,1,400000.0,400000.0,0,1,0.0,400000.0,0,1,0.0,400000.0
2026-08-23,01_棣栫瑪鏀炬,01_棣栨鎺堜俊,RG5,CL_04,iOS,Facebook,02_100%鍙婁互涓?1,1,400000.0,400000.0,0,1,0.0,400000.0,0,0,0.0,0.0
2026-08-03,01_棣栫瑪鏀炬,01_棣栨鎺堜俊,RG2,CL_07,Android,Organic,02_100%鍙婁互涓?4,4,5100000.0,4800000.0,1,4,1200000.0,5100000.0,1,4,1200000.0,5100000.0
2026-08-01,01_棣栫瑪鏀炬,01_棣栨鎺堜俊,RG5,CL_05,iOS,Facebook,02_100%鍙婁互涓?6,6,2400000.0,2200000.0,3,6,1400000.0,2400000.0,3,6,1400000.0,2400000.0
2026-07-11,01_棣栫瑪鏀炬,01_棣栨鎺堜俊,RG2,CL_03,iOS,Organic,02_100%鍙婁互涓?2,2,2400000.0,2400000.0,1,2,1200000.0,2400000.0,0,2,0.0,2400000.0
2026-08-20,01_棣栫瑪鏀炬,02_闈為娆℃巿淇?RG4,CL_05,Android,Organic,01_100%浠ヤ笅,1,1,300000.0,500000.0,0,1,0.0,300000.0,0,0,0.0,0.0
2026-08-12,01_棣栫瑪鏀炬,01_棣栨鎺堜俊,RG4,CL_04,Android,Organic,02_100%鍙婁互涓?1,1,400000.0,400000.0,0,1,0.0,400000.0,0,1,0.0,400000.0
2026-07-27,01_棣栫瑪鏀炬,01_棣栨鎺堜俊,RG4,CL_05,Android,Google,01_100%浠ヤ笅,3,3,1000000.0,1400000.0,1,3,300000.0,1000000.0,0,3,0.0,1000000.0
2026-09-05,01_棣栫瑪鏀炬,01_棣栨鎺堜俊,RG5,CL_05,iOS,Organic,02_100%鍙婁互涓?8,8,3800000.0,3000000.0,0,0,0.0,0.0,0,0,0.0,0.0
2026-08-24,01_棣栫瑪鏀炬,01_棣栨鎺堜俊,RG0,CL_01,iOS,Facebook,02_100%鍙婁互涓?1,1,6800000.0,4800000.0,0,0,0.0,0.0,0,0,0.0,0.0
2026-08-23,01_棣栫瑪鏀炬,01_棣栨鎺堜俊,RG1,CL_01,iOS,Organic,02_100%鍙婁互涓?3,3,8500000.0,8500000.0,0,3,0.0,8500000.0,0,0,0.0,0.0
2026-09-06,01_棣栫瑪鏀炬,01_棣栨鎺堜俊,RG1,CL_01,Android,Facebook,02_100%鍙婁互涓?6,6,1.1E7,1.05E7,0,0,0.0,0.0,0,0,0.0,0.0
2026-08-01,01_棣栫瑪鏀炬,01_棣栨鎺堜俊,RG1,CL_01,iOS,Facebook,02_100%鍙婁互涓?1,1,2500000.0,2500000.0,0,1,0.0,2500000.0,0,1,0.0,2500000.0
2026-07-23,01_棣栫瑪鏀炬,02_闈為娆℃巿淇?RG4,CL_05,Android,Facebook,02_100%鍙婁互涓?8,8,4600000.0,4600000.0,5,8,3000000.0,4600000.0,4,8,2400000.0,4600000.0
2026-09-05,01_棣栫瑪鏀炬,01_棣栨鎺堜俊,RG5,CL_05,Android,Tiktok,02_100%鍙婁互涓?1,1,300000.0,300000.0,0,0,0.0,0.0,0,0,0.0,0.0
2026-07-26,01_棣栫瑪鏀炬,01_棣栨鎺堜俊,RG4,CL_05,Android,Google,02_100%鍙婁互涓?17,17,8000000.0,8000000.0,4,17,2000000.0,8000000.0,3,17,1400000.0,8000000.0
2026-07-13,01_棣栫瑪鏀炬,01_棣栨鎺堜俊,RG5,CL_03,iOS,Organic,02_100%鍙婁互涓?11,11,4100000.0,3900000.0,4,11,1600000.0,4100000.0,3,11,1200000.0,4100000.0
2026-08-27,01_棣栫瑪鏀炬,02_闈為娆℃巿淇?RG3,CL_05,Android,Tiktok,02_100%鍙婁互涓?2,2,1400000.0,1400000.0,0,0,0.0,0.0,0,0,0.0,0.0
2026-07-14,01_棣栫瑪鏀炬,01_棣栨鎺堜俊,RG4,CL_05,Android,鍏朵粬,02_100%鍙婁互涓?1,1,400000.0,400000.0,0,1,0.0,400000.0,0,1,0.0,400000.0
2026-08-08,01_棣栫瑪鏀炬,01_棣栨鎺堜俊,RG5,CL_05,iOS,Organic,01_100%浠ヤ笅,1,1,300000.0,400000.0,0,1,0.0,300000.0,0,1,0.0,300000.0
2026-08-01,01_棣栫瑪鏀炬,02_闈為娆℃巿淇?RG5,CL_05,Android,Facebook,02_100%鍙婁互涓?8,8,2900000.0,2900000.0,5,8,1900000.0,2900000.0,4,8,1600000.0,2900000.0
2026-08-05,01_棣栫瑪鏀炬,01_棣栨鎺堜俊,RG2,CL_05,Android,Tiktok,02_100%鍙婁互涓?1,1,1000000.0,1000000.0,0,1,0.0,1000000.0,0,1,0.0,1000000.0
2026-08-12,01_棣栫瑪鏀炬,02_闈為娆℃巿淇?RG2,CL_05,Android,Organic,02_100%鍙婁互涓?1,1,1200000.0,1200000.0,0,1,0.0,1200000.0,0,1,0.0,1200000.0
2026-08-15,01_棣栫瑪鏀炬,01_棣栨鎺堜俊,RG4,CL_05,iOS,ASA,02_100%鍙婁互涓?1,1,800000.0,800000.0,0,1,0.0,800000.0,0,0,0.0,0.0
2026-08-13,01_棣栫瑪鏀炬,01_棣栨鎺堜俊,RG3,CL_05,Android,Tiktok,02_100%鍙婁互涓?6,6,4200000.0,4000000.0,3,6,2000000.0,4200000.0,2,6,1400000.0,4200000.0
2026-07-14,01_棣栫瑪鏀炬,02_闈為娆℃巿淇?RG5,CL_03,iOS,Organic,02_100%鍙婁互涓?5,5,1900000.0,1700000.0,4,5,1600000.0,1900000.0,4,5,1600000.0,1900000.0
2026-07-30,01_棣栫瑪鏀炬,01_棣栨鎺堜俊,RG0,CL_06,iOS,ASA,02_100%鍙婁互涓?2,2,1.2E7,1.2E7,0,2,0.0,1.2E7,0,2,0.0,1.2E7
2026-07-23,01_棣栫瑪鏀炬,02_闈為娆℃巿淇?RG2,CL_05,Android,绌哄€?01_100%浠ヤ笅,1,1,1000000.0,1200000.0,0,1,0.0,1000000.0,0,1,0.0,1000000.0
2026-08-23,01_棣栫瑪鏀炬,01_棣栨鎺堜俊,RG6,CL_05,Android,Tiktok,02_100%鍙婁互涓?1,1,300000.0,300000.0,1,1,300000.0,300000.0,0,0,0.0,0.0
2026-08-28,01_棣栫瑪鏀炬,01_棣栨鎺堜俊,RG1,CL_01,iOS,Tiktok,02_100%鍙婁互涓?1,1,2500000.0,2500000.0,0,0,0.0,0.0,0,0,0.0,0.0
2026-08-25,01_棣栫瑪鏀炬,01_棣栨鎺堜俊,RG4,CL_05,iOS,ASA,02_100%鍙婁互涓?2,2,2200000.0,1400000.0,0,0,0.0,0.0,0,0,0.0,0.0
2026-08-02,01_棣栫瑪鏀炬,02_闈為娆℃巿淇?RG4,CL_05,Android,Facebook,02_100%鍙婁互涓?4,4,2000000.0,2000000.0,3,4,1400000.0,2000000.0,3,4,1400000.0,2000000.0
2026-09-07,01_棣栫瑪鏀炬,01_棣栨鎺堜俊,RG2,CL_07,iOS,Organic,02_100%鍙婁互涓?1,1,1800000.0,1800000.0,0,0,0.0,0.0,0,0,0.0,0.0
2026-08-14,01_棣栫瑪鏀炬,02_闈為娆℃巿淇?RG5,CL_05,iOS,Tiktok,02_100%鍙婁互涓?1,1,400000.0,400000.0,1,1,400000.0,400000.0,0,0,0.0,0.0
2026-09-07,01_棣栫瑪鏀炬,02_闈為娆℃巿淇?RG2,CL_07,Android,Organic,02_100%鍙婁互涓?1,1,1500000.0,1500000.0,0,0,0.0,0.0,0,0,0.0,0.0
2026-08-10,01_棣栫瑪鏀炬,01_棣栨鎺堜俊,RG3,CL_05,Android,Organic,02_100%鍙婁互涓?2,2,1600000.0,1600000.0,1,2,800000.0,1600000.0,1,2,800000.0,1600000.0
2026-07-23,01_棣栫瑪鏀炬,02_闈為娆℃巿淇?RG7,CL_03,Android,Facebook,02_100%鍙婁互涓?2,2,600000.0,600000.0,1,2,300000.0,600000.0,1,2,300000.0,600000.0
2026-08-01,01_棣栫瑪鏀炬,01_棣栨鎺堜俊,RG2,CL_07,Android,Facebook,02_100%鍙婁互涓?1,1,1200000.0,1200000.0,1,1,1200000.0,1200000.0,0,1,0.0,1200000.0
2026-07-23,01_棣栫瑪鏀炬,01_棣栨鎺堜俊,RG5,CL_05,iOS,Organic,02_100%鍙婁互涓?13,13,5000000.0,4600000.0,6,13,2300000.0,5000000.0,5,13,1900000.0,5000000.0
2026-07-10,01_棣栫瑪鏀炬,01_棣栨鎺堜俊,RG4,CL_04,Android,Organic,02_100%鍙婁互涓?2,2,800000.0,800000.0,1,2,400000.0,800000.0,0,2,0.0,800000.0
2026-08-24,01_棣栫瑪鏀炬,01_棣栨鎺堜俊,RG3,CL_05,Android,Tiktok,02_100%鍙婁互涓?11,11,8400000.0,8400000.0,0,0,0.0,0.0,0,0,0.0,0.0
2026-07-20,01_棣栫瑪鏀炬,01_棣栨鎺堜俊,RG2,CL_05,iOS,Organic,02_100%鍙婁互涓?3,3,4200000.0,4200000.0,0,3,0.0,4200000.0,0,3,0.0,4200000.0
2026-07-31,01_棣栫瑪鏀炬,02_闈為娆℃巿淇?RG4,CL_05,Android,绌哄€?02_100%鍙婁互涓?1,1,600000.0,600000.0,1,1,600000.0,600000.0,1,1,600000.0,600000.0
2026-07-18,01_棣栫瑪鏀炬,02_闈為娆℃巿淇?RG7,CL_04,Android,Facebook,02_100%鍙婁互涓?2,2,600000.0,600000.0,0,2,0.0,600000.0,0,2,0.0,600000.0
2026-07-29,01_棣栫瑪鏀炬,01_棣栨鎺堜俊,RG2,CL_05,Android,Google,02_100%鍙婁互涓?4,4,4400000.0,4400000.0,1,4,1000000.0,4400000.0,1,4,1000000.0,4400000.0
2026-07-13,01_棣栫瑪鏀炬,02_闈為娆℃巿淇?RG3,CL_03,Android,Facebook,02_100%鍙婁互涓?1,1,600000.0,600000.0,1,1,600000.0,600000.0,1,1,600000.0,600000.0
2026-07-27,01_棣栫瑪鏀炬,01_棣栨鎺堜俊,RG6,CL_05,Android,Google,02_100%鍙婁互涓?3,3,1100000.0,1100000.0,2,3,800000.0,1100000.0,1,3,400000.0,1100000.0
2026-07-18,01_棣栫瑪鏀炬,02_闈為娆℃巿淇?RG5,CL_04,iOS,绌哄€?02_100%鍙婁互涓?1,1,600000.0,400000.0,0,1,0.0,600000.0,0,1,0.0,600000.0
2026-08-26,01_棣栫瑪鏀炬,01_棣栨鎺堜俊,RG5,CL_05,Android,Facebook,02_100%鍙婁互涓?1,1,400000.0,400000.0,0,0,0.0,0.0,0,0,0.0,0.0
2026-07-27,01_棣栫瑪鏀炬,01_棣栨鎺堜俊,RG4,CL_05,Android,Organic,02_100%鍙婁互涓?6,6,4000000.0,3600000.0,2,6,1000000.0,4000000.0,2,6,1000000.0,4000000.0
2026-08-20,01_棣栫瑪鏀炬,02_闈為娆℃巿淇?RG3,CL_05,Android,Facebook,02_100%鍙婁互涓?4,4,2800000.0,2800000.0,1,3,600000.0,2000000.0,0,0,0.0,0.0
2026-09-03,01_棣栫瑪鏀炬,02_闈為娆℃巿淇?RG3,CL_05,Android,Organic,02_100%鍙婁互涓?1,1,800000.0,600000.0,0,0,0.0,0.0,0,0,0.0,0.0
2026-08-13,01_棣栫瑪鏀炬,02_闈為娆℃巿淇?RG7,CL_05,Android,Facebook,02_100%鍙婁互涓?3,3,900000.0,900000.0,2,3,600000.0,900000.0,2,3,600000.0,900000.0
2026-08-11,01_棣栫瑪鏀炬,01_棣栨鎺堜俊,RG4,CL_03,iOS,绌哄€?02_100%鍙婁互涓?1,1,400000.0,400000.0,0,1,0.0,400000.0,0,1,0.0,400000.0
2026-08-15,01_棣栫瑪鏀炬,02_闈為娆℃巿淇?RG5,CL_05,iOS,Organic,02_100%鍙婁互涓?6,6,2000000.0,2000000.0,2,6,600000.0,2000000.0,0,0,0.0,0.0
2026-07-10,01_棣栫瑪鏀炬,02_闈為娆℃巿淇?RG0,CL_01,iOS,Organic,02_100%鍙婁互涓?1,1,5200000.0,5200000.0,0,1,0.0,5200000.0,0,1,0.0,5200000.0
2026-08-05,01_棣栫瑪鏀炬,01_棣栨鎺堜俊,RG4,CL_05,Android,Google,02_100%鍙婁互涓?29,29,1.46E7,1.46E7,17,29,9000000.0,1.46E7,15,28,8000000.0,1.42E7
2026-08-18,01_棣栫瑪鏀炬,01_棣栨鎺堜俊,RG1,CL_01,iOS,Facebook,02_100%鍙婁互涓?2,2,5800000.0,5800000.0,0,2,0.0,5800000.0,0,0,0.0,0.0
2026-07-21,01_棣栫瑪鏀炬,02_闈為娆℃巿淇?RG5,CL_04,iOS,Organic,02_100%鍙婁互涓?1,1,800000.0,400000.0,1,1,800000.0,800000.0,1,1,800000.0,800000.0
2026-07-12,01_棣栫瑪鏀炬,02_闈為娆℃巿淇?RG6,CL_03,Android,Facebook,02_100%鍙婁互涓?1,1,400000.0,400000.0,0,1,0.0,400000.0,0,1,0.0,400000.0
2026-09-07,01_棣栫瑪鏀炬,01_棣栨鎺堜俊,RG3,CL_05,iOS,ASA,02_100%鍙婁互涓?1,1,1200000.0,1200000.0,0,0,0.0,0.0,0,0,0.0,0.0
2026-08-20,01_棣栫瑪鏀炬,01_棣栨鎺堜俊,RG1,CL_01,iOS,Organic,02_100%鍙婁互涓?3,3,8300000.0,8300000.0,0,3,0.0,8300000.0,0,0,0.0,0.0
2026-07-30,01_棣栫瑪鏀炬,01_棣栨鎺堜俊,RG5,CL_05,Android,Facebook,02_100%鍙婁互涓?9,9,3500000.0,3500000.0,4,9,1500000.0,3500000.0,4,9,1500000.0,3500000.0
2026-08-02,01_棣栫瑪鏀炬,01_棣栨鎺堜俊,RG2,CL_07,Android,Facebook,01_100%浠ヤ笅,1,1,300000.0,1200000.0,0,1,0.0,300000.0,0,1,0.0,300000.0
2026-08-09,01_棣栫瑪鏀炬,02_闈為娆℃巿淇?RG4,CL_05,Android,绌哄€?02_100%鍙婁互涓?1,1,400000.0,400000.0,0,1,0.0,400000.0,0,1,0.0,400000.0
2026-07-11,01_棣栫瑪鏀炬,02_闈為娆℃巿淇?RG3,CL_05,iOS,Organic,02_100%鍙婁互涓?1,1,1600000.0,1200000.0,1,1,1600000.0,1600000.0,1,1,1600000.0,1600000.0
2026-07-23,01_棣栫瑪鏀炬,01_棣栨鎺堜俊,RG2,CL_01,iOS,Organic,02_100%鍙婁互涓?6,6,1.28E7,1.28E7,1,6,2000000.0,1.28E7,1,6,2000000.0,1.28E7
2026-08-09,01_棣栫瑪鏀炬,01_棣栨鎺堜俊,RG4,CL_05,Android,Facebook,02_100%鍙婁互涓?3,3,1600000.0,1600000.0,0,3,0.0,1600000.0,0,3,0.0,1600000.0
2026-08-29,01_棣栫瑪鏀炬,01_棣栨鎺堜俊,RG2,CL_07,iOS,ASA,02_100%鍙婁互涓?1,1,1900000.0,1500000.0,0,0,0.0,0.0,0,0,0.0,0.0
2026-08-14,01_棣栫瑪鏀炬,01_棣栨鎺堜俊,RG2,CL_07,iOS,Tiktok,02_100%鍙婁互涓?1,1,1900000.0,1500000.0,0,1,0.0,1900000.0,0,0,0.0,0.0
2026-08-07,01_棣栫瑪鏀炬,01_棣栨鎺堜俊,RG5,CL_05,iOS,Organic,02_100%鍙婁互涓?13,13,5600000.0,4600000.0,3,13,1000000.0,5600000.0,2,13,700000.0,5600000.0
2026-08-14,01_棣栫瑪鏀炬,02_闈為娆℃巿淇?RG4,CL_05,Android,Facebook,02_100%鍙婁互涓?5,5,2800000.0,2800000.0,4,5,2200000.0,2800000.0,0,0,0.0,0.0
2026-07-27,01_棣栫瑪鏀炬,01_棣栨鎺堜俊,RG2,CL_01,Android,Facebook,02_100%鍙婁互涓?3,3,4500000.0,4500000.0,1,3,1500000.0,4500000.0,1,3,1500000.0,4500000.0
2026-07-28,01_棣栫瑪鏀炬,01_棣栨鎺堜俊,RG2,CL_01,iOS,Organic,02_100%鍙婁互涓?1,1,2800000.0,2000000.0,0,1,0.0,2800000.0,0,1,0.0,2800000.0
2026-08-21,01_棣栫瑪鏀炬,02_闈為娆℃巿淇?RG5,CL_05,iOS,Google,02_100%鍙婁互涓?1,1,400000.0,400000.0,0,1,0.0,400000.0,0,0,0.0,0.0
2026-07-21,01_棣栫瑪鏀炬,01_棣栨鎺堜俊,RG7,CL_05,Android,Facebook,02_100%鍙婁互涓?4,4,1200000.0,1200000.0,2,4,600000.0,1200000.0,2,4,600000.0,1200000.0
2026-08-15,01_棣栫瑪鏀炬,01_棣栨鎺堜俊,RG2,CL_07,iOS,Organic,02_100%鍙婁互涓?4,4,6400000.0,6000000.0,3,4,4500000.0,6400000.0,0,0,0.0,0.0
2026-07-19,01_棣栫瑪鏀炬,02_闈為娆℃巿淇?RG4,CL_05,Android,Organic,02_100%鍙婁互涓?1,1,600000.0,600000.0,0,1,0.0,600000.0,0,1,0.0,600000.0
2026-08-06,01_棣栫瑪鏀炬,01_棣栨鎺堜俊,RG3,CL_05,Android,Organic,02_100%鍙婁互涓?3,3,2800000.0,2600000.0,2,3,2000000.0,2800000.0,2,3,2000000.0,2800000.0
2026-07-17,01_棣栫瑪鏀炬,01_棣栨鎺堜俊,RG3,CL_05,iOS,Organic,01_100%浠ヤ笅,2,2,2100000.0,2400000.0,0,2,0.0,2100000.0,0,2,0.0,2100000.0
2026-07-27,01_棣栫瑪鏀炬,01_棣栨鎺堜俊,RG5,CL_05,iOS,ASA,02_100%鍙婁互涓?2,2,1000000.0,800000.0,2,2,1000000.0,1000000.0,1,2,600000.0,1000000.0
2026-08-16,01_棣栫瑪鏀炬,02_闈為娆℃巿淇?RG2,CL_07,Android,Facebook,02_100%鍙婁互涓?1,1,1200000.0,1200000.0,0,1,0.0,1200000.0,0,0,0.0,0.0
2026-08-14,01_棣栫瑪鏀炬,02_闈為娆℃巿淇?RG3,CL_05,Android,Google,02_100%鍙婁互涓?1,1,800000.0,800000.0,1,1,800000.0,800000.0,0,0,0.0,0.0
2026-07-12,01_棣栫瑪鏀炬,01_棣栨鎺堜俊,RG1,CL_01,iOS,Organic,02_100%鍙婁互涓?4,4,1.15E7,1.0E7,1,4,2500000.0,1.15E7,1,4,2500000.0,1.15E7
2026-08-10,01_棣栫瑪鏀炬,01_棣栨鎺堜俊,RG2,CL_07,iOS,Facebook,02_100%鍙婁互涓?1,1,1500000.0,1500000.0,0,1,0.0,1500000.0,0,1,0.0,1500000.0
2026-08-06,01_棣栫瑪鏀炬,01_棣栨鎺堜俊,RG4,CL_05,Android,Google,01_100%浠ヤ笅,1,1,300000.0,600000.0,0,1,0.0,300000.0,0,1,0.0,300000.0
2026-08-29,01_棣栫瑪鏀炬,01_棣栨鎺堜俊,RG4,CL_05,Android,Tiktok,02_100%鍙婁互涓?4,4,1500000.0,1500000.0,0,0,0.0,0.0,0,0,0.0,0.0
2026-07-22,01_棣栫瑪鏀炬,02_闈為娆℃巿淇?RG4,CL_05,Android,Organic,02_100%鍙婁互涓?1,1,600000.0,600000.0,0,1,0.0,600000.0,0,1,0.0,600000.0
2026-07-22,01_棣栫瑪鏀炬,01_棣栨鎺堜俊,RG3,CL_04,Android,ASA,02_100%鍙婁互涓?1,1,1000000.0,800000.0,1,1,1000000.0,1000000.0,1,1,1000000.0,1000000.0
2026-07-23,01_棣栫瑪鏀炬,02_闈為娆℃巿淇?RG4,CL_05,Android,Google,02_100%鍙婁互涓?1,1,600000.0,600000.0,0,1,0.0,600000.0,0,1,0.0,600000.0
2026-08-06,01_棣栫瑪鏀炬,02_闈為娆℃巿淇?RG5,CL_05,iOS,Facebook,02_100%鍙婁互涓?3,3,900000.0,900000.0,3,3,900000.0,900000.0,3,3,900000.0,900000.0
2026-08-26,01_棣栫瑪鏀炬,01_棣栨鎺堜俊,RG5,CL_05,iOS,ASA,02_100%鍙婁互涓?1,1,400000.0,400000.0,0,0,0.0,0.0,0,0,0.0,0.0
2026-08-27,01_棣栫瑪鏀炬,01_棣栨鎺堜俊,RG4,CL_05,Android,Organic,02_100%鍙婁互涓?1,1,300000.0,300000.0,0,0,0.0,0.0,0,0,0.0,0.0
2026-08-19,01_棣栫瑪鏀炬,02_闈為娆℃巿淇?RG5,CL_05,Android,Google,02_100%鍙婁互涓?1,1,300000.0,300000.0,1,1,300000.0,300000.0,0,0,0.0,0.0
2026-07-31,01_棣栫瑪鏀炬,01_棣栨鎺堜俊,RG5,CL_05,Android,Facebook,01_100%浠ヤ笅,1,1,300000.0,400000.0,1,1,300000.0,300000.0,1,1,300000.0,300000.0
2026-07-19,01_棣栫瑪鏀炬,01_棣栨鎺堜俊,RG3,CL_05,iOS,Organic,02_100%鍙婁互涓?3,3,3200000.0,3200000.0,2,3,2000000.0,3200000.0,2,3,2000000.0,3200000.0
2026-07-20,01_棣栫瑪鏀炬,01_棣栨鎺堜俊,RG2,CL_01,Android,Organic,02_100%鍙婁互涓?4,4,6000000.0,6000000.0,2,4,3000000.0,6000000.0,2,4,3000000.0,6000000.0
2026-08-01,01_棣栫瑪鏀炬,01_棣栨鎺堜俊,RG3,CL_03,iOS,Facebook,02_100%鍙婁互涓?1,1,1200000.0,800000.0,0,1,0.0,1200000.0,0,1,0.0,1200000.0
2026-08-27,01_棣栫瑪鏀炬,02_闈為娆℃巿淇?RG4,CL_05,Android,Tiktok,02_100%鍙婁互涓?1,1,300000.0,300000.0,0,0,0.0,0.0,0,0,0.0,0.0
2026-07-12,01_棣栫瑪鏀炬,01_棣栨鎺堜俊,RG2,CL_03,iOS,ASA,02_100%鍙婁互涓?1,1,1500000.0,1200000.0,1,1,1500000.0,1500000.0,1,1,1500000.0,1500000.0
2026-08-07,01_棣栫瑪鏀炬,02_闈為娆℃巿淇?RG3,CL_05,Android,Organic,01_100%浠ヤ笅,1,1,500000.0,1200000.0,1,1,500000.0,500000.0,1,1,500000.0,500000.0
2026-08-09,01_棣栫瑪鏀炬,01_棣栨鎺堜俊,RG3,CL_05,Android,Facebook,02_100%鍙婁互涓?6,6,4800000.0,4600000.0,3,6,2300000.0,4800000.0,3,6,2300000.0,4800000.0
2026-07-21,01_棣栫瑪鏀炬,02_闈為娆℃巿淇?RG4,CL_05,iOS,Organic,02_100%鍙婁互涓?1,1,600000.0,600000.0,0,1,0.0,600000.0,0,1,0.0,600000.0
2026-08-19,01_棣栫瑪鏀炬,01_棣栨鎺堜俊,RG0,CL_06,iOS,Google,02_100%鍙婁互涓?1,1,6000000.0,6000000.0,0,1,0.0,6000000.0,0,0,0.0,0.0
2026-07-11,01_棣栫瑪鏀炬,01_棣栨鎺堜俊,RG5,CL_04,Android,Organic,02_100%鍙婁互涓?3,3,1000000.0,1000000.0,3,3,1000000.0,1000000.0,3,3,1000000.0,1000000.0
2026-08-17,01_棣栫瑪鏀炬,02_闈為娆℃巿淇?RG3,CL_05,Android,Facebook,02_100%鍙婁互涓?7,7,5100000.0,5000000.0,4,7,3000000.0,5100000.0,0,0,0.0,0.0
2026-08-30,01_棣栫瑪鏀炬,01_棣栨鎺堜俊,RG2,CL_07,Android,Organic,02_100%鍙婁互涓?1,1,1200000.0,1200000.0,0,0,0.0,0.0,0,0,0.0,0.0
2026-08-29,01_棣栫瑪鏀炬,02_闈為娆℃巿淇?RG5,CL_05,Android,Google,02_100%鍙婁互涓?1,1,300000.0,300000.0,0,0,0.0,0.0,0,0,0.0,0.0
2026-07-18,01_棣栫瑪鏀炬,01_棣栨鎺堜俊,RG4,CL_04,iOS,Organic,02_100%鍙婁互涓?2,2,2000000.0,1400000.0,0,2,0.0,2000000.0,0,2,0.0,2000000.0
2026-08-19,01_棣栫瑪鏀炬,01_棣栨鎺堜俊,RG2,CL_05,Android,Facebook,02_100%鍙婁互涓?3,3,3800000.0,3400000.0,0,3,0.0,3800000.0,0,0,0.0,0.0
2026-08-27,01_棣栫瑪鏀炬,01_棣栨鎺堜俊,RG5,CL_05,Android,Google,02_100%鍙婁互涓?1,1,300000.0,300000.0,0,0,0.0,0.0,0,0,0.0,0.0
2026-07-11,01_棣栫瑪鏀炬,01_棣栨鎺堜俊,RG5,CL_03,Android,Organic,02_100%鍙婁互涓?1,1,400000.0,400000.0,1,1,400000.0,400000.0,1,1,400000.0,400000.0
2026-08-28,01_棣栫瑪鏀炬,01_棣栨鎺堜俊,RG3,CL_05,Android,Facebook,02_100%鍙婁互涓?8,8,5400000.0,5400000.0,0,0,0.0,0.0,0,0,0.0,0.0
2026-08-29,01_棣栫瑪鏀炬,02_闈為娆℃巿淇?RG1,CL_01,Android,Facebook,02_100%鍙婁互涓?1,1,1500000.0,1500000.0,0,0,0.0,0.0,0,0,0.0,0.0
2026-09-01,01_棣栫瑪鏀炬,01_棣栨鎺堜俊,RG1,CL_01,Android,Google,02_100%鍙婁互涓?2,2,3000000.0,3000000.0,0,0,0.0,0.0,0,0,0.0,0.0
2026-07-17,01_棣栫瑪鏀炬,01_棣栨鎺堜俊,RG5,CL_05,Android,Tiktok,02_100%鍙婁互涓?2,2,600000.0,600000.0,2,2,600000.0,600000.0,1,2,300000.0,600000.0
2026-08-08,01_棣栫瑪鏀炬,02_闈為娆℃巿淇?RG3,CL_05,Android,Organic,02_100%鍙婁互涓?1,1,800000.0,800000.0,1,1,800000.0,800000.0,0,1,0.0,800000.0
2026-07-27,01_棣栫瑪鏀炬,02_闈為娆℃巿淇?RG3,CL_05,Android,Tiktok,02_100%鍙婁互涓?1,1,600000.0,600000.0,0,1,0.0,600000.0,0,1,0.0,600000.0
2026-07-30,01_棣栫瑪鏀炬,02_闈為娆℃巿淇?RG4,CL_05,iOS,Organic,02_100%鍙婁互涓?1,1,800000.0,600000.0,1,1,800000.0,800000.0,1,1,800000.0,800000.0
2026-07-29,01_棣栫瑪鏀炬,02_闈為娆℃巿淇?RG7,CL_05,Android,Facebook,02_100%鍙婁互涓?3,3,900000.0,900000.0,2,3,600000.0,900000.0,1,3,300000.0,900000.0
2026-08-04,01_棣栫瑪鏀炬,02_闈為娆℃巿淇?RG5,CL_05,Android,Google,02_100%鍙婁互涓?4,4,1400000.0,1400000.0,2,4,800000.0,1400000.0,1,4,400000.0,1400000.0
2026-08-14,01_棣栫瑪鏀炬,01_棣栨鎺堜俊,RG4,CL_05,iOS,Facebook,02_100%鍙婁互涓?1,1,600000.0,600000.0,0,1,0.0,600000.0,0,0,0.0,0.0
2026-08-02,01_棣栫瑪鏀炬,02_闈為娆℃巿淇?RG4,CL_05,Android,Google,02_100%鍙婁互涓?5,5,2200000.0,2200000.0,2,5,800000.0,2200000.0,2,5,800000.0,2200000.0
2026-07-14,01_棣栫瑪鏀炬,01_棣栨鎺堜俊,RG3,CL_04,Android,Facebook,02_100%鍙婁互涓?2,2,1200000.0,1200000.0,1,2,600000.0,1200000.0,1,2,600000.0,1200000.0
2026-07-28,01_棣栫瑪鏀炬,02_闈為娆℃巿淇?RG3,CL_05,Android,Facebook,02_100%鍙婁互涓?4,4,3000000.0,3000000.0,2,4,1600000.0,3000000.0,2,4,1600000.0,3000000.0
2026-08-20,01_棣栫瑪鏀炬,02_闈為娆℃巿淇?RG5,CL_05,iOS,Tiktok,02_100%鍙婁互涓?1,1,400000.0,400000.0,0,1,0.0,400000.0,0,0,0.0,0.0
2026-07-16,01_棣栫瑪鏀炬,02_闈為娆℃巿淇?RG5,CL_05,iOS,绌哄€?02_100%鍙婁互涓?1,1,400000.0,400000.0,0,1,0.0,400000.0,0,1,0.0,400000.0
2026-08-31,01_棣栫瑪鏀炬,01_棣栨鎺堜俊,RG2,CL_05,Android,Tiktok,02_100%鍙婁互涓?2,2,2200000.0,2000000.0,0,0,0.0,0.0,0,0,0.0,0.0
2026-08-22,01_棣栫瑪鏀炬,01_棣栨鎺堜俊,RG4,CL_05,Android,Google,02_100%鍙婁互涓?19,19,7500000.0,7500000.0,10,19,4400000.0,7500000.0,0,0,0.0,0.0
2026-08-19,01_棣栫瑪鏀炬,02_闈為娆℃巿淇?RG4,CL_05,Android,Organic,02_100%鍙婁互涓?1,1,300000.0,300000.0,0,1,0.0,300000.0,0,0,0.0,0.0
2026-08-07,01_棣栫瑪鏀炬,01_棣栨鎺堜俊,RG2,CL_05,Android,Organic,02_100%鍙婁互涓?3,3,3400000.0,3400000.0,2,3,2200000.0,3400000.0,1,3,1000000.0,3400000.0
2026-07-25,01_棣栫瑪鏀炬,02_闈為娆℃巿淇?RG4,CL_05,Android,ASA,02_100%鍙婁互涓?1,1,400000.0,400000.0,0,1,0.0,400000.0,0,1,0.0,400000.0
2026-08-27,01_棣栫瑪鏀炬,01_棣栨鎺堜俊,RG3,CL_05,Android,Organic,02_100%鍙婁互涓?2,2,1400000.0,1400000.0,0,0,0.0,0.0,0,0,0.0,0.0
2026-07-27,01_棣栫瑪鏀炬,01_棣栨鎺堜俊,RG5,CL_05,Android,Google,02_100%鍙婁互涓?27,27,9200000.0,9200000.0,18,27,6100000.0,9200000.0,16,27,5400000.0,9200000.0
2026-08-06,01_棣栫瑪鏀炬,02_闈為娆℃巿淇?RG4,CL_05,iOS,Organic,02_100%鍙婁互涓?1,1,600000.0,600000.0,1,1,600000.0,600000.0,1,1,600000.0,600000.0
2026-08-23,01_棣栫瑪鏀炬,01_棣栨鎺堜俊,RG0,CL_01,iOS,Organic,02_100%鍙婁互涓?1,1,5000000.0,4000000.0,1,1,5000000.0,5000000.0,0,0,0.0,0.0
2026-07-10,01_棣栫瑪鏀炬,02_闈為娆℃巿淇?RG5,CL_04,iOS,Facebook,02_100%鍙婁互涓?1,1,400000.0,400000.0,0,1,0.0,400000.0,0,1,0.0,400000.0
2026-07-28,01_棣栫瑪鏀炬,01_棣栨鎺堜俊,RG1,CL_01,iOS,Organic,02_100%鍙婁互涓?2,2,5000000.0,5000000.0,1,2,2500000.0,5000000.0,0,2,0.0,5000000.0
2026-07-29,01_棣栫瑪鏀炬,01_棣栨鎺堜俊,RG5,CL_05,Android,Tiktok,01_100%浠ヤ笅,1,1,300000.0,400000.0,0,1,0.0,300000.0,0,1,0.0,300000.0
2026-07-27,01_棣栫瑪鏀炬,01_棣栨鎺堜俊,RG2,CL_01,Android,Google,02_100%鍙婁互涓?1,1,2200000.0,1500000.0,0,1,0.0,2200000.0,0,1,0.0,2200000.0
2026-07-14,01_棣栫瑪鏀炬,01_棣栨鎺堜俊,RG5,CL_05,Android,Facebook,02_100%鍙婁互涓?5,5,2000000.0,2000000.0,1,5,400000.0,2000000.0,1,5,400000.0,2000000.0
2026-08-18,01_棣栫瑪鏀炬,01_棣栨鎺堜俊,RG2,CL_07,Android,Organic,01_100%浠ヤ笅,1,1,500000.0,1200000.0,0,1,0.0,500000.0,0,0,0.0,0.0
2026-07-24,01_棣栫瑪鏀炬,02_闈為娆℃巿淇?RG3,CL_05,iOS,Organic,02_100%鍙婁互涓?2,2,2400000.0,2400000.0,2,2,2400000.0,2400000.0,2,2,2400000.0,2400000.0
2026-08-19,01_棣栫瑪鏀炬,01_棣栨鎺堜俊,RG2,CL_07,Android,Facebook,02_100%鍙婁互涓?2,2,2700000.0,2400000.0,0,2,0.0,2700000.0,0,0,0.0,0.0
2026-07-20,01_棣栫瑪鏀炬,02_闈為娆℃巿淇?RG3,CL_05,Android,绌哄€?02_100%鍙婁互涓?1,1,600000.0,600000.0,0,1,0.0,600000.0,0,1,0.0,600000.0
2026-07-13,01_棣栫瑪鏀炬,01_棣栨鎺堜俊,RG3,CL_04,iOS,Facebook,02_100%鍙婁互涓?1,1,1200000.0,1200000.0,0,1,0.0,1200000.0,0,1,0.0,1200000.0
2026-09-03,01_棣栫瑪鏀炬,01_棣栨鎺堜俊,RG0,CL_01,iOS,Facebook,02_100%鍙婁互涓?1,1,5000000.0,4000000.0,0,0,0.0,0.0,0,0,0.0,0.0
2026-07-21,01_棣栫瑪鏀炬,01_棣栨鎺堜俊,RG1,CL_01,iOS,ASA,02_100%鍙婁互涓?1,1,2500000.0,2500000.0,0,1,0.0,2500000.0,0,1,0.0,2500000.0
2026-08-10,01_棣栫瑪鏀炬,01_棣栨鎺堜俊,RG5,CL_05,Android,Google,02_100%鍙婁互涓?19,19,6200000.0,6200000.0,11,19,3600000.0,6200000.0,7,19,2200000.0,6200000.0
2026-07-17,01_棣栫瑪鏀炬,02_闈為娆℃巿淇?RG6,CL_05,Android,Organic,02_100%鍙婁互涓?4,4,1300000.0,1300000.0,4,4,1300000.0,1300000.0,4,4,1300000.0,1300000.0
2026-09-03,01_棣栫瑪鏀炬,01_棣栨鎺堜俊,RG5,CL_05,iOS,Facebook,02_100%鍙婁互涓?3,3,1100000.0,1100000.0,0,0,0.0,0.0,0,0,0.0,0.0
2026-07-15,01_棣栫瑪鏀炬,01_棣栨鎺堜俊,RG4,CL_05,Android,Facebook,02_100%鍙婁互涓?6,6,3600000.0,3600000.0,2,6,1200000.0,3600000.0,2,6,1200000.0,3600000.0
2026-07-11,01_棣栫瑪鏀炬,02_闈為娆℃巿淇?RG5,CL_04,iOS,Organic,02_100%鍙婁互涓?3,3,1000000.0,1000000.0,1,3,300000.0,1000000.0,0,3,0.0,1000000.0
2026-07-24,01_棣栫瑪鏀炬,02_闈為娆℃巿淇?RG2,CL_05,Android,Facebook,02_100%鍙婁互涓?1,1,1000000.0,1000000.0,0,1,0.0,1000000.0,0,1,0.0,1000000.0
2026-08-01,01_棣栫瑪鏀炬,01_棣栨鎺堜俊,RG4,CL_05,Android,Tiktok,02_100%鍙婁互涓?12,12,6400000.0,6400000.0,9,12,4800000.0,6400000.0,9,12,4800000.0,6400000.0
2026-07-18,01_棣栫瑪鏀炬,02_闈為娆℃巿淇?RG6,CL_05,Android,Organic,02_100%鍙婁互涓?1,1,300000.0,300000.0,1,1,300000.0,300000.0,1,1,300000.0,300000.0
2026-07-24,01_棣栫瑪鏀炬,01_棣栨鎺堜俊,RG1,CL_01,iOS,ASA,02_100%鍙婁互涓?1,1,2500000.0,2500000.0,1,1,2500000.0,2500000.0,0,1,0.0,2500000.0
2026-08-05,01_棣栫瑪鏀炬,01_棣栨鎺堜俊,RG5,CL_05,iOS,Tiktok,02_100%鍙婁互涓?7,7,2600000.0,2400000.0,2,7,700000.0,2600000.0,1,7,300000.0,2600000.0
2026-07-28,01_棣栫瑪鏀炬,02_闈為娆℃巿淇?RG5,CL_05,Android,Organic,02_100%鍙婁互涓?5,5,1700000.0,1700000.0,2,5,600000.0,1700000.0,1,5,300000.0,1700000.0
2026-08-19,01_棣栫瑪鏀炬,01_棣栨鎺堜俊,RG0,CL_01,iOS,Facebook,02_100%鍙婁互涓?1,1,6200000.0,5200000.0,0,1,0.0,6200000.0,0,0,0.0,0.0
2026-08-08,01_棣栫瑪鏀炬,01_棣栨鎺堜俊,RG2,CL_07,Android,Organic,01_100%浠ヤ笅,1,1,300000.0,1200000.0,0,1,0.0,300000.0,0,1,0.0,300000.0
2026-08-29,01_棣栫瑪鏀炬,01_棣栨鎺堜俊,RG2,CL_05,Android,Facebook,02_100%鍙婁互涓?1,1,1200000.0,1000000.0,0,0,0.0,0.0,0,0,0.0,0.0
2026-08-29,01_棣栫瑪鏀炬,01_棣栨鎺堜俊,RG4,CL_05,iOS,Organic,02_100%鍙婁互涓?2,2,1400000.0,1200000.0,0,0,0.0,0.0,0,0,0.0,0.0
2026-08-19,01_棣栫瑪鏀炬,01_棣栨鎺堜俊,RG5,CL_04,iOS,Organic,02_100%鍙婁互涓?2,2,1100000.0,700000.0,1,2,500000.0,1100000.0,0,0,0.0,0.0
2026-07-19,01_棣栫瑪鏀炬,02_闈為娆℃巿淇?RG7,CL_05,Android,Facebook,02_100%鍙婁互涓?1,1,300000.0,300000.0,1,1,300000.0,300000.0,1,1,300000.0,300000.0
2026-08-18,01_棣栫瑪鏀炬,01_棣栨鎺堜俊,RG0,CL_01,iOS,Facebook,02_100%鍙婁互涓?1,1,4000000.0,4000000.0,1,1,4000000.0,4000000.0,0,0,0.0,0.0
2026-08-10,01_棣栫瑪鏀炬,02_闈為娆℃巿淇?RG3,CL_05,iOS,Organic,02_100%鍙婁互涓?1,1,800000.0,800000.0,1,1,800000.0,800000.0,0,1,0.0,800000.0
2026-08-11,01_棣栫瑪鏀炬,01_棣栨鎺堜俊,RG3,CL_05,Android,Organic,02_100%鍙婁互涓?2,2,1400000.0,1400000.0,0,2,0.0,1400000.0,0,2,0.0,1400000.0
2026-08-28,01_棣栫瑪鏀炬,01_棣栨鎺堜俊,RG2,CL_07,iOS,Organic,02_100%鍙婁互涓?1,1,1500000.0,1500000.0,0,0,0.0,0.0,0,0,0.0,0.0
2026-08-06,01_棣栫瑪鏀炬,02_闈為娆℃巿淇?RG2,CL_07,Android,Organic,01_100%浠ヤ笅,1,1,600000.0,1200000.0,0,1,0.0,600000.0,0,1,0.0,600000.0
2026-07-26,01_棣栫瑪鏀炬,01_棣栨鎺堜俊,RG3,CL_05,Android,Google,02_100%鍙婁互涓?11,11,7600000.0,7600000.0,7,11,4800000.0,7600000.0,5,11,3200000.0,7600000.0
2026-08-28,01_棣栫瑪鏀炬,01_棣栨鎺堜俊,RG2,CL_07,Android,Tiktok,02_100%鍙婁互涓?1,1,1200000.0,1200000.0,0,0,0.0,0.0,0,0,0.0,0.0
2026-07-13,01_棣栫瑪鏀炬,01_棣栨鎺堜俊,RG4,CL_03,iOS,Facebook,02_100%鍙婁互涓?1,1,600000.0,600000.0,1,1,600000.0,600000.0,0,1,0.0,600000.0
2026-08-11,01_棣栫瑪鏀炬,01_棣栨鎺堜俊,RG3,CL_05,Android,Facebook,01_100%浠ヤ笅,1,1,300000.0,600000.0,0,1,0.0,300000.0,0,1,0.0,300000.0
2026-08-11,01_棣栫瑪鏀炬,02_闈為娆℃巿淇?RG2,CL_05,Android,Google,02_100%鍙婁互涓?1,1,1200000.0,1000000.0,1,1,1200000.0,1200000.0,1,1,1200000.0,1200000.0
2026-08-01,01_棣栫瑪鏀炬,02_闈為娆℃巿淇?RG7,CL_05,Android,Google,02_100%鍙婁互涓?2,2,600000.0,600000.0,0,2,0.0,600000.0,0,2,0.0,600000.0
2026-07-11,01_棣栫瑪鏀炬,01_棣栨鎺堜俊,RG7,CL_03,Android,Organic,02_100%鍙婁互涓?1,1,300000.0,300000.0,0,1,0.0,300000.0,0,1,0.0,300000.0
2026-07-20,01_棣栫瑪鏀炬,01_棣栨鎺堜俊,RG3,CL_03,Android,Organic,02_100%鍙婁互涓?2,2,1300000.0,1100000.0,1,2,1000000.0,1300000.0,1,2,1000000.0,1300000.0
2026-08-21,01_棣栫瑪鏀炬,01_棣栨鎺堜俊,RG3,CL_05,Android,Organic,02_100%鍙婁互涓?6,6,4200000.0,4200000.0,6,6,4200000.0,4200000.0,0,0,0.0,0.0
2026-08-30,01_棣栫瑪鏀炬,02_闈為娆℃巿淇?RG4,CL_05,Android,Google,02_100%鍙婁互涓?1,1,500000.0,500000.0,0,0,0.0,0.0,0,0,0.0,0.0
2026-08-02,01_棣栫瑪鏀炬,01_棣栨鎺堜俊,RG6,CL_05,Android,Tiktok,02_100%鍙婁互涓?2,2,600000.0,600000.0,0,2,0.0,600000.0,0,2,0.0,600000.0
2026-08-28,01_棣栫瑪鏀炬,01_棣栨鎺堜俊,RG4,CL_05,Android,Facebook,02_100%鍙婁互涓?10,10,4500000.0,4500000.0,0,0,0.0,0.0,0,0,0.0,0.0
2026-08-31,01_棣栫瑪鏀炬,01_棣栨鎺堜俊,RG1,CL_01,Android,Organic,02_100%鍙婁互涓?1,1,1500000.0,1500000.0,0,0,0.0,0.0,0,0,0.0,0.0
2026-07-22,01_棣栫瑪鏀炬,01_棣栨鎺堜俊,RG4,CL_05,Android,Tiktok,02_100%鍙婁互涓?2,2,1000000.0,1000000.0,0,2,0.0,1000000.0,0,2,0.0,1000000.0
2026-07-19,01_棣栫瑪鏀炬,01_棣栨鎺堜俊,RG4,CL_05,Android,Tiktok,02_100%鍙婁互涓?2,2,1200000.0,1200000.0,0,2,0.0,1200000.0,0,2,0.0,1200000.0
2026-07-24,01_棣栫瑪鏀炬,01_棣栨鎺堜俊,RG3,CL_05,Android,Organic,02_100%鍙婁互涓?2,2,1400000.0,1400000.0,2,2,1400000.0,1400000.0,2,2,1400000.0,1400000.0
2026-08-23,01_棣栫瑪鏀炬,01_棣栨鎺堜俊,RG2,CL_07,iOS,Tiktok,02_100%鍙婁互涓?2,2,3300000.0,3300000.0,1,2,1500000.0,3300000.0,0,0,0.0,0.0
2026-09-04,01_棣栫瑪鏀炬,01_棣栨鎺堜俊,RG3,CL_05,Android,Tiktok,02_100%鍙婁互涓?9,9,6200000.0,6000000.0,0,0,0.0,0.0,0,0,0.0,0.0
2026-08-11,01_棣栫瑪鏀炬,02_闈為娆℃巿淇?RG2,CL_07,Android,Google,02_100%鍙婁互涓?1,1,1200000.0,1200000.0,1,1,1200000.0,1200000.0,0,1,0.0,1200000.0
2026-07-12,01_棣栫瑪鏀炬,01_棣栨鎺堜俊,RG2,CL_01,iOS,Organic,02_100%鍙婁互涓?1,1,2400000.0,2400000.0,0,1,0.0,2400000.0,0,1,0.0,2400000.0
2026-07-16,01_棣栫瑪鏀炬,01_棣栨鎺堜俊,RG5,CL_05,iOS,Facebook,02_100%鍙婁互涓?2,2,700000.0,700000.0,1,2,400000.0,700000.0,0,2,0.0,700000.0
2026-08-22,01_棣栫瑪鏀炬,01_棣栨鎺堜俊,RG5,CL_05,iOS,Tiktok,02_100%鍙婁互涓?2,2,600000.0,600000.0,1,2,300000.0,600000.0,0,0,0.0,0.0
2026-07-18,01_棣栫瑪鏀炬,01_棣栨鎺堜俊,RG4,CL_05,iOS,Facebook,02_100%鍙婁互涓?3,3,2000000.0,2000000.0,1,3,600000.0,2000000.0,1,3,600000.0,2000000.0
2026-07-10,01_棣栫瑪鏀炬,01_棣栨鎺堜俊,RG3,CL_03,Android,Organic,02_100%鍙婁互涓?1,1,1200000.0,1200000.0,0,1,0.0,1200000.0,0,1,0.0,1200000.0
2026-08-04,01_棣栫瑪鏀炬,01_棣栨鎺堜俊,RG4,CL_05,Android,Tiktok,02_100%鍙婁互涓?1,1,800000.0,800000.0,1,1,800000.0,800000.0,1,1,800000.0,800000.0
2026-08-01,01_棣栫瑪鏀炬,01_棣栨鎺堜俊,RG0,CL_06,iOS,Facebook,02_100%鍙婁互涓?2,2,1.52E7,1.32E7,1,2,8000000.0,1.52E7,0,2,0.0,1.52E7
2026-07-18,01_棣栫瑪鏀炬,01_棣栨鎺堜俊,RG5,CL_05,Android,Tiktok,02_100%鍙婁互涓?1,1,400000.0,400000.0,0,1,0.0,400000.0,0,1,0.0,400000.0
2026-08-11,01_棣栫瑪鏀炬,01_棣栨鎺堜俊,RG4,CL_05,Android,Google,01_100%浠ヤ笅,2,2,600000.0,1200000.0,0,2,0.0,600000.0,0,2,0.0,600000.0
2026-08-04,01_棣栫瑪鏀炬,02_闈為娆℃巿淇?RG6,CL_05,Android,Facebook,02_100%鍙婁互涓?2,2,600000.0,600000.0,1,2,300000.0,600000.0,1,2,300000.0,600000.0
2026-08-22,01_棣栫瑪鏀炬,01_棣栨鎺堜俊,RG1,CL_01,iOS,Tiktok,02_100%鍙婁互涓?1,1,2500000.0,2500000.0,0,1,0.0,2500000.0,0,0,0.0,0.0
2026-08-08,01_棣栫瑪鏀炬,01_棣栨鎺堜俊,RG4,CL_05,iOS,鍏朵粬,02_100%鍙婁互涓?1,1,1000000.0,600000.0,1,1,1000000.0,1000000.0,1,1,1000000.0,1000000.0
2026-07-11,01_棣栫瑪鏀炬,01_棣栨鎺堜俊,RG2,CL_04,Android,Tiktok,02_100%鍙婁互涓?1,1,1000000.0,1000000.0,0,1,0.0,1000000.0,0,1,0.0,1000000.0
2026-07-13,01_棣栫瑪鏀炬,02_闈為娆℃巿淇?RG3,CL_04,Android,Facebook,02_100%鍙婁互涓?1,1,600000.0,600000.0,0,1,0.0,600000.0,0,1,0.0,600000.0
2026-07-28,01_棣栫瑪鏀炬,01_棣栨鎺堜俊,RG0,CL_01,iOS,Organic,02_100%鍙婁互涓?1,1,5200000.0,5200000.0,0,1,0.0,5200000.0,0,1,0.0,5200000.0
2026-07-24,01_棣栫瑪鏀炬,01_棣栨鎺堜俊,RG3,CL_03,Android,Facebook,02_100%鍙婁互涓?3,3,1000000.0,1000000.0,2,3,700000.0,1000000.0,1,3,300000.0,1000000.0
2026-08-08,01_棣栫瑪鏀炬,02_闈為娆℃巿淇?RG5,CL_05,Android,Google,02_100%鍙婁互涓?5,5,1800000.0,1800000.0,4,5,1400000.0,1800000.0,3,5,1000000.0,1800000.0
2026-08-15,01_棣栫瑪鏀炬,01_棣栨鎺堜俊,RG3,CL_05,Android,Google,02_100%鍙婁互涓?8,8,5600000.0,5600000.0,2,8,1200000.0,5600000.0,0,0,0.0,0.0
2026-07-22,01_棣栫瑪鏀炬,02_闈為娆℃巿淇?RG6,CL_05,Android,Google,02_100%鍙婁互涓?1,1,300000.0,300000.0,1,1,300000.0,300000.0,1,1,300000.0,300000.0
2026-09-02,01_棣栫瑪鏀炬,01_棣栨鎺堜俊,RG5,CL_05,iOS,Organic,02_100%鍙婁互涓?7,7,3000000.0,2400000.0,0,0,0.0,0.0,0,0,0.0,0.0
2026-07-21,01_棣栫瑪鏀炬,01_棣栨鎺堜俊,RG2,CL_01,iOS,ASA,02_100%鍙婁互涓?2,2,4000000.0,4000000.0,0,2,0.0,4000000.0,0,2,0.0,4000000.0
2026-08-16,01_棣栫瑪鏀炬,02_闈為娆℃巿淇?RG4,CL_05,Android,Tiktok,02_100%鍙婁互涓?2,2,1000000.0,1000000.0,1,2,600000.0,1000000.0,0,0,0.0,0.0
2026-07-25,01_棣栫瑪鏀炬,01_棣栨鎺堜俊,RG2,CL_01,Android,Organic,02_100%鍙婁互涓?1,1,1500000.0,1500000.0,0,1,0.0,1500000.0,0,1,0.0,1500000.0
2026-09-04,01_棣栫瑪鏀炬,01_棣栨鎺堜俊,RG3,CL_05,iOS,Organic,02_100%鍙婁互涓?1,1,1400000.0,1200000.0,0,0,0.0,0.0,0,0,0.0,0.0
2026-08-18,01_棣栫瑪鏀炬,02_闈為娆℃巿淇?RG6,CL_05,Android,Google,02_100%鍙婁互涓?2,2,600000.0,600000.0,1,2,300000.0,600000.0,0,0,0.0,0.0
2026-08-08,01_棣栫瑪鏀炬,01_棣栨鎺堜俊,RG5,CL_04,iOS,Organic,02_100%鍙婁互涓?1,1,500000.0,300000.0,0,1,0.0,500000.0,0,1,0.0,500000.0
2026-07-31,01_棣栫瑪鏀炬,01_棣栨鎺堜俊,RG6,CL_05,Android,Organic,02_100%鍙婁互涓?2,2,600000.0,600000.0,2,2,600000.0,600000.0,2,2,600000.0,600000.0
2026-08-03,01_棣栫瑪鏀炬,01_棣栨鎺堜俊,RG3,CL_05,iOS,Facebook,02_100%鍙婁互涓?2,2,2000000.0,2000000.0,0,2,0.0,2000000.0,0,2,0.0,2000000.0
2026-08-31,01_棣栫瑪鏀炬,01_棣栨鎺堜俊,RG3,CL_05,Android,Facebook,02_100%鍙婁互涓?7,7,5100000.0,4800000.0,0,0,0.0,0.0,0,0,0.0,0.0
2026-09-07,01_棣栫瑪鏀炬,01_棣栨鎺堜俊,RG1,CL_01,Android,Organic,02_100%鍙婁互涓?1,1,2500000.0,1500000.0,0,0,0.0,0.0,0,0,0.0,0.0
2026-08-09,01_棣栫瑪鏀炬,01_棣栨鎺堜俊,RG2,CL_05,Android,Tiktok,02_100%鍙婁互涓?1,1,1200000.0,1200000.0,1,1,1200000.0,1200000.0,0,1,0.0,1200000.0
2026-07-26,01_棣栫瑪鏀炬,01_棣栨鎺堜俊,RG1,CL_01,Android,Organic,02_100%鍙婁互涓?1,1,1500000.0,1500000.0,0,1,0.0,1500000.0,0,1,0.0,1500000.0
2026-08-01,01_棣栫瑪鏀炬,01_棣栨鎺堜俊,RG5,CL_03,iOS,Facebook,01_100%浠ヤ笅,1,1,400000.0,600000.0,0,1,0.0,400000.0,0,1,0.0,400000.0
2026-09-02,01_棣栫瑪鏀炬,01_棣栨鎺堜俊,RG2,CL_07,iOS,Tiktok,02_100%鍙婁互涓?1,1,1500000.0,1500000.0,0,0,0.0,0.0,0,0,0.0,0.0
2026-08-17,01_棣栫瑪鏀炬,01_棣栨鎺堜俊,RG2,CL_07,iOS,Tiktok,02_100%鍙婁互涓?3,3,5200000.0,4800000.0,3,3,5200000.0,5200000.0,0,0,0.0,0.0
2026-07-26,01_棣栫瑪鏀炬,02_闈為娆℃巿淇?RG5,CL_05,iOS,Organic,02_100%鍙婁互涓?12,12,5400000.0,4700000.0,5,12,1800000.0,5400000.0,4,12,1500000.0,5400000.0
2026-08-07,01_棣栫瑪鏀炬,01_棣栨鎺堜俊,RG2,CL_07,Android,Organic,02_100%鍙婁互涓?3,3,3600000.0,3600000.0,0,3,0.0,3600000.0,0,3,0.0,3600000.0
2026-09-04,01_棣栫瑪鏀炬,01_棣栨鎺堜俊,RG4,CL_05,Android,Tiktok,02_100%鍙婁互涓?5,5,2500000.0,2500000.0,0,0,0.0,0.0,0,0,0.0,0.0
2026-08-16,01_棣栫瑪鏀炬,01_棣栨鎺堜俊,RG3,CL_05,Android,Google,01_100%浠ヤ笅,1,1,300000.0,800000.0,0,1,0.0,300000.0,0,0,0.0,0.0
2026-08-24,01_棣栫瑪鏀炬,01_棣栨鎺堜俊,RG2,CL_05,iOS,ASA,02_100%鍙婁互涓?1,1,1800000.0,1200000.0,0,0,0.0,0.0,0,0,0.0,0.0
2026-08-10,01_棣栫瑪鏀炬,01_棣栨鎺堜俊,RG5,CL_05,iOS,ASA,02_100%鍙婁互涓?2,2,600000.0,600000.0,1,2,300000.0,600000.0,1,2,300000.0,600000.0
2026-08-02,01_棣栫瑪鏀炬,01_棣栨鎺堜俊,RG4,CL_03,iOS,Organic,02_100%鍙婁互涓?1,1,1000000.0,600000.0,1,1,1000000.0,1000000.0,0,1,0.0,1000000.0
2026-07-28,01_棣栫瑪鏀炬,01_棣栨鎺堜俊,RG2,CL_03,Android,Organic,01_100%浠ヤ笅,1,1,300000.0,1000000.0,0,1,0.0,300000.0,0,1,0.0,300000.0
2026-07-22,01_棣栫瑪鏀炬,01_棣栨鎺堜俊,RG3,CL_05,iOS,Organic,02_100%鍙婁互涓?6,6,6400000.0,6000000.0,0,6,0.0,6400000.0,0,6,0.0,6400000.0
2026-08-06,01_棣栫瑪鏀炬,01_棣栨鎺堜俊,RG2,CL_03,iOS,Organic,02_100%鍙婁互涓?1,1,1500000.0,1200000.0,0,1,0.0,1500000.0,0,1,0.0,1500000.0
2026-07-28,01_棣栫瑪鏀炬,01_棣栨鎺堜俊,RG5,CL_05,Android,Tiktok,02_100%鍙婁互涓?2,2,800000.0,800000.0,1,2,400000.0,800000.0,0,2,0.0,800000.0
2026-08-04,01_棣栫瑪鏀炬,01_棣栨鎺堜俊,RG2,CL_05,Android,Facebook,02_100%鍙婁互涓?6,6,7200000.0,6800000.0,1,6,1200000.0,7200000.0,1,6,1200000.0,7200000.0
2026-07-18,01_棣栫瑪鏀炬,01_棣栨鎺堜俊,RG2,CL_03,Android,Facebook,02_100%鍙婁互涓?1,1,1400000.0,1000000.0,0,1,0.0,1400000.0,0,1,0.0,1400000.0
2026-08-19,01_棣栫瑪鏀炬,01_棣栨鎺堜俊,RG2,CL_01,iOS,Google,02_100%鍙婁互涓?1,1,2600000.0,2600000.0,0,1,0.0,2600000.0,0,0,0.0,0.0
2026-07-23,01_棣栫瑪鏀炬,01_棣栨鎺堜俊,RG2,CL_05,Android,Organic,02_100%鍙婁互涓?1,1,1200000.0,1200000.0,0,1,0.0,1200000.0,0,1,0.0,1200000.0
2026-09-02,01_棣栫瑪鏀炬,02_闈為娆℃巿淇?RG4,CL_05,Android,Google,02_100%鍙婁互涓?1,1,400000.0,400000.0,0,0,0.0,0.0,0,0,0.0,0.0
2026-08-17,01_棣栫瑪鏀炬,01_棣栨鎺堜俊,RG2,CL_07,Android,Organic,02_100%鍙婁互涓?1,1,1200000.0,1200000.0,0,1,0.0,1200000.0,0,0,0.0,0.0
2026-07-31,01_棣栫瑪鏀炬,01_棣栨鎺堜俊,RG3,CL_05,Android,Facebook,02_100%鍙婁互涓?11,11,7600000.0,7400000.0,8,11,5600000.0,7600000.0,6,11,4200000.0,7600000.0
2026-08-26,01_棣栫瑪鏀炬,02_闈為娆℃巿淇?RG5,CL_05,iOS,Organic,01_100%浠ヤ笅,1,1,300000.0,400000.0,0,0,0.0,0.0,0,0,0.0,0.0
2026-09-07,01_棣栫瑪鏀炬,01_棣栨鎺堜俊,RG2,CL_05,Android,Tiktok,02_100%鍙婁互涓?2,2,2000000.0,2000000.0,0,0,0.0,0.0,0,0,0.0,0.0
2026-09-04,01_棣栫瑪鏀炬,01_棣栨鎺堜俊,RG5,CL_03,iOS,Organic,02_100%鍙婁互涓?1,1,800000.0,400000.0,0,0,0.0,0.0,0,0,0.0,0.0
2026-08-27,01_棣栫瑪鏀炬,01_棣栨鎺堜俊,RG1,CL_01,Android,Google,02_100%鍙婁互涓?2,2,3000000.0,3000000.0,0,0,0.0,0.0,0,0,0.0,0.0
2026-09-05,01_棣栫瑪鏀炬,01_棣栨鎺堜俊,RG1,CL_01,Android,Tiktok,02_100%鍙婁互涓?1,1,1500000.0,1500000.0,0,0,0.0,0.0,0,0,0.0,0.0
2026-08-04,01_棣栫瑪鏀炬,01_棣栨鎺堜俊,RG1,CL_01,iOS,Facebook,02_100%鍙婁互涓?2,2,6000000.0,5000000.0,2,2,6000000.0,6000000.0,2,2,6000000.0,6000000.0
2026-08-25,01_棣栫瑪鏀炬,02_闈為娆℃巿淇?RG5,CL_05,iOS,Organic,02_100%鍙婁互涓?6,6,2700000.0,1900000.0,0,0,0.0,0.0,0,0,0.0,0.0
2026-09-07,01_棣栫瑪鏀炬,01_棣栨鎺堜俊,RG2,CL_07,Android,Tiktok,02_100%鍙婁互涓?2,2,3000000.0,3000000.0,0,0,0.0,0.0,0,0,0.0,0.0
2026-08-26,01_棣栫瑪鏀炬,01_棣栨鎺堜俊,RG3,CL_05,iOS,ASA,01_100%浠ヤ笅,1,1,600000.0,1200000.0,0,0,0.0,0.0,0,0,0.0,0.0
2026-08-16,01_棣栫瑪鏀炬,02_闈為娆℃巿淇?RG4,CL_05,iOS,Organic,02_100%鍙婁互涓?1,1,600000.0,600000.0,0,1,0.0,600000.0,0,0,0.0,0.0
2026-08-26,01_棣栫瑪鏀炬,01_棣栨鎺堜俊,RG4,CL_05,iOS,Tiktok,02_100%鍙婁互涓?1,1,800000.0,800000.0,0,0,0.0,0.0,0,0,0.0,0.0
2026-08-27,01_棣栫瑪鏀炬,01_棣栨鎺堜俊,RG1,CL_01,Android,Facebook,02_100%鍙婁互涓?5,5,8000000.0,7500000.0,0,0,0.0,0.0,0,0,0.0,0.0
2026-08-18,01_棣栫瑪鏀炬,01_棣栨鎺堜俊,RG2,CL_07,Android,Facebook,02_100%鍙婁互涓?5,5,6000000.0,6000000.0,1,5,1200000.0,6000000.0,0,0,0.0,0.0
2026-08-30,01_棣栫瑪鏀炬,01_棣栨鎺堜俊,RG5,CL_05,Android,Tiktok,02_100%鍙婁互涓?1,1,300000.0,300000.0,0,0,0.0,0.0,0,0,0.0,0.0
2026-08-20,01_棣栫瑪鏀炬,02_闈為娆℃巿淇?RG2,CL_07,iOS,Organic,02_100%鍙婁互涓?1,1,1500000.0,1500000.0,0,1,0.0,1500000.0,0,0,0.0,0.0
2026-08-27,01_棣栫瑪鏀炬,01_棣栨鎺堜俊,RG3,CL_05,Android,Google,01_100%浠ヤ笅,2,2,1000000.0,1600000.0,0,0,0.0,0.0,0,0,0.0,0.0
2026-07-11,01_棣栫瑪鏀炬,01_棣栨鎺堜俊,RG6,CL_04,Android,Organic,02_100%鍙婁互涓?1,1,300000.0,300000.0,0,1,0.0,300000.0,0,1,0.0,300000.0
2026-07-27,01_棣栫瑪鏀炬,01_棣栨鎺堜俊,RG0,CL_06,iOS,ASA,02_100%鍙婁互涓?1,1,7200000.0,7200000.0,0,1,0.0,7200000.0,0,1,0.0,7200000.0
2026-07-12,01_棣栫瑪鏀炬,01_棣栨鎺堜俊,RG3,CL_04,Android,Tiktok,02_100%鍙婁互涓?1,1,800000.0,800000.0,1,1,800000.0,800000.0,0,1,0.0,800000.0
2026-08-25,01_棣栫瑪鏀炬,01_棣栨鎺堜俊,RG1,CL_01,Android,Organic,02_100%鍙婁互涓?1,1,1500000.0,1500000.0,0,0,0.0,0.0,0,0,0.0,0.0
2026-07-20,01_棣栫瑪鏀炬,02_闈為娆℃巿淇?RG5,CL_05,Android,Tiktok,02_100%鍙婁互涓?1,1,400000.0,400000.0,1,1,400000.0,400000.0,1,1,400000.0,400000.0
2026-08-23,01_棣栫瑪鏀炬,01_棣栨鎺堜俊,RG2,CL_05,iOS,Tiktok,02_100%鍙婁互涓?1,1,1800000.0,1800000.0,0,1,0.0,1800000.0,0,0,0.0,0.0
2026-07-22,01_棣栫瑪鏀炬,01_棣栨鎺堜俊,RG3,CL_05,Android,Tiktok,02_100%鍙婁互涓?4,4,3000000.0,3000000.0,3,4,2200000.0,3000000.0,3,4,2200000.0,3000000.0
2026-08-25,01_棣栫瑪鏀炬,01_棣栨鎺堜俊,RG4,CL_05,Android,Google,02_100%鍙婁互涓?12,12,5600000.0,5600000.0,0,0,0.0,0.0,0,0,0.0,0.0
2026-09-03,01_棣栫瑪鏀炬,01_棣栨鎺堜俊,RG1,CL_01,iOS,Facebook,02_100%鍙婁互涓?1,1,2500000.0,2500000.0,0,0,0.0,0.0,0,0,0.0,0.0
2026-08-28,01_棣栫瑪鏀炬,01_棣栨鎺堜俊,RG0,CL_06,iOS,Tiktok,02_100%鍙婁互涓?1,1,8000000.0,6000000.0,0,0,0.0,0.0,0,0,0.0,0.0
2026-07-15,01_棣栫瑪鏀炬,01_棣栨鎺堜俊,RG2,CL_05,Android,Tiktok,02_100%鍙婁互涓?1,1,1200000.0,1200000.0,0,1,0.0,1200000.0,0,1,0.0,1200000.0
2026-09-02,01_棣栫瑪鏀炬,02_闈為娆℃巿淇?RG3,CL_05,Android,Facebook,02_100%鍙婁互涓?2,2,1700000.0,1600000.0,0,0,0.0,0.0,0,0,0.0,0.0
2026-07-26,01_棣栫瑪鏀炬,01_棣栨鎺堜俊,RG5,CL_05,Android,Organic,02_100%鍙婁互涓?6,6,2100000.0,2100000.0,3,6,1000000.0,2100000.0,2,6,600000.0,2100000.0
2026-08-09,01_棣栫瑪鏀炬,02_闈為娆℃巿淇?RG4,CL_05,iOS,Facebook,02_100%鍙婁互涓?2,2,1800000.0,1400000.0,1,2,1200000.0,1800000.0,1,2,1200000.0,1800000.0
2026-08-11,01_棣栫瑪鏀炬,02_闈為娆℃巿淇?RG5,CL_05,iOS,Facebook,02_100%鍙婁互涓?1,1,300000.0,300000.0,1,1,300000.0,300000.0,0,1,0.0,300000.0
2026-07-20,01_棣栫瑪鏀炬,01_棣栨鎺堜俊,RG4,CL_05,Android,Google,02_100%鍙婁互涓?6,6,3200000.0,3200000.0,4,6,2000000.0,3200000.0,3,6,1600000.0,3200000.0
2026-08-10,01_棣栫瑪鏀炬,01_棣栨鎺堜俊,RG7,CL_05,Android,Facebook,02_100%鍙婁互涓?5,5,1500000.0,1500000.0,2,5,600000.0,1500000.0,2,5,600000.0,1500000.0
2026-09-02,01_棣栫瑪鏀炬,02_闈為娆℃巿淇?RG4,CL_05,Android,Facebook,02_100%鍙婁互涓?2,2,700000.0,700000.0,0,0,0.0,0.0,0,0,0.0,0.0
2026-07-10,01_棣栫瑪鏀炬,02_闈為娆℃巿淇?RG3,CL_04,Android,Tiktok,02_100%鍙婁互涓?1,1,800000.0,800000.0,0,1,0.0,800000.0,0,1,0.0,800000.0
2026-09-01,01_棣栫瑪鏀炬,01_棣栨鎺堜俊,RG3,CL_05,Android,Facebook,01_100%浠ヤ笅,1,1,700000.0,800000.0,0,0,0.0,0.0,0,0,0.0,0.0
2026-08-08,01_棣栫瑪鏀炬,02_闈為娆℃巿淇?RG6,CL_05,Android,Google,02_100%鍙婁互涓?1,1,300000.0,300000.0,0,1,0.0,300000.0,0,1,0.0,300000.0
2026-07-25,01_棣栫瑪鏀炬,01_棣栨鎺堜俊,RG5,CL_05,Android,Google,01_100%浠ヤ笅,1,1,300000.0,400000.0,1,1,300000.0,300000.0,1,1,300000.0,300000.0
2026-07-21,01_棣栫瑪鏀炬,01_棣栨鎺堜俊,RG3,CL_05,Android,Facebook,01_100%浠ヤ笅,1,1,500000.0,800000.0,0,1,0.0,500000.0,0,1,0.0,500000.0
2026-07-30,01_棣栫瑪鏀炬,01_棣栨鎺堜俊,RG6,CL_05,Android,Facebook,02_100%鍙婁互涓?1,1,300000.0,300000.0,1,1,300000.0,300000.0,0,1,0.0,300000.0
2026-07-10,01_棣栫瑪鏀炬,01_棣栨鎺堜俊,RG7,CL_04,Android,Facebook,02_100%鍙婁互涓?2,2,600000.0,600000.0,1,2,300000.0,600000.0,1,2,300000.0,600000.0
2026-07-30,01_棣栫瑪鏀炬,01_棣栨鎺堜俊,RG5,CL_05,Android,Google,02_100%鍙婁互涓?13,13,4600000.0,4600000.0,10,13,3700000.0,4600000.0,9,13,3300000.0,4600000.0
2026-07-17,01_棣栫瑪鏀炬,01_棣栨鎺堜俊,RG6,CL_05,Android,Tiktok,02_100%鍙婁互涓?2,2,600000.0,600000.0,0,2,0.0,600000.0,0,2,0.0,600000.0
2026-07-20,01_棣栫瑪鏀炬,01_棣栨鎺堜俊,RG4,CL_05,iOS,ASA,02_100%鍙婁互涓?1,1,600000.0,600000.0,1,1,600000.0,600000.0,1,1,600000.0,600000.0
2026-08-29,01_棣栫瑪鏀炬,01_棣栨鎺堜俊,RG2,CL_05,Android,Google,02_100%鍙婁互涓?1,1,1000000.0,1000000.0,0,0,0.0,0.0,0,0,0.0,0.0
2026-09-01,01_棣栫瑪鏀炬,01_棣栨鎺堜俊,RG4,CL_05,Android,Organic,02_100%鍙婁互涓?2,2,900000.0,900000.0,0,0,0.0,0.0,0,0,0.0,0.0
2026-08-08,01_棣栫瑪鏀炬,02_闈為娆℃巿淇?RG7,CL_05,Android,Google,02_100%鍙婁互涓?1,1,300000.0,300000.0,1,1,300000.0,300000.0,1,1,300000.0,300000.0
2026-08-21,01_棣栫瑪鏀炬,01_棣栨鎺堜俊,RG5,CL_05,Android,Facebook,02_100%鍙婁互涓?1,1,400000.0,400000.0,0,1,0.0,400000.0,0,0,0.0,0.0
2026-09-05,01_棣栫瑪鏀炬,01_棣栨鎺堜俊,RG1,CL_01,iOS,Organic,02_100%鍙婁互涓?1,1,3000000.0,2500000.0,0,0,0.0,0.0,0,0,0.0,0.0
2026-08-16,01_棣栫瑪鏀炬,01_棣栨鎺堜俊,RG4,CL_05,Android,Google,01_100%浠ヤ笅,2,2,700000.0,1000000.0,2,2,700000.0,700000.0,0,0,0.0,0.0
2026-08-23,01_棣栫瑪鏀炬,01_棣栨鎺堜俊,RG1,CL_01,Android,Tiktok,02_100%鍙婁互涓?1,1,1500000.0,1500000.0,0,1,0.0,1500000.0,0,0,0.0,0.0
2026-07-15,01_棣栫瑪鏀炬,01_棣栨鎺堜俊,RG2,CL_01,Android,Organic,02_100%鍙婁互涓?2,2,3000000.0,3000000.0,0,2,0.0,3000000.0,0,2,0.0,3000000.0
2026-07-11,01_棣栫瑪鏀炬,01_棣栨鎺堜俊,RG2,CL_04,iOS,Organic,02_100%鍙婁互涓?1,1,1500000.0,1500000.0,0,1,0.0,1500000.0,0,1,0.0,1500000.0
2026-07-29,01_棣栫瑪鏀炬,02_闈為娆℃巿淇?RG5,CL_05,Android,Facebook,02_100%鍙婁互涓?5,5,2000000.0,2000000.0,3,4,1200000.0,1600000.0,3,4,1200000.0,1600000.0
2026-08-31,01_棣栫瑪鏀炬,01_棣栨鎺堜俊,RG2,CL_07,Android,Tiktok,02_100%鍙婁互涓?2,2,3000000.0,2400000.0,0,0,0.0,0.0,0,0,0.0,0.0
2026-07-24,01_棣栫瑪鏀炬,01_棣栨鎺堜俊,RG7,CL_05,Android,Facebook,02_100%鍙婁互涓?1,1,300000.0,300000.0,1,1,300000.0,300000.0,1,1,300000.0,300000.0
2026-07-10,01_棣栫瑪鏀炬,01_棣栨鎺堜俊,RG6,CL_03,Android,Facebook,02_100%鍙婁互涓?4,4,1400000.0,1400000.0,2,4,600000.0,1400000.0,2,4,600000.0,1400000.0
2026-07-14,01_棣栫瑪鏀炬,01_棣栨鎺堜俊,RG4,CL_04,Android,Facebook,02_100%鍙婁互涓?3,3,1600000.0,1600000.0,2,3,1000000.0,1600000.0,2,3,1000000.0,1600000.0
2026-07-11,01_棣栫瑪鏀炬,01_棣栨鎺堜俊,RG3,CL_03,Android,Facebook,02_100%鍙婁互涓?2,2,1600000.0,1400000.0,1,2,600000.0,1600000.0,1,2,600000.0,1600000.0
2026-07-13,01_棣栫瑪鏀炬,01_棣栨鎺堜俊,RG2,CL_03,Android,Organic,02_100%鍙婁互涓?1,1,400000.0,400000.0,1,1,400000.0,400000.0,0,1,0.0,400000.0
2026-09-05,01_棣栫瑪鏀炬,01_棣栨鎺堜俊,RG6,CL_05,Android,Tiktok,02_100%鍙婁互涓?1,1,300000.0,300000.0,0,0,0.0,0.0,0,0,0.0,0.0
2026-07-13,01_棣栫瑪鏀炬,01_棣栨鎺堜俊,RG5,CL_04,Android,Tiktok,02_100%鍙婁互涓?1,1,300000.0,300000.0,1,1,300000.0,300000.0,1,1,300000.0,300000.0
2026-08-22,01_棣栫瑪鏀炬,01_棣栨鎺堜俊,RG2,CL_05,iOS,Organic,02_100%鍙婁互涓?2,2,3600000.0,3000000.0,0,2,0.0,3600000.0,0,0,0.0,0.0
2026-07-31,01_棣栫瑪鏀炬,02_闈為娆℃巿淇?RG5,CL_05,iOS,Organic,02_100%鍙婁互涓?7,7,2600000.0,2500000.0,2,7,600000.0,2600000.0,1,7,300000.0,2600000.0
2026-08-07,01_棣栫瑪鏀炬,02_闈為娆℃巿淇?RG4,CL_05,Android,Google,02_100%鍙婁互涓?1,1,600000.0,600000.0,0,1,0.0,600000.0,0,1,0.0,600000.0
2026-07-18,01_棣栫瑪鏀炬,01_棣栨鎺堜俊,RG0,CL_06,iOS,Organic,02_100%鍙婁互涓?1,1,6000000.0,6000000.0,0,1,0.0,6000000.0,0,1,0.0,6000000.0
2026-08-02,01_棣栫瑪鏀炬,01_棣栨鎺堜俊,RG5,CL_05,iOS,Organic,02_100%鍙婁互涓?20,20,7800000.0,7000000.0,11,20,4600000.0,7800000.0,6,20,2500000.0,7800000.0
2026-08-23,01_棣栫瑪鏀炬,02_闈為娆℃巿淇?RG4,CL_05,Android,Facebook,02_100%鍙婁互涓?4,4,1500000.0,1500000.0,3,4,1000000.0,1500000.0,0,0,0.0,0.0
2026-08-18,01_棣栫瑪鏀炬,02_闈為娆℃巿淇?RG5,CL_05,iOS,绌哄€?02_100%鍙婁互涓?1,1,400000.0,400000.0,1,1,400000.0,400000.0,0,0,0.0,0.0
2026-08-13,01_棣栫瑪鏀炬,02_闈為娆℃巿淇?RG5,CL_05,Android,Facebook,02_100%鍙婁互涓?1,1,400000.0,400000.0,1,1,400000.0,400000.0,1,1,400000.0,400000.0
2026-08-27,01_棣栫瑪鏀炬,01_棣栨鎺堜俊,RG0,CL_01,iOS,ASA,02_100%鍙婁互涓?1,1,4000000.0,4000000.0,0,0,0.0,0.0,0,0,0.0,0.0
2026-08-30,01_棣栫瑪鏀炬,01_棣栨鎺堜俊,RG5,CL_05,iOS,Organic,02_100%鍙婁互涓?3,3,1700000.0,1100000.0,0,0,0.0,0.0,0,0,0.0,0.0
2026-07-13,01_棣栫瑪鏀炬,02_闈為娆℃巿淇?RG7,CL_04,Android,Organic,02_100%鍙婁互涓?1,1,300000.0,300000.0,1,1,300000.0,300000.0,1,1,300000.0,300000.0
2026-08-05,01_棣栫瑪鏀炬,01_棣栨鎺堜俊,RG2,CL_03,iOS,Organic,01_100%浠ヤ笅,1,1,1100000.0,1500000.0,0,1,0.0,1100000.0,0,1,0.0,1100000.0
2026-07-28,01_棣栫瑪鏀炬,01_棣栨鎺堜俊,RG5,CL_05,iOS,Organic,02_100%鍙婁互涓?14,14,5000000.0,4800000.0,9,14,3200000.0,5000000.0,7,14,2600000.0,5000000.0
2026-07-15,01_棣栫瑪鏀炬,02_闈為娆℃巿淇?RG5,CL_05,iOS,Organic,02_100%鍙婁互涓?1,1,300000.0,300000.0,0,1,0.0,300000.0,0,1,0.0,300000.0
2026-08-23,01_棣栫瑪鏀炬,01_棣栨鎺堜俊,RG2,CL_05,Android,Organic,02_100%鍙婁互涓?1,1,1000000.0,1000000.0,0,1,0.0,1000000.0,0,0,0.0,0.0
2026-07-23,01_棣栫瑪鏀炬,02_闈為娆℃巿淇?RG6,CL_05,Android,Organic,02_100%鍙婁互涓?1,1,300000.0,300000.0,1,1,300000.0,300000.0,1,1,300000.0,300000.0
2026-08-25,01_棣栫瑪鏀炬,01_棣栨鎺堜俊,RG2,CL_07,iOS,Facebook,01_100%浠ヤ笅,1,1,600000.0,1500000.0,0,0,0.0,0.0,0,0,0.0,0.0
2026-08-12,01_棣栫瑪鏀炬,01_棣栨鎺堜俊,RG3,CL_05,Android,Facebook,02_100%鍙婁互涓?6,6,4400000.0,4400000.0,6,6,4400000.0,4400000.0,5,6,3600000.0,4400000.0
2026-08-03,01_棣栫瑪鏀炬,02_闈為娆℃巿淇?RG4,CL_05,Android,Facebook,02_100%鍙婁互涓?3,3,1400000.0,1400000.0,1,3,600000.0,1400000.0,0,3,0.0,1400000.0
2026-08-26,01_棣栫瑪鏀炬,02_闈為娆℃巿淇?RG5,CL_05,iOS,Facebook,02_100%鍙婁互涓?1,1,400000.0,400000.0,0,0,0.0,0.0,0,0,0.0,0.0
2026-08-16,01_棣栫瑪鏀炬,01_棣栨鎺堜俊,RG3,CL_05,Android,Organic,02_100%鍙婁互涓?4,4,3200000.0,3000000.0,1,4,800000.0,3200000.0,0,0,0.0,0.0
2026-08-13,01_棣栫瑪鏀炬,01_棣栨鎺堜俊,RG5,CL_03,iOS,Organic,02_100%鍙婁互涓?1,1,800000.0,600000.0,1,1,800000.0,800000.0,1,1,800000.0,800000.0
2026-07-24,01_棣栫瑪鏀炬,02_闈為娆℃巿淇?RG3,CL_05,Android,Tiktok,02_100%鍙婁互涓?2,2,1400000.0,1400000.0,2,2,1400000.0,1400000.0,1,2,600000.0,1400000.0
2026-08-01,01_棣栫瑪鏀炬,01_棣栨鎺堜俊,RG2,CL_07,iOS,ASA,02_100%鍙婁互涓?1,1,1500000.0,1500000.0,0,1,0.0,1500000.0,0,1,0.0,1500000.0
2026-07-20,01_棣栫瑪鏀炬,01_棣栨鎺堜俊,RG3,CL_05,Android,Facebook,02_100%鍙婁互涓?14,14,1.08E7,1.06E7,8,14,5700000.0,1.08E7,5,14,3400000.0,1.08E7
2026-08-29,01_棣栫瑪鏀炬,01_棣栨鎺堜俊,RG3,CL_05,iOS,Organic,02_100%鍙婁互涓?1,1,800000.0,800000.0,0,0,0.0,0.0,0,0,0.0,0.0
2026-07-12,01_棣栫瑪鏀炬,01_棣栨鎺堜俊,RG4,CL_03,iOS,Organic,02_100%鍙婁互涓?3,3,2200000.0,2200000.0,1,3,600000.0,2200000.0,0,3,0.0,2200000.0
2026-08-29,01_棣栫瑪鏀炬,02_闈為娆℃巿淇?RG5,CL_05,iOS,ASA,02_100%鍙婁互涓?2,2,700000.0,700000.0,0,0,0.0,0.0,0,0,0.0,0.0
2026-07-23,01_棣栫瑪鏀炬,01_棣栨鎺堜俊,RG4,CL_05,Android,Tiktok,01_100%浠ヤ笅,1,1,300000.0,400000.0,0,1,0.0,300000.0,0,1,0.0,300000.0
2026-08-08,01_棣栫瑪鏀炬,01_棣栨鎺堜俊,RG2,CL_05,Android,Facebook,02_100%鍙婁互涓?5,5,5800000.0,5400000.0,3,5,3200000.0,5800000.0,2,5,2000000.0,5800000.0
2026-08-15,01_棣栫瑪鏀炬,01_棣栨鎺堜俊,RG4,CL_05,Android,Google,02_100%鍙婁互涓?14,14,7000000.0,7000000.0,9,14,4600000.0,7000000.0,0,0,0.0,0.0
2026-09-03,01_棣栫瑪鏀炬,01_棣栨鎺堜俊,RG5,CL_05,iOS,Organic,01_100%浠ヤ笅,1,1,300000.0,400000.0,0,0,0.0,0.0,0,0,0.0,0.0
2026-08-28,01_棣栫瑪鏀炬,01_棣栨鎺堜俊,RG3,CL_05,Android,Google,02_100%鍙婁互涓?4,4,2600000.0,2600000.0,0,0,0.0,0.0,0,0,0.0,0.0
2026-08-05,01_棣栫瑪鏀炬,02_闈為娆℃巿淇?RG5,CL_05,iOS,Organic,02_100%鍙婁互涓?8,8,2900000.0,2900000.0,4,8,1500000.0,2900000.0,2,8,700000.0,2900000.0
2026-08-21,01_棣栫瑪鏀炬,01_棣栨鎺堜俊,RG5,CL_05,iOS,ASA,02_100%鍙婁互涓?1,1,300000.0,300000.0,0,1,0.0,300000.0,0,0,0.0,0.0
2026-09-04,01_棣栫瑪鏀炬,01_棣栨鎺堜俊,RG0,CL_06,iOS,Facebook,02_100%鍙婁互涓?1,1,7800000.0,7800000.0,0,0,0.0,0.0,0,0,0.0,0.0
2026-07-27,01_棣栫瑪鏀炬,02_闈為娆℃巿淇?RG3,CL_05,iOS,Organic,02_100%鍙婁互涓?1,1,1200000.0,1200000.0,0,1,0.0,1200000.0,0,1,0.0,1200000.0
2026-08-18,01_棣栫瑪鏀炬,01_棣栨鎺堜俊,RG2,CL_01,iOS,Facebook,02_100%鍙婁互涓?3,3,6000000.0,6000000.0,2,3,4000000.0,6000000.0,0,0,0.0,0.0
2026-08-08,01_棣栫瑪鏀炬,02_闈為娆℃巿淇?RG5,CL_05,Android,Facebook,02_100%鍙婁互涓?5,5,2000000.0,2000000.0,4,5,1600000.0,2000000.0,4,5,1600000.0,2000000.0
2026-08-14,01_棣栫瑪鏀炬,01_棣栨鎺堜俊,RG2,CL_05,Android,Organic,02_100%鍙婁互涓?1,1,1200000.0,1200000.0,0,1,0.0,1200000.0,0,0,0.0,0.0
2026-08-24,01_棣栫瑪鏀炬,02_闈為娆℃巿淇?RG4,CL_05,Android,Facebook,01_100%浠ヤ笅,1,1,300000.0,400000.0,0,0,0.0,0.0,0,0,0.0,0.0
2026-08-19,01_棣栫瑪鏀炬,01_棣栨鎺堜俊,RG2,CL_05,Android,Google,02_100%鍙婁互涓?2,2,2400000.0,2400000.0,1,2,1200000.0,2400000.0,0,0,0.0,0.0
2026-08-12,01_棣栫瑪鏀炬,01_棣栨鎺堜俊,RG4,CL_05,Android,Google,02_100%鍙婁互涓?11,11,5800000.0,5800000.0,3,10,1800000.0,5200000.0,3,10,1800000.0,5200000.0
2026-08-17,01_棣栫瑪鏀炬,01_棣栨鎺堜俊,RG5,CL_05,Android,Tiktok,02_100%鍙婁互涓?7,7,2500000.0,2500000.0,4,7,1500000.0,2500000.0,0,0,0.0,0.0
2026-07-24,01_棣栫瑪鏀炬,01_棣栨鎺堜俊,RG5,CL_05,Android,Google,02_100%鍙婁互涓?14,14,5100000.0,5100000.0,6,14,2100000.0,5100000.0,5,14,1800000.0,5100000.0
2026-07-29,01_棣栫瑪鏀炬,01_棣栨鎺堜俊,RG3,CL_05,iOS,Facebook,01_100%浠ヤ笅,1,1,800000.0,1200000.0,0,1,0.0,800000.0,0,1,0.0,800000.0
2026-07-21,01_棣栫瑪鏀炬,02_闈為娆℃巿淇?RG2,CL_05,Android,Facebook,02_100%鍙婁互涓?1,1,1000000.0,1000000.0,1,1,1000000.0,1000000.0,1,1,1000000.0,1000000.0
2026-07-28,01_棣栫瑪鏀炬,01_棣栨鎺堜俊,RG3,CL_05,iOS,Facebook,02_100%鍙婁互涓?1,1,1200000.0,1200000.0,1,1,1200000.0,1200000.0,1,1,1200000.0,1200000.0
2026-08-18,01_棣栫瑪鏀炬,01_棣栨鎺堜俊,RG4,CL_05,iOS,Organic,02_100%鍙婁互涓?7,7,5600000.0,5000000.0,4,7,3000000.0,5600000.0,0,0,0.0,0.0
2026-08-07,01_棣栫瑪鏀炬,01_棣栨鎺堜俊,RG2,CL_01,iOS,Organic,02_100%鍙婁互涓?1,1,2800000.0,2000000.0,0,1,0.0,2800000.0,0,1,0.0,2800000.0
2026-08-24,01_棣栫瑪鏀炬,02_闈為娆℃巿淇?RG2,CL_05,Android,Google,01_100%浠ヤ笅,1,1,900000.0,1200000.0,0,0,0.0,0.0,0,0,0.0,0.0
2026-08-31,01_棣栫瑪鏀炬,01_棣栨鎺堜俊,RG1,CL_01,iOS,Facebook,02_100%鍙婁互涓?4,4,1.13E7,1.13E7,0,0,0.0,0.0,0,0,0.0,0.0
2026-07-20,01_棣栫瑪鏀炬,01_棣栨鎺堜俊,RG1,CL_01,iOS,Facebook,02_100%鍙婁互涓?1,1,3500000.0,3000000.0,0,1,0.0,3500000.0,0,1,0.0,3500000.0
2026-08-06,01_棣栫瑪鏀炬,02_闈為娆℃巿淇?RG4,CL_05,Android,Google,02_100%鍙婁互涓?1,1,400000.0,400000.0,0,1,0.0,400000.0,0,1,0.0,400000.0
2026-07-22,01_棣栫瑪鏀炬,02_闈為娆℃巿淇?RG5,CL_05,iOS,Organic,02_100%鍙婁互涓?5,5,2000000.0,1800000.0,3,5,1300000.0,2000000.0,3,5,1300000.0,2000000.0
2026-07-14,01_棣栫瑪鏀炬,01_棣栨鎺堜俊,RG3,CL_04,iOS,Organic,02_100%鍙婁互涓?4,4,4400000.0,3600000.0,1,4,1200000.0,4400000.0,0,4,0.0,4400000.0
2026-08-13,01_棣栫瑪鏀炬,01_棣栨鎺堜俊,RG5,CL_05,Android,Organic,02_100%鍙婁互涓?2,2,600000.0,600000.0,1,2,300000.0,600000.0,0,2,0.0,600000.0
2026-07-16,01_棣栫瑪鏀炬,01_棣栨鎺堜俊,RG5,CL_05,Android,Organic,02_100%鍙婁互涓?6,6,2100000.0,2100000.0,3,6,1000000.0,2100000.0,2,6,700000.0,2100000.0
2026-08-25,01_棣栫瑪鏀炬,01_棣栨鎺堜俊,RG3,CL_05,Android,Tiktok,02_100%鍙婁互涓?10,10,7000000.0,6800000.0,0,0,0.0,0.0,0,0,0.0,0.0
2026-07-26,01_棣栫瑪鏀炬,01_棣栨鎺堜俊,RG3,CL_05,iOS,Organic,02_100%鍙婁互涓?6,6,5800000.0,5600000.0,2,6,1800000.0,5800000.0,2,6,1800000.0,5800000.0
2026-07-23,01_棣栫瑪鏀炬,01_棣栨鎺堜俊,RG3,CL_05,Android,Organic,02_100%鍙婁互涓?3,3,2500000.0,2400000.0,0,3,0.0,2500000.0,0,3,0.0,2500000.0
2026-07-12,01_棣栫瑪鏀炬,01_棣栨鎺堜俊,RG5,CL_05,iOS,ASA,02_100%鍙婁互涓?1,1,300000.0,300000.0,1,1,300000.0,300000.0,1,1,300000.0,300000.0
2026-08-21,01_棣栫瑪鏀炬,02_闈為娆℃巿淇?RG1,CL_01,Android,Organic,02_100%鍙婁互涓?1,1,2000000.0,1500000.0,0,1,0.0,2000000.0,0,0,0.0,0.0
2026-08-08,01_棣栫瑪鏀炬,01_棣栨鎺堜俊,RG6,CL_05,Android,Organic,02_100%鍙婁互涓?1,1,300000.0,300000.0,0,1,0.0,300000.0,0,1,0.0,300000.0
2026-07-11,01_棣栫瑪鏀炬,01_棣栨鎺堜俊,RG5,CL_05,iOS,Organic,02_100%鍙婁互涓?6,6,2200000.0,2000000.0,3,6,1300000.0,2200000.0,1,6,400000.0,2200000.0
2026-07-28,01_棣栫瑪鏀炬,01_棣栨鎺堜俊,RG5,CL_05,iOS,ASA,02_100%鍙婁互涓?3,3,1100000.0,1100000.0,3,3,1100000.0,1100000.0,1,3,400000.0,1100000.0
2026-08-14,01_棣栫瑪鏀炬,02_闈為娆℃巿淇?RG3,CL_05,Android,Tiktok,02_100%鍙婁互涓?4,4,3000000.0,3000000.0,1,4,800000.0,3000000.0,0,0,0.0,0.0
2026-08-16,01_棣栫瑪鏀炬,01_棣栨鎺堜俊,RG2,CL_05,Android,Google,01_100%浠ヤ笅,1,1,1000000.0,1200000.0,1,1,1000000.0,1000000.0,0,0,0.0,0.0
2026-07-22,01_棣栫瑪鏀炬,01_棣栨鎺堜俊,RG5,CL_05,Android,Organic,02_100%鍙婁互涓?8,8,2800000.0,2800000.0,7,8,2500000.0,2800000.0,6,8,2100000.0,2800000.0
2026-08-18,01_棣栫瑪鏀炬,01_棣栨鎺堜俊,RG1,CL_01,Android,Organic,02_100%鍙婁互涓?3,3,4500000.0,4500000.0,0,3,0.0,4500000.0,0,0,0.0,0.0
2026-07-16,01_棣栫瑪鏀炬,02_闈為娆℃巿淇?RG4,CL_05,iOS,Organic,01_100%浠ヤ笅,1,1,400000.0,800000.0,0,1,0.0,400000.0,0,1,0.0,400000.0
2026-08-13,01_棣栫瑪鏀炬,01_棣栨鎺堜俊,RG2,CL_05,iOS,Organic,02_100%鍙婁互涓?1,1,1200000.0,1200000.0,0,1,0.0,1200000.0,0,1,0.0,1200000.0
2026-07-17,01_棣栫瑪鏀炬,01_棣栨鎺堜俊,RG3,CL_05,Android,Organic,02_100%鍙婁互涓?5,5,3200000.0,3200000.0,1,5,800000.0,3200000.0,1,5,800000.0,3200000.0
2026-08-05,01_棣栫瑪鏀炬,01_棣栨鎺堜俊,RG2,CL_05,Android,Google,02_100%鍙婁互涓?4,4,4400000.0,4400000.0,1,4,1200000.0,4400000.0,1,4,1200000.0,4400000.0
2026-08-01,01_棣栫瑪鏀炬,02_闈為娆℃巿淇?RG7,CL_05,Android,Tiktok,02_100%鍙婁互涓?2,2,600000.0,600000.0,0,2,0.0,600000.0,0,2,0.0,600000.0
2026-07-14,01_棣栫瑪鏀炬,01_棣栨鎺堜俊,RG2,CL_05,Android,Facebook,01_100%浠ヤ笅,1,1,400000.0,1000000.0,0,1,0.0,400000.0,0,1,0.0,400000.0
2026-07-12,01_棣栫瑪鏀炬,01_棣栨鎺堜俊,RG1,CL_01,iOS,ASA,02_100%鍙婁互涓?4,4,1.0E7,1.0E7,2,4,5000000.0,1.0E7,2,4,5000000.0,1.0E7
2026-09-03,01_棣栫瑪鏀炬,01_棣栨鎺堜俊,RG2,CL_07,Android,Tiktok,02_100%鍙婁互涓?1,1,1500000.0,1200000.0,0,0,0.0,0.0,0,0,0.0,0.0
2026-07-13,01_棣栫瑪鏀炬,01_棣栨鎺堜俊,RG4,CL_03,Android,Organic,02_100%鍙婁互涓?1,1,400000.0,400000.0,0,1,0.0,400000.0,0,1,0.0,400000.0
2026-09-05,01_棣栫瑪鏀炬,01_棣栨鎺堜俊,RG5,CL_05,Android,Facebook,02_100%鍙婁互涓?1,1,400000.0,400000.0,0,0,0.0,0.0,0,0,0.0,0.0
2026-08-21,01_棣栫瑪鏀炬,02_闈為娆℃巿淇?RG4,CL_05,Android,Google,02_100%鍙婁互涓?4,4,1800000.0,1800000.0,1,4,500000.0,1800000.0,0,0,0.0,0.0
2026-07-31,01_棣栫瑪鏀炬,01_棣栨鎺堜俊,RG5,CL_04,iOS,Organic,02_100%鍙婁互涓?1,1,300000.0,300000.0,0,1,0.0,300000.0,0,1,0.0,300000.0
2026-08-21,01_棣栫瑪鏀炬,01_棣栨鎺堜俊,RG3,CL_05,iOS,Google,02_100%鍙婁互涓?1,1,1600000.0,1200000.0,0,1,0.0,1600000.0,0,0,0.0,0.0
2026-08-02,01_棣栫瑪鏀炬,01_棣栨鎺堜俊,RG6,CL_05,Android,Google,02_100%鍙婁互涓?6,6,1800000.0,1800000.0,1,6,300000.0,1800000.0,1,6,300000.0,1800000.0
2026-08-22,01_棣栫瑪鏀炬,01_棣栨鎺堜俊,RG0,CL_01,iOS,Google,02_100%鍙婁互涓?1,1,4000000.0,4000000.0,0,1,0.0,4000000.0,0,0,0.0,0.0
2026-07-18,01_棣栫瑪鏀炬,02_闈為娆℃巿淇?RG2,CL_05,Android,Facebook,02_100%鍙婁互涓?1,1,1000000.0,1000000.0,0,1,0.0,1000000.0,0,1,0.0,1000000.0
2026-07-14,01_棣栫瑪鏀炬,01_棣栨鎺堜俊,RG2,CL_05,Android,Organic,02_100%鍙婁互涓?2,2,2400000.0,2400000.0,1,2,1200000.0,2400000.0,0,2,0.0,2400000.0
2026-09-06,01_棣栫瑪鏀炬,02_闈為娆℃巿淇?RG3,CL_05,Android,Facebook,02_100%鍙婁互涓?3,3,2100000.0,2000000.0,0,0,0.0,0.0,0,0,0.0,0.0
2026-08-19,01_棣栫瑪鏀炬,01_棣栨鎺堜俊,RG3,CL_05,Android,Facebook,02_100%鍙婁互涓?3,3,2400000.0,2200000.0,2,3,1600000.0,2400000.0,0,0,0.0,0.0
2026-07-12,01_棣栫瑪鏀炬,01_棣栨鎺堜俊,RG3,CL_05,Android,Facebook,01_100%浠ヤ笅,1,1,400000.0,800000.0,1,1,400000.0,400000.0,0,1,0.0,400000.0
2026-08-16,01_棣栫瑪鏀炬,02_闈為娆℃巿淇?RG5,CL_05,Android,Organic,02_100%鍙婁互涓?2,2,800000.0,800000.0,1,2,400000.0,800000.0,0,0,0.0,0.0
2026-07-10,01_棣栫瑪鏀炬,02_闈為娆℃巿淇?RG6,CL_04,Android,Organic,02_100%鍙婁互涓?1,1,300000.0,300000.0,1,1,300000.0,300000.0,1,1,300000.0,300000.0
2026-07-21,01_棣栫瑪鏀炬,01_棣栨鎺堜俊,RG3,CL_04,iOS,Organic,02_100%鍙婁互涓?1,1,1000000.0,800000.0,1,1,1000000.0,1000000.0,1,1,1000000.0,1000000.0
2026-07-19,01_棣栫瑪鏀炬,01_棣栨鎺堜俊,RG4,CL_05,iOS,ASA,02_100%鍙婁互涓?2,2,1600000.0,1400000.0,1,2,800000.0,1600000.0,1,2,800000.0,1600000.0
2026-08-09,01_棣栫瑪鏀炬,01_棣栨鎺堜俊,RG2,CL_03,Android,Organic,02_100%鍙婁互涓?1,1,1200000.0,1200000.0,0,1,0.0,1200000.0,0,1,0.0,1200000.0
2026-08-10,01_棣栫瑪鏀炬,01_棣栨鎺堜俊,RG2,CL_05,Android,Google,01_100%浠ヤ笅,1,1,700000.0,1000000.0,0,1,0.0,700000.0,0,1,0.0,700000.0
2026-07-14,01_棣栫瑪鏀炬,02_闈為娆℃巿淇?RG5,CL_03,Android,Facebook,02_100%鍙婁互涓?1,1,400000.0,400000.0,0,1,0.0,400000.0,0,1,0.0,400000.0
2026-09-02,01_棣栫瑪鏀炬,01_棣栨鎺堜俊,RG5,CL_05,Android,Facebook,02_100%鍙婁互涓?1,1,300000.0,300000.0,0,0,0.0,0.0,0,0,0.0,0.0
2026-08-18,01_棣栫瑪鏀炬,02_闈為娆℃巿淇?RG2,CL_05,Android,Organic,02_100%鍙婁互涓?1,1,1200000.0,1200000.0,0,1,0.0,1200000.0,0,0,0.0,0.0
2026-08-30,01_棣栫瑪鏀炬,02_闈為娆℃巿淇?RG3,CL_05,Android,Tiktok,02_100%鍙婁互涓?1,1,800000.0,800000.0,0,0,0.0,0.0,0,0,0.0,0.0
2026-08-16,01_棣栫瑪鏀炬,01_棣栨鎺堜俊,RG2,CL_07,Android,Organic,02_100%鍙婁互涓?3,3,3600000.0,3600000.0,0,3,0.0,3600000.0,0,0,0.0,0.0
2026-07-31,01_棣栫瑪鏀炬,02_闈為娆℃巿淇?RG7,CL_05,Android,Facebook,02_100%鍙婁互涓?5,5,1500000.0,1500000.0,2,5,600000.0,1500000.0,2,5,600000.0,1500000.0
2026-07-23,01_棣栫瑪鏀炬,01_棣栨鎺堜俊,RG6,CL_05,Android,Google,02_100%鍙婁互涓?10,10,3100000.0,3100000.0,8,10,2400000.0,3100000.0,5,10,1500000.0,3100000.0
2026-08-14,01_棣栫瑪鏀炬,01_棣栨鎺堜俊,RG4,CL_05,Android,Google,01_100%浠ヤ笅,1,1,300000.0,600000.0,0,1,0.0,300000.0,0,0,0.0,0.0
2026-07-31,01_棣栫瑪鏀炬,02_闈為娆℃巿淇?RG5,CL_05,Android,Google,02_100%鍙婁互涓?3,3,1200000.0,1200000.0,2,3,800000.0,1200000.0,2,3,800000.0,1200000.0
2026-08-22,01_棣栫瑪鏀炬,02_闈為娆℃巿淇?RG4,CL_05,iOS,Tiktok,02_100%鍙婁互涓?3,3,2400000.0,2400000.0,3,3,2400000.0,2400000.0,0,0,0.0,0.0
2026-08-05,01_棣栫瑪鏀炬,01_棣栨鎺堜俊,RG4,CL_05,Android,Tiktok,02_100%鍙婁互涓?5,5,2600000.0,2600000.0,2,5,800000.0,2600000.0,2,5,800000.0,2600000.0
2026-07-27,01_棣栫瑪鏀炬,02_闈為娆℃巿淇?RG5,CL_05,Android,Organic,02_100%鍙婁互涓?5,5,1800000.0,1800000.0,2,5,700000.0,1800000.0,2,5,700000.0,1800000.0
2026-07-28,01_棣栫瑪鏀炬,01_棣栨鎺堜俊,RG2,CL_01,Android,Google,02_100%鍙婁互涓?1,1,1500000.0,1500000.0,0,1,0.0,1500000.0,0,1,0.0,1500000.0
2026-08-04,01_棣栫瑪鏀炬,01_棣栨鎺堜俊,RG5,CL_05,Android,Organic,02_100%鍙婁互涓?8,8,2700000.0,2700000.0,3,8,900000.0,2700000.0,3,8,900000.0,2700000.0
2026-08-13,01_棣栫瑪鏀炬,01_棣栨鎺堜俊,RG3,CL_05,Android,Facebook,02_100%鍙婁互涓?8,8,5800000.0,5800000.0,6,8,4400000.0,5800000.0,5,8,3600000.0,5800000.0
2026-07-28,01_棣栫瑪鏀炬,01_棣栨鎺堜俊,RG1,CL_01,Android,Facebook,02_100%鍙婁互涓?1,1,1500000.0,1500000.0,0,1,0.0,1500000.0,0,1,0.0,1500000.0
2026-08-31,01_棣栫瑪鏀炬,01_棣栨鎺堜俊,RG2,CL_01,iOS,Facebook,02_100%鍙婁互涓?1,1,2000000.0,2000000.0,0,0,0.0,0.0,0,0,0.0,0.0
2026-08-05,01_棣栫瑪鏀炬,01_棣栨鎺堜俊,RG2,CL_07,Android,Google,02_100%鍙婁互涓?5,5,6000000.0,6000000.0,1,5,1200000.0,6000000.0,0,5,0.0,6000000.0
2026-07-21,01_棣栫瑪鏀炬,01_棣栨鎺堜俊,RG0,CL_01,iOS,Organic,02_100%鍙婁互涓?1,1,4000000.0,4000000.0,0,1,0.0,4000000.0,0,1,0.0,4000000.0
2026-07-19,01_棣栫瑪鏀炬,01_棣栨鎺堜俊,RG3,CL_05,Android,Facebook,02_100%鍙婁互涓?14,14,9600000.0,9600000.0,8,14,5400000.0,9600000.0,6,14,4200000.0,9600000.0
2026-08-29,01_棣栫瑪鏀炬,02_闈為娆℃巿淇?RG3,CL_05,Android,Tiktok,01_100%浠ヤ笅,1,1,500000.0,800000.0,0,0,0.0,0.0,0,0,0.0,0.0
2026-07-24,01_棣栫瑪鏀炬,02_闈為娆℃巿淇?RG3,CL_05,Android,Facebook,02_100%鍙婁互涓?4,4,2700000.0,2600000.0,2,4,1300000.0,2700000.0,2,4,1300000.0,2700000.0
2026-07-10,01_棣栫瑪鏀炬,01_棣栨鎺堜俊,RG5,CL_03,Android,Tiktok,02_100%鍙婁互涓?2,2,800000.0,800000.0,1,2,400000.0,800000.0,0,2,0.0,800000.0
2026-08-16,01_棣栫瑪鏀炬,02_闈為娆℃巿淇?RG4,CL_05,Android,Google,02_100%鍙婁互涓?3,3,1400000.0,1400000.0,3,3,1400000.0,1400000.0,0,0,0.0,0.0
2026-08-07,01_棣栫瑪鏀炬,01_棣栨鎺堜俊,RG3,CL_05,Android,Google,01_100%浠ヤ笅,3,3,1100000.0,2200000.0,2,3,800000.0,1100000.0,2,3,800000.0,1100000.0
2026-08-19,01_棣栫瑪鏀炬,01_棣栨鎺堜俊,RG3,CL_05,Android,Google,02_100%鍙婁互涓?6,6,4400000.0,4400000.0,5,6,3600000.0,4400000.0,0,0,0.0,0.0
2026-08-06,01_棣栫瑪鏀炬,02_闈為娆℃巿淇?RG7,CL_05,Android,Organic,02_100%鍙婁互涓?1,1,300000.0,300000.0,0,1,0.0,300000.0,0,1,0.0,300000.0
2026-08-09,01_棣栫瑪鏀炬,02_闈為娆℃巿淇?RG5,CL_05,Android,Facebook,02_100%鍙婁互涓?3,3,1000000.0,1000000.0,1,3,400000.0,1000000.0,0,3,0.0,1000000.0
2026-07-18,01_棣栫瑪鏀炬,02_闈為娆℃巿淇?RG5,CL_05,iOS,Google,02_100%鍙婁互涓?1,1,400000.0,400000.0,0,1,0.0,400000.0,0,1,0.0,400000.0
2026-07-26,01_棣栫瑪鏀炬,01_棣栨鎺堜俊,RG4,CL_05,Android,Tiktok,02_100%鍙婁互涓?2,2,800000.0,800000.0,1,2,400000.0,800000.0,1,2,400000.0,800000.0
2026-07-25,01_棣栫瑪鏀炬,01_棣栨鎺堜俊,RG5,CL_03,iOS,Organic,02_100%鍙婁互涓?2,2,1100000.0,700000.0,0,2,0.0,1100000.0,0,2,0.0,1100000.0
2026-08-13,01_棣栫瑪鏀炬,01_棣栨鎺堜俊,RG4,CL_05,Android,Google,02_100%鍙婁互涓?13,13,6800000.0,6800000.0,4,13,2000000.0,6800000.0,3,13,1600000.0,6800000.0
2026-08-03,01_棣栫瑪鏀炬,01_棣栨鎺堜俊,RG5,CL_05,Android,Google,02_100%鍙婁互涓?27,27,9800000.0,9800000.0,15,27,5600000.0,9800000.0,10,27,3700000.0,9800000.0
2026-07-10,01_棣栫瑪鏀炬,01_棣栨鎺堜俊,RG3,CL_04,iOS,Facebook,02_100%鍙婁互涓?3,3,2400000.0,2400000.0,2,3,1600000.0,2400000.0,2,3,1600000.0,2400000.0
2026-08-28,01_棣栫瑪鏀炬,01_棣栨鎺堜俊,RG4,CL_05,iOS,Organic,02_100%鍙婁互涓?2,2,1600000.0,1200000.0,0,0,0.0,0.0,0,0,0.0,0.0
2026-08-20,01_棣栫瑪鏀炬,01_棣栨鎺堜俊,RG5,CL_05,Android,Google,02_100%鍙婁互涓?3,3,1100000.0,1100000.0,1,3,300000.0,1100000.0,0,0,0.0,0.0
2026-08-09,01_棣栫瑪鏀炬,01_棣栨鎺堜俊,RG4,CL_05,Android,Tiktok,02_100%鍙婁互涓?8,8,3800000.0,3800000.0,3,8,1400000.0,3800000.0,3,8,1400000.0,3800000.0
2026-07-15,01_棣栫瑪鏀炬,01_棣栨鎺堜俊,RG2,CL_05,Android,Facebook,02_100%鍙婁互涓?3,3,3600000.0,3200000.0,2,3,2000000.0,3600000.0,2,3,2000000.0,3600000.0
2026-08-16,01_棣栫瑪鏀炬,01_棣栨鎺堜俊,RG5,CL_05,iOS,Organic,02_100%鍙婁互涓?20,20,7600000.0,7300000.0,10,20,3700000.0,7600000.0,0,0,0.0,0.0
2026-07-11,01_棣栫瑪鏀炬,01_棣栨鎺堜俊,RG2,CL_05,Android,Organic,02_100%鍙婁互涓?1,1,1200000.0,1200000.0,1,1,1200000.0,1200000.0,1,1,1200000.0,1200000.0
2026-07-20,01_棣栫瑪鏀炬,01_棣栨鎺堜俊,RG3,CL_05,Android,Tiktok,02_100%鍙婁互涓?4,4,2600000.0,2600000.0,2,4,1200000.0,2600000.0,2,4,1200000.0,2600000.0
2026-08-10,01_棣栫瑪鏀炬,01_棣栨鎺堜俊,RG4,CL_03,iOS,Organic,02_100%鍙婁互涓?1,1,800000.0,600000.0,1,1,800000.0,800000.0,1,1,800000.0,800000.0
2026-07-22,01_棣栫瑪鏀炬,01_棣栨鎺堜俊,RG4,CL_05,Android,Facebook,02_100%鍙婁互涓?7,7,3800000.0,3800000.0,4,7,2200000.0,3800000.0,1,7,600000.0,3800000.0
2026-07-24,01_棣栫瑪鏀炬,02_闈為娆℃巿淇?RG4,CL_05,Android,Organic,01_100%浠ヤ笅,1,1,300000.0,400000.0,0,1,0.0,300000.0,0,1,0.0,300000.0
2026-09-07,01_棣栫瑪鏀炬,01_棣栨鎺堜俊,RG5,CL_05,iOS,Facebook,02_100%鍙婁互涓?1,1,400000.0,400000.0,0,0,0.0,0.0,0,0,0.0,0.0
2026-07-16,01_棣栫瑪鏀炬,01_棣栨鎺堜俊,RG6,CL_03,Android,Facebook,02_100%鍙婁互涓?3,3,900000.0,900000.0,3,3,900000.0,900000.0,3,3,900000.0,900000.0
2026-07-11,01_棣栫瑪鏀炬,01_棣栨鎺堜俊,RG4,CL_05,iOS,Organic,01_100%浠ヤ笅,1,1,400000.0,600000.0,0,1,0.0,400000.0,0,1,0.0,400000.0
2026-08-15,01_棣栫瑪鏀炬,02_闈為娆℃巿淇?RG3,CL_05,Android,Organic,02_100%鍙婁互涓?1,1,800000.0,800000.0,1,1,800000.0,800000.0,0,0,0.0,0.0
2026-07-22,01_棣栫瑪鏀炬,02_闈為娆℃巿淇?RG5,CL_05,Android,Tiktok,02_100%鍙婁互涓?1,1,400000.0,400000.0,0,1,0.0,400000.0,0,1,0.0,400000.0
2026-07-30,01_棣栫瑪鏀炬,02_闈為娆℃巿淇?RG7,CL_05,Android,鍏朵粬,02_100%鍙婁互涓?1,1,300000.0,300000.0,0,1,0.0,300000.0,0,1,0.0,300000.0
2026-08-23,01_棣栫瑪鏀炬,01_棣栨鎺堜俊,RG5,CL_05,iOS,ASA,02_100%鍙婁互涓?1,1,800000.0,400000.0,0,1,0.0,800000.0,0,0,0.0,0.0
2026-07-18,01_棣栫瑪鏀炬,01_棣栨鎺堜俊,RG3,CL_03,Android,Facebook,02_100%鍙婁互涓?2,2,1800000.0,1600000.0,1,2,900000.0,1800000.0,1,2,900000.0,1800000.0
2026-08-07,01_棣栫瑪鏀炬,02_闈為娆℃巿淇?RG5,CL_05,iOS,Facebook,02_100%鍙婁互涓?1,1,300000.0,300000.0,1,1,300000.0,300000.0,1,1,300000.0,300000.0
2026-07-14,01_棣栫瑪鏀炬,01_棣栨鎺堜俊,RG4,CL_03,iOS,Organic,02_100%鍙婁互涓?1,1,600000.0,600000.0,1,1,600000.0,600000.0,0,1,0.0,600000.0
2026-08-18,01_棣栫瑪鏀炬,01_棣栨鎺堜俊,RG2,CL_07,Android,Tiktok,02_100%鍙婁互涓?3,3,4200000.0,3600000.0,1,3,1200000.0,4200000.0,0,0,0.0,0.0
2026-08-13,01_棣栫瑪鏀炬,01_棣栨鎺堜俊,RG4,CL_05,Android,Facebook,02_100%鍙婁互涓?8,8,3600000.0,3600000.0,4,8,1800000.0,3600000.0,4,8,1800000.0,3600000.0
2026-07-28,01_棣栫瑪鏀炬,01_棣栨鎺堜俊,RG3,CL_05,iOS,Tiktok,02_100%鍙婁互涓?1,1,1200000.0,1200000.0,0,1,0.0,1200000.0,0,1,0.0,1200000.0
2026-08-28,01_棣栫瑪鏀炬,01_棣栨鎺堜俊,RG2,CL_07,Android,Google,02_100%鍙婁互涓?2,2,2400000.0,2400000.0,0,0,0.0,0.0,0,0,0.0,0.0
2026-07-28,01_棣栫瑪鏀炬,01_棣栨鎺堜俊,RG6,CL_05,Android,Facebook,02_100%鍙婁互涓?3,3,1000000.0,1000000.0,1,3,400000.0,1000000.0,0,3,0.0,1000000.0
2026-08-22,01_棣栫瑪鏀炬,01_棣栨鎺堜俊,RG5,CL_05,iOS,Facebook,02_100%鍙婁互涓?2,2,900000.0,700000.0,2,2,900000.0,900000.0,0,0,0.0,0.0
2026-09-06,01_棣栫瑪鏀炬,01_棣栨鎺堜俊,RG3,CL_05,Android,Tiktok,01_100%浠ヤ笅,3,3,1400000.0,1800000.0,0,0,0.0,0.0,0,0,0.0,0.0
2026-07-17,01_棣栫瑪鏀炬,02_闈為娆℃巿淇?RG5,CL_04,iOS,Organic,02_100%鍙婁互涓?1,1,800000.0,400000.0,0,1,0.0,800000.0,0,1,0.0,800000.0
2026-08-25,01_棣栫瑪鏀炬,01_棣栨鎺堜俊,RG1,CL_01,iOS,Facebook,02_100%鍙婁互涓?1,1,3000000.0,3000000.0,0,0,0.0,0.0,0,0,0.0,0.0
2026-08-17,01_棣栫瑪鏀炬,01_棣栨鎺堜俊,RG2,CL_07,iOS,Facebook,02_100%鍙婁互涓?1,1,2400000.0,2000000.0,0,1,0.0,2400000.0,0,0,0.0,0.0
2026-08-10,01_棣栫瑪鏀炬,01_棣栨鎺堜俊,RG7,CL_05,Android,Tiktok,02_100%鍙婁互涓?1,1,300000.0,300000.0,1,1,300000.0,300000.0,0,1,0.0,300000.0
2026-08-24,01_棣栫瑪鏀炬,02_闈為娆℃巿淇?RG3,CL_05,Android,绌哄€?02_100%鍙婁互涓?1,1,800000.0,800000.0,0,0,0.0,0.0,0,0,0.0,0.0
2026-07-30,01_棣栫瑪鏀炬,02_闈為娆℃巿淇?RG3,CL_05,Android,Facebook,02_100%鍙婁互涓?3,3,2400000.0,2400000.0,3,3,2400000.0,2400000.0,1,3,800000.0,2400000.0
2026-08-03,01_棣栫瑪鏀炬,01_棣栨鎺堜俊,RG5,CL_05,iOS,ASA,02_100%鍙婁互涓?2,2,700000.0,700000.0,0,2,0.0,700000.0,0,2,0.0,700000.0
2026-07-20,01_棣栫瑪鏀炬,02_闈為娆℃巿淇?RG3,CL_05,Android,Organic,02_100%鍙婁互涓?2,2,1600000.0,1600000.0,2,2,1600000.0,1600000.0,1,2,800000.0,1600000.0
2026-07-28,01_棣栫瑪鏀炬,01_棣栨鎺堜俊,RG5,CL_05,Android,Google,02_100%鍙婁互涓?21,21,7400000.0,7400000.0,16,21,5600000.0,7400000.0,15,21,5200000.0,7400000.0
2026-08-06,01_棣栫瑪鏀炬,01_棣栨鎺堜俊,RG2,CL_07,Android,Google,01_100%浠ヤ笅,1,1,500000.0,1200000.0,0,1,0.0,500000.0,0,1,0.0,500000.0
2026-08-12,01_棣栫瑪鏀炬,01_棣栨鎺堜俊,RG2,CL_05,Android,Google,02_100%鍙婁互涓?4,4,4800000.0,4400000.0,2,4,2600000.0,4800000.0,2,4,2600000.0,4800000.0
2026-07-19,01_棣栫瑪鏀炬,02_闈為娆℃巿淇?RG5,CL_03,iOS,Google,02_100%鍙婁互涓?1,1,800000.0,400000.0,0,1,0.0,800000.0,0,1,0.0,800000.0
2026-08-17,01_棣栫瑪鏀炬,01_棣栨鎺堜俊,RG5,CL_05,iOS,ASA,02_100%鍙婁互涓?3,3,1200000.0,1000000.0,1,3,300000.0,1200000.0,0,0,0.0,0.0
2026-07-18,01_棣栫瑪鏀炬,02_闈為娆℃巿淇?RG7,CL_05,Android,绌哄€?02_100%鍙婁互涓?1,1,300000.0,300000.0,1,1,300000.0,300000.0,1,1,300000.0,300000.0
2026-07-21,01_棣栫瑪鏀炬,02_闈為娆℃巿淇?RG4,CL_05,Android,Facebook,02_100%鍙婁互涓?4,4,1800000.0,1800000.0,3,4,1400000.0,1800000.0,3,4,1400000.0,1800000.0
2026-08-28,01_棣栫瑪鏀炬,02_闈為娆℃巿淇?RG3,CL_05,Android,Organic,02_100%鍙婁互涓?1,1,800000.0,800000.0,0,0,0.0,0.0,0,0,0.0,0.0
2026-08-14,01_棣栫瑪鏀炬,02_闈為娆℃巿淇?RG4,CL_05,Android,Tiktok,02_100%鍙婁互涓?1,1,400000.0,400000.0,0,1,0.0,400000.0,0,0,0.0,0.0
2026-08-12,01_棣栫瑪鏀炬,01_棣栨鎺堜俊,RG2,CL_07,Android,Google,02_100%鍙婁互涓?3,3,3600000.0,3600000.0,2,3,2400000.0,3600000.0,2,3,2400000.0,3600000.0
2026-09-03,01_棣栫瑪鏀炬,01_棣栨鎺堜俊,RG4,CL_05,Android,Facebook,02_100%鍙婁互涓?9,9,4400000.0,4400000.0,0,0,0.0,0.0,0,0,0.0,0.0
2026-07-17,01_棣栫瑪鏀炬,01_棣栨鎺堜俊,RG6,CL_05,Android,Google,02_100%鍙婁互涓?1,1,300000.0,300000.0,1,1,300000.0,300000.0,0,1,0.0,300000.0
2026-07-11,01_棣栫瑪鏀炬,01_棣栨鎺堜俊,RG3,CL_05,iOS,Facebook,02_100%鍙婁互涓?2,2,2000000.0,2000000.0,1,2,1200000.0,2000000.0,1,2,1200000.0,2000000.0
2026-07-10,01_棣栫瑪鏀炬,01_棣栨鎺堜俊,RG4,CL_05,iOS,Organic,02_100%鍙婁互涓?3,3,2000000.0,2000000.0,2,3,1200000.0,2000000.0,1,3,600000.0,2000000.0
2026-08-21,01_棣栫瑪鏀炬,01_棣栨鎺堜俊,RG3,CL_05,iOS,Facebook,02_100%鍙婁互涓?5,5,5600000.0,5200000.0,1,5,1200000.0,5600000.0,0,0,0.0,0.0
2026-08-15,01_棣栫瑪鏀炬,01_棣栨鎺堜俊,RG4,CL_03,iOS,Facebook,02_100%鍙婁互涓?1,1,1000000.0,800000.0,0,1,0.0,1000000.0,0,0,0.0,0.0
2026-08-08,01_棣栫瑪鏀炬,02_闈為娆℃巿淇?RG5,CL_05,iOS,Organic,02_100%鍙婁互涓?11,11,3700000.0,3700000.0,4,11,1500000.0,3700000.0,1,11,400000.0,3700000.0
2026-08-04,01_棣栫瑪鏀炬,01_棣栨鎺堜俊,RG5,CL_05,Android,Google,01_100%浠ヤ笅,2,2,600000.0,800000.0,0,2,0.0,600000.0,0,2,0.0,600000.0
2026-08-21,01_棣栫瑪鏀炬,01_棣栨鎺堜俊,RG3,CL_03,iOS,Organic,02_100%鍙婁互涓?2,2,2400000.0,2000000.0,0,2,0.0,2400000.0,0,0,0.0,0.0
2026-08-07,01_棣栫瑪鏀炬,01_棣栨鎺堜俊,RG4,CL_05,iOS,Tiktok,02_100%鍙婁互涓?3,3,2800000.0,2400000.0,1,3,1200000.0,2800000.0,0,3,0.0,2800000.0
2026-07-19,01_棣栫瑪鏀炬,02_闈為娆℃巿淇?RG5,CL_05,iOS,Organic,02_100%鍙婁互涓?5,5,1900000.0,1900000.0,2,5,800000.0,1900000.0,2,5,800000.0,1900000.0
2026-07-25,01_棣栫瑪鏀炬,02_闈為娆℃巿淇?RG4,CL_05,Android,Organic,02_100%鍙婁互涓?4,4,1800000.0,1800000.0,3,4,1200000.0,1800000.0,3,4,1200000.0,1800000.0
2026-08-19,01_棣栫瑪鏀炬,01_棣栨鎺堜俊,RG4,CL_05,iOS,ASA,02_100%鍙婁互涓?2,2,1600000.0,1600000.0,1,2,800000.0,1600000.0,0,0,0.0,0.0
2026-09-01,01_棣栫瑪鏀炬,01_棣栨鎺堜俊,RG1,CL_01,Android,Tiktok,02_100%鍙婁互涓?5,5,7500000.0,7500000.0,0,0,0.0,0.0,0,0,0.0,0.0
2026-08-22,01_棣栫瑪鏀炬,01_棣栨鎺堜俊,RG3,CL_03,Android,ASA,02_100%鍙婁互涓?1,1,1400000.0,1200000.0,0,1,0.0,1400000.0,0,0,0.0,0.0
2026-08-11,01_棣栫瑪鏀炬,02_闈為娆℃巿淇?RG5,CL_05,Android,鍏朵粬,02_100%鍙婁互涓?1,1,300000.0,300000.0,0,1,0.0,300000.0,0,1,0.0,300000.0
2026-07-28,01_棣栫瑪鏀炬,01_棣栨鎺堜俊,RG4,CL_05,Android,鍏朵粬,02_100%鍙婁互涓?1,1,400000.0,400000.0,0,1,0.0,400000.0,0,1,0.0,400000.0
2026-07-20,01_棣栫瑪鏀炬,02_闈為娆℃巿淇?RG4,CL_05,Android,Facebook,01_100%浠ヤ笅,1,1,500000.0,600000.0,1,1,500000.0,500000.0,1,1,500000.0,500000.0
2026-07-10,01_棣栫瑪鏀炬,01_棣栨鎺堜俊,RG4,CL_03,iOS,Facebook,02_100%鍙婁互涓?1,1,600000.0,600000.0,0,1,0.0,600000.0,0,1,0.0,600000.0
2026-09-05,01_棣栫瑪鏀炬,01_棣栨鎺堜俊,RG5,CL_05,iOS,ASA,02_100%鍙婁互涓?1,1,500000.0,300000.0,0,0,0.0,0.0,0,0,0.0,0.0
2026-09-03,01_棣栫瑪鏀炬,01_棣栨鎺堜俊,RG1,CL_01,iOS,Tiktok,02_100%鍙婁互涓?1,1,3000000.0,2500000.0,0,0,0.0,0.0,0,0,0.0,0.0
2026-08-03,01_棣栫瑪鏀炬,01_棣栨鎺堜俊,RG0,CL_01,iOS,ASA,02_100%鍙婁互涓?1,1,6000000.0,4000000.0,0,1,0.0,6000000.0,0,1,0.0,6000000.0
2026-07-15,01_棣栫瑪鏀炬,01_棣栨鎺堜俊,RG3,CL_05,iOS,Organic,02_100%鍙婁互涓?4,4,3600000.0,3600000.0,1,4,800000.0,3600000.0,1,4,800000.0,3600000.0
2026-08-13,01_棣栫瑪鏀炬,01_棣栨鎺堜俊,RG2,CL_05,Android,Tiktok,02_100%鍙婁互涓?5,5,5600000.0,5600000.0,2,5,2000000.0,5600000.0,2,5,2000000.0,5600000.0
2026-07-11,01_棣栫瑪鏀炬,01_棣栨鎺堜俊,RG2,CL_04,Android,Facebook,02_100%鍙婁互涓?1,1,1200000.0,1200000.0,0,1,0.0,1200000.0,0,1,0.0,1200000.0
2026-09-02,01_棣栫瑪鏀炬,01_棣栨鎺堜俊,RG1,CL_01,Android,Facebook,02_100%鍙婁互涓?7,7,1.1E7,1.05E7,0,0,0.0,0.0,0,0,0.0,0.0
2026-07-30,01_棣栫瑪鏀炬,02_闈為娆℃巿淇?RG4,CL_05,iOS,绌哄€?02_100%鍙婁互涓?1,1,800000.0,800000.0,0,1,0.0,800000.0,0,1,0.0,800000.0
2026-08-15,01_棣栫瑪鏀炬,02_闈為娆℃巿淇?RG4,CL_05,Android,Organic,02_100%鍙婁互涓?1,1,600000.0,600000.0,1,1,600000.0,600000.0,0,0,0.0,0.0
2026-08-16,01_棣栫瑪鏀炬,01_棣栨鎺堜俊,RG4,CL_05,Android,Tiktok,01_100%浠ヤ笅,1,1,300000.0,400000.0,1,1,300000.0,300000.0,0,0,0.0,0.0
2026-07-23,01_棣栫瑪鏀炬,01_棣栨鎺堜俊,RG4,CL_04,Android,Facebook,02_100%鍙婁互涓?1,1,400000.0,400000.0,0,1,0.0,400000.0,0,1,0.0,400000.0
2026-09-03,01_棣栫瑪鏀炬,01_棣栨鎺堜俊,RG2,CL_07,iOS,Organic,02_100%鍙婁互涓?3,3,4900000.0,4500000.0,0,0,0.0,0.0,0,0,0.0,0.0
2026-08-06,01_棣栫瑪鏀炬,01_棣栨鎺堜俊,RG3,CL_05,iOS,Facebook,02_100%鍙婁互涓?2,2,2400000.0,2400000.0,2,2,2400000.0,2400000.0,2,2,2400000.0,2400000.0
2026-07-23,01_棣栫瑪鏀炬,01_棣栨鎺堜俊,RG5,CL_05,iOS,ASA,02_100%鍙婁互涓?1,1,400000.0,400000.0,1,1,400000.0,400000.0,1,1,400000.0,400000.0
2026-08-29,01_棣栫瑪鏀炬,02_闈為娆℃巿淇?RG5,CL_05,iOS,Organic,02_100%鍙婁互涓?5,5,2100000.0,1700000.0,0,0,0.0,0.0,0,0,0.0,0.0
2026-09-07,01_棣栫瑪鏀炬,01_棣栨鎺堜俊,RG3,CL_05,Android,Tiktok,02_100%鍙婁互涓?5,5,3800000.0,3400000.0,0,0,0.0,0.0,0,0,0.0,0.0
2026-08-31,01_棣栫瑪鏀炬,01_棣栨鎺堜俊,RG4,CL_05,iOS,Organic,02_100%鍙婁互涓?1,1,1000000.0,600000.0,0,0,0.0,0.0,0,0,0.0,0.0
2026-08-08,01_棣栫瑪鏀炬,01_棣栨鎺堜俊,RG3,CL_05,Android,Google,02_100%鍙婁互涓?16,16,1.12E7,1.12E7,10,16,7400000.0,1.12E7,8,16,6000000.0,1.12E7
2026-08-16,01_棣栫瑪鏀炬,01_棣栨鎺堜俊,RG1,CL_01,Android,Tiktok,02_100%鍙婁互涓?1,1,1500000.0,1500000.0,0,1,0.0,1500000.0,0,0,0.0,0.0
2026-08-31,01_棣栫瑪鏀炬,01_棣栨鎺堜俊,RG2,CL_05,Android,Facebook,02_100%鍙婁互涓?4,4,5000000.0,4400000.0,0,0,0.0,0.0,0,0,0.0,0.0
2026-07-12,01_棣栫瑪鏀炬,02_闈為娆℃巿淇?RG5,CL_03,iOS,Organic,02_100%鍙婁互涓?3,3,900000.0,900000.0,1,3,300000.0,900000.0,1,3,300000.0,900000.0
2026-08-20,01_棣栫瑪鏀炬,02_闈為娆℃巿淇?RG4,CL_05,iOS,Organic,02_100%鍙婁互涓?1,1,600000.0,600000.0,1,1,600000.0,600000.0,0,0,0.0,0.0
2026-07-20,01_棣栫瑪鏀炬,01_棣栨鎺堜俊,RG5,CL_04,iOS,Organic,02_100%鍙婁互涓?1,1,500000.0,300000.0,1,1,500000.0,500000.0,0,1,0.0,500000.0
2026-08-04,01_棣栫瑪鏀炬,01_棣栨鎺堜俊,RG0,CL_01,iOS,Tiktok,02_100%鍙婁互涓?1,1,4000000.0,4000000.0,1,1,4000000.0,4000000.0,1,1,4000000.0,4000000.0
2026-07-10,01_棣栫瑪鏀炬,01_棣栨鎺堜俊,RG1,CL_01,iOS,Facebook,02_100%鍙婁互涓?1,1,2500000.0,2500000.0,0,1,0.0,2500000.0,0,1,0.0,2500000.0
2026-09-03,01_棣栫瑪鏀炬,01_棣栨鎺堜俊,RG1,CL_01,Android,Organic,02_100%鍙婁互涓?2,2,4000000.0,4000000.0,0,0,0.0,0.0,0,0,0.0,0.0
2026-08-11,01_棣栫瑪鏀炬,01_棣栨鎺堜俊,RG5,CL_05,Android,Tiktok,02_100%鍙婁互涓?5,5,1900000.0,1900000.0,2,5,700000.0,1900000.0,1,5,400000.0,1900000.0
2026-07-15,01_棣栫瑪鏀炬,02_闈為娆℃巿淇?RG5,CL_03,Android,Organic,02_100%鍙婁互涓?1,1,400000.0,400000.0,1,1,400000.0,400000.0,1,1,400000.0,400000.0
2026-08-01,01_棣栫瑪鏀炬,01_棣栨鎺堜俊,RG4,CL_05,iOS,ASA,02_100%鍙婁互涓?1,1,800000.0,800000.0,0,1,0.0,800000.0,0,1,0.0,800000.0
2026-07-12,01_棣栫瑪鏀炬,01_棣栨鎺堜俊,RG4,CL_05,Android,Organic,02_100%鍙婁互涓?1,1,400000.0,400000.0,0,1,0.0,400000.0,0,1,0.0,400000.0
2026-07-24,01_棣栫瑪鏀炬,01_棣栨鎺堜俊,RG0,CL_06,iOS,Organic,02_100%鍙婁互涓?2,2,1.42E7,1.32E7,1,2,6000000.0,1.42E7,1,2,6000000.0,1.42E7
2026-07-16,01_棣栫瑪鏀炬,01_棣栨鎺堜俊,RG4,CL_04,Android,Organic,02_100%鍙婁互涓?2,2,1200000.0,1200000.0,2,2,1200000.0,1200000.0,1,2,600000.0,1200000.0
2026-08-22,01_棣栫瑪鏀炬,02_闈為娆℃巿淇?RG5,CL_03,Android,Organic,02_100%鍙婁互涓?1,1,400000.0,400000.0,1,1,400000.0,400000.0,0,0,0.0,0.0
2026-07-21,01_棣栫瑪鏀炬,02_闈為娆℃巿淇?RG7,CL_05,Android,Organic,02_100%鍙婁互涓?1,1,300000.0,300000.0,1,1,300000.0,300000.0,0,1,0.0,300000.0
2026-08-18,01_棣栫瑪鏀炬,01_棣栨鎺堜俊,RG7,CL_03,Android,Facebook,02_100%鍙婁互涓?1,1,300000.0,300000.0,1,1,300000.0,300000.0,0,0,0.0,0.0
2026-07-27,01_棣栫瑪鏀炬,01_棣栨鎺堜俊,RG0,CL_01,iOS,Organic,02_100%鍙婁互涓?1,1,4000000.0,4000000.0,0,1,0.0,4000000.0,0,1,0.0,4000000.0
2026-07-17,01_棣栫瑪鏀炬,02_闈為娆℃巿淇?RG4,CL_05,iOS,Organic,02_100%鍙婁互涓?1,1,800000.0,800000.0,0,1,0.0,800000.0,0,1,0.0,800000.0
2026-08-18,01_棣栫瑪鏀炬,02_闈為娆℃巿淇?RG5,CL_05,Android,Tiktok,02_100%鍙婁互涓?3,3,1000000.0,1000000.0,2,3,700000.0,1000000.0,0,0,0.0,0.0
2026-08-23,01_棣栫瑪鏀炬,01_棣栨鎺堜俊,RG1,CL_01,Android,Google,02_100%鍙婁互涓?5,5,7500000.0,7500000.0,0,5,0.0,7500000.0,0,0,0.0,0.0
2026-08-23,01_棣栫瑪鏀炬,02_闈為娆℃巿淇?RG5,CL_05,iOS,Facebook,02_100%鍙婁互涓?1,1,700000.0,300000.0,0,1,0.0,700000.0,0,0,0.0,0.0
2026-08-09,01_棣栫瑪鏀炬,01_棣栨鎺堜俊,RG1,CL_01,iOS,Facebook,02_100%鍙婁互涓?2,2,5000000.0,5000000.0,1,2,2500000.0,5000000.0,0,2,0.0,5000000.0
2026-07-26,01_棣栫瑪鏀炬,02_闈為娆℃巿淇?RG4,CL_05,Android,Organic,02_100%鍙婁互涓?2,2,1200000.0,1200000.0,1,2,800000.0,1200000.0,1,2,800000.0,1200000.0
2026-07-30,01_棣栫瑪鏀炬,01_棣栨鎺堜俊,RG2,CL_05,Android,Organic,02_100%鍙婁互涓?2,2,2400000.0,2200000.0,2,2,2400000.0,2400000.0,1,2,1000000.0,2400000.0
2026-07-29,01_棣栫瑪鏀炬,01_棣栨鎺堜俊,RG2,CL_05,iOS,Organic,02_100%鍙婁互涓?2,2,2400000.0,2400000.0,1,2,1200000.0,2400000.0,1,2,1200000.0,2400000.0
2026-07-18,01_棣栫瑪鏀炬,01_棣栨鎺堜俊,RG3,CL_03,Android,Organic,01_100%浠ヤ笅,1,1,400000.0,800000.0,1,1,400000.0,400000.0,1,1,400000.0,400000.0
2026-08-24,01_棣栫瑪鏀炬,01_棣栨鎺堜俊,RG4,CL_05,Android,Google,02_100%鍙婁互涓?21,21,8200000.0,8200000.0,0,0,0.0,0.0,0,0,0.0,0.0
2026-07-15,01_棣栫瑪鏀炬,01_棣栨鎺堜俊,RG4,CL_05,iOS,Organic,02_100%鍙婁互涓?4,4,3400000.0,3200000.0,1,4,800000.0,3400000.0,1,4,800000.0,3400000.0
2026-07-22,01_棣栫瑪鏀炬,01_棣栨鎺堜俊,RG2,CL_05,Android,Tiktok,02_100%鍙婁互涓?1,1,1200000.0,1200000.0,0,1,0.0,1200000.0,0,1,0.0,1200000.0
2026-07-30,01_棣栫瑪鏀炬,02_闈為娆℃巿淇?RG4,CL_05,Android,Facebook,02_100%鍙婁互涓?7,7,3200000.0,3200000.0,4,7,1800000.0,3200000.0,3,7,1400000.0,3200000.0
2026-08-13,01_棣栫瑪鏀炬,02_闈為娆℃巿淇?RG5,CL_05,iOS,Organic,02_100%鍙婁互涓?6,6,2200000.0,2200000.0,2,6,700000.0,2200000.0,1,6,400000.0,2200000.0
2026-08-17,01_棣栫瑪鏀炬,02_闈為娆℃巿淇?RG4,CL_05,iOS,Organic,02_100%鍙婁互涓?2,2,1400000.0,1400000.0,2,2,1400000.0,1400000.0,0,0,0.0,0.0
2026-07-17,01_棣栫瑪鏀炬,01_棣栨鎺堜俊,RG6,CL_03,Android,Organic,02_100%鍙婁互涓?1,1,300000.0,300000.0,0,1,0.0,300000.0,0,1,0.0,300000.0
2026-08-30,01_棣栫瑪鏀炬,02_闈為娆℃巿淇?RG4,CL_05,Android,Tiktok,02_100%鍙婁互涓?2,2,700000.0,700000.0,0,0,0.0,0.0,0,0,0.0,0.0
2026-08-05,01_棣栫瑪鏀炬,01_棣栨鎺堜俊,RG7,CL_03,Android,Tiktok,02_100%鍙婁互涓?1,1,300000.0,300000.0,0,1,0.0,300000.0,0,1,0.0,300000.0
2026-07-14,01_棣栫瑪鏀炬,01_棣栨鎺堜俊,RG2,CL_03,Android,Facebook,02_100%鍙婁互涓?2,2,2000000.0,2000000.0,1,2,1000000.0,2000000.0,1,2,1000000.0,2000000.0
2026-08-09,01_棣栫瑪鏀炬,01_棣栨鎺堜俊,RG2,CL_05,Android,Google,02_100%鍙婁互涓?4,4,4400000.0,4400000.0,2,4,2200000.0,4400000.0,0,4,0.0,4400000.0
2026-07-17,01_棣栫瑪鏀炬,01_棣栨鎺堜俊,RG5,CL_05,Android,Organic,01_100%浠ヤ笅,1,1,300000.0,400000.0,1,1,300000.0,300000.0,1,1,300000.0,300000.0
2026-08-28,01_棣栫瑪鏀炬,01_棣栨鎺堜俊,RG3,CL_05,iOS,Organic,02_100%鍙婁互涓?1,1,800000.0,800000.0,0,0,0.0,0.0,0,0,0.0,0.0
2026-07-13,01_棣栫瑪鏀炬,01_棣栨鎺堜俊,RG5,CL_03,iOS,ASA,02_100%鍙婁互涓?7,7,2600000.0,2600000.0,4,7,1400000.0,2600000.0,2,7,700000.0,2600000.0
2026-07-15,01_棣栫瑪鏀炬,02_闈為娆℃巿淇?RG3,CL_03,Android,Facebook,02_100%鍙婁互涓?1,1,800000.0,800000.0,0,1,0.0,800000.0,0,1,0.0,800000.0
2026-08-05,01_棣栫瑪鏀炬,01_棣栨鎺堜俊,RG2,CL_07,Android,Facebook,02_100%鍙婁互涓?7,7,9900000.0,8400000.0,3,7,4800000.0,9900000.0,1,7,1800000.0,9900000.0
2026-08-15,01_棣栫瑪鏀炬,01_棣栨鎺堜俊,RG2,CL_05,Android,Google,02_100%鍙婁互涓?3,3,3600000.0,3400000.0,1,3,1200000.0,3600000.0,0,0,0.0,0.0
2026-09-06,01_棣栫瑪鏀炬,02_闈為娆℃巿淇?RG4,CL_05,Android,Google,02_100%鍙婁互涓?2,2,700000.0,700000.0,0,0,0.0,0.0,0,0,0.0,0.0
2026-07-11,01_棣栫瑪鏀炬,01_棣栨鎺堜俊,RG5,CL_04,iOS,Facebook,02_100%鍙婁互涓?2,2,700000.0,700000.0,0,2,0.0,700000.0,0,2,0.0,700000.0
2026-07-19,01_棣栫瑪鏀炬,01_棣栨鎺堜俊,RG2,CL_05,iOS,Organic,02_100%鍙婁互涓?3,3,3900000.0,3900000.0,1,3,1500000.0,3900000.0,0,3,0.0,3900000.0
2026-07-16,01_棣栫瑪鏀炬,02_闈為娆℃巿淇?RG2,CL_01,iOS,Organic,02_100%鍙婁互涓?1,1,2000000.0,2000000.0,0,1,0.0,2000000.0,0,1,0.0,2000000.0
2026-08-17,01_棣栫瑪鏀炬,02_闈為娆℃巿淇?RG3,CL_05,Android,Tiktok,02_100%鍙婁互涓?2,2,1400000.0,1400000.0,0,2,0.0,1400000.0,0,0,0.0,0.0
2026-08-29,01_棣栫瑪鏀炬,01_棣栨鎺堜俊,RG3,CL_05,iOS,ASA,02_100%鍙婁互涓?1,1,1000000.0,800000.0,0,0,0.0,0.0,0,0,0.0,0.0
2026-09-02,01_棣栫瑪鏀炬,02_闈為娆℃巿淇?RG3,CL_05,iOS,Organic,02_100%鍙婁互涓?2,2,1600000.0,1600000.0,0,0,0.0,0.0,0,0,0.0,0.0
2026-07-13,01_棣栫瑪鏀炬,01_棣栨鎺堜俊,RG3,CL_05,Android,Facebook,02_100%鍙婁互涓?3,3,2200000.0,2200000.0,1,3,800000.0,2200000.0,1,3,800000.0,2200000.0
2026-08-21,01_棣栫瑪鏀炬,01_棣栨鎺堜俊,RG1,CL_03,Android,Google,02_100%鍙婁互涓?1,1,500000.0,500000.0,0,1,0.0,500000.0,0,0,0.0,0.0
2026-08-05,01_棣栫瑪鏀炬,02_闈為娆℃巿淇?RG4,CL_05,Android,Organic,02_100%鍙婁互涓?4,4,2000000.0,2000000.0,3,4,1600000.0,2000000.0,2,3,1200000.0,1600000.0
2026-08-15,01_棣栫瑪鏀炬,01_棣栨鎺堜俊,RG4,CL_05,Android,Tiktok,02_100%鍙婁互涓?8,8,3800000.0,3800000.0,5,8,2600000.0,3800000.0,0,0,0.0,0.0
2026-08-31,01_棣栫瑪鏀炬,01_棣栨鎺堜俊,RG5,CL_05,iOS,Facebook,02_100%鍙婁互涓?3,3,1400000.0,1000000.0,0,0,0.0,0.0,0,0,0.0,0.0
2026-07-23,01_棣栫瑪鏀炬,01_棣栨鎺堜俊,RG4,CL_05,Android,Facebook,01_100%浠ヤ笅,1,1,300000.0,600000.0,1,1,300000.0,300000.0,1,1,300000.0,300000.0
2026-08-17,01_棣栫瑪鏀炬,01_棣栨鎺堜俊,RG2,CL_07,Android,Tiktok,01_100%浠ヤ笅,1,1,700000.0,1200000.0,1,1,700000.0,700000.0,0,0,0.0,0.0
2026-08-13,01_棣栫瑪鏀炬,01_棣栨鎺堜俊,RG5,CL_03,Android,Facebook,02_100%鍙婁互涓?1,1,400000.0,400000.0,0,1,0.0,400000.0,0,1,0.0,400000.0
2026-07-21,01_棣栫瑪鏀炬,01_棣栨鎺堜俊,RG3,CL_05,iOS,Facebook,02_100%鍙婁互涓?2,2,2000000.0,2000000.0,1,2,800000.0,2000000.0,0,2,0.0,2000000.0
2026-08-09,01_棣栫瑪鏀炬,01_棣栨鎺堜俊,RG2,CL_05,Android,Facebook,02_100%鍙婁互涓?6,6,6800000.0,6800000.0,2,6,2400000.0,6800000.0,2,6,2400000.0,6800000.0
2026-08-02,01_棣栫瑪鏀炬,02_闈為娆℃巿淇?RG2,CL_05,Android,Facebook,02_100%鍙婁互涓?2,2,2400000.0,2400000.0,0,1,0.0,1200000.0,0,1,0.0,1200000.0
2026-08-06,01_棣栫瑪鏀炬,02_闈為娆℃巿淇?RG5,CL_05,Android,Organic,02_100%鍙婁互涓?4,4,1500000.0,1500000.0,1,4,400000.0,1500000.0,1,4,400000.0,1500000.0
2026-08-20,01_棣栫瑪鏀炬,01_棣栨鎺堜俊,RG3,CL_05,Android,Google,01_100%浠ヤ笅,3,3,900000.0,2200000.0,1,3,300000.0,900000.0,0,0,0.0,0.0
2026-07-14,01_棣栫瑪鏀炬,01_棣栨鎺堜俊,RG2,CL_03,iOS,ASA,02_100%鍙婁互涓?1,1,1200000.0,1200000.0,0,1,0.0,1200000.0,0,1,0.0,1200000.0
2026-08-06,01_棣栫瑪鏀炬,01_棣栨鎺堜俊,RG5,CL_05,iOS,Organic,02_100%鍙婁互涓?20,20,7100000.0,6700000.0,14,20,4900000.0,7100000.0,11,20,3800000.0,7100000.0
2026-08-15,01_棣栫瑪鏀炬,02_闈為娆℃巿淇?RG5,CL_05,Android,Facebook,02_100%鍙婁互涓?5,5,1700000.0,1700000.0,4,5,1400000.0,1700000.0,0,0,0.0,0.0
2026-08-11,01_棣栫瑪鏀炬,02_闈為娆℃巿淇?RG2,CL_05,iOS,Organic,02_100%鍙婁互涓?1,1,1200000.0,1200000.0,0,1,0.0,1200000.0,0,1,0.0,1200000.0
2026-07-15,01_棣栫瑪鏀炬,02_闈為娆℃巿淇?RG4,CL_04,Android,Facebook,02_100%鍙婁互涓?2,2,1200000.0,1200000.0,2,2,1200000.0,1200000.0,2,2,1200000.0,1200000.0
2026-07-13,01_棣栫瑪鏀炬,01_棣栨鎺堜俊,RG5,CL_04,Android,Facebook,02_100%鍙婁互涓?8,8,3200000.0,3200000.0,3,8,1200000.0,3200000.0,1,8,400000.0,3200000.0
2026-07-17,01_棣栫瑪鏀炬,02_闈為娆℃巿淇?RG5,CL_05,iOS,Facebook,02_100%鍙婁互涓?1,1,400000.0,400000.0,1,1,400000.0,400000.0,0,1,0.0,400000.0
2026-08-27,01_棣栫瑪鏀炬,01_棣栨鎺堜俊,RG3,CL_05,iOS,Facebook,02_100%鍙婁互涓?1,1,1200000.0,800000.0,0,0,0.0,0.0,0,0,0.0,0.0
2026-07-12,01_棣栫瑪鏀炬,01_棣栨鎺堜俊,RG2,CL_03,iOS,Organic,02_100%鍙婁互涓?1,1,1800000.0,1200000.0,0,1,0.0,1800000.0,0,1,0.0,1800000.0
